ISO-10303-21;
HEADER;
/* Generated by software containing ST-Developer
 * from STEP Tools, Inc. (www.steptools.com) 
 */
/* OPTION: using custom renumber hook */

FILE_DESCRIPTION(
/* description */ ('STEP AP242 Edition 2',
'CAx-IF Rec.Pracs.---Representation and Presentation of Product Manufa
cturing Information (PMI)---4.0---2014-10-13',
'CAx-IF Rec.Pracs.---3D Tessellated Geometry---0.4---2014-09-14','2;1',
'CAx-IF Rec.Pracs.---User Defined Attributes---1.5---2016-08-15'),
/* implementation_level */ '2;1');

FILE_NAME(
/* name */ '695a8872e83e172b070feda5',
/* time_stamp */ '2026-01-04T15:34:11Z',
/* author */ (''),
/* organization */ (''),
/* preprocessor_version */ 'ST-DEVELOPER v20',
/* originating_system */ 'ONSHAPE BY PTC INC, 1.208',
/* authorisation */ '  ');

FILE_SCHEMA (('AP242_MANAGED_MODEL_BASED_3D_ENGINEERING_MIM_LF { 1 0 10303 442 3 1 4 }'));
ENDSEC;

DATA;
#10=SHAPE_REPRESENTATION_RELATIONSHIP('','',#2703,#13);
#11=SHAPE_REPRESENTATION_RELATIONSHIP('','',#2704,#14);
#12=SHAPE_REPRESENTATION_RELATIONSHIP('','',#2705,#15);
#13=ADVANCED_BREP_SHAPE_REPRESENTATION('',(#2697),#4965);
#14=ADVANCED_BREP_SHAPE_REPRESENTATION('',(#2698),#4966);
#15=ADVANCED_BREP_SHAPE_REPRESENTATION('',(#2699),#4967);
#16=PLANE('',#2707);
#17=PLANE('',#2708);
#18=PLANE('',#2709);
#19=PLANE('',#2710);
#20=PLANE('',#2711);
#21=PLANE('',#2712);
#22=PLANE('',#2713);
#23=PLANE('',#2714);
#24=PLANE('',#2715);
#25=PLANE('',#2716);
#26=PLANE('',#2717);
#27=PLANE('',#2718);
#28=PLANE('',#2719);
#29=PLANE('',#2720);
#30=PLANE('',#2721);
#31=PLANE('',#2722);
#32=PLANE('',#2723);
#33=PLANE('',#2724);
#34=PLANE('',#2725);
#35=PLANE('',#2726);
#36=PLANE('',#2727);
#37=PLANE('',#2728);
#38=PLANE('',#2729);
#39=PLANE('',#2730);
#40=PLANE('',#2731);
#41=PLANE('',#2732);
#42=PLANE('',#2733);
#43=PLANE('',#2734);
#44=PLANE('',#2735);
#45=PLANE('',#2736);
#46=PLANE('',#2737);
#47=PLANE('',#2738);
#48=PLANE('',#2739);
#49=PLANE('',#2740);
#50=PLANE('',#2741);
#51=PLANE('',#2742);
#52=PLANE('',#2743);
#53=PLANE('',#2744);
#54=PLANE('',#2745);
#55=PLANE('',#2746);
#56=PLANE('',#2747);
#57=PLANE('',#2748);
#58=PLANE('',#2749);
#59=PLANE('',#2750);
#60=PLANE('',#2751);
#61=PLANE('',#2752);
#62=PLANE('',#2753);
#63=PLANE('',#2754);
#64=PLANE('',#2755);
#65=PLANE('',#2756);
#66=PLANE('',#2757);
#67=PLANE('',#2758);
#68=PLANE('',#2759);
#69=PLANE('',#2760);
#70=PLANE('',#2761);
#71=PLANE('',#2762);
#72=PLANE('',#2763);
#73=PLANE('',#2764);
#74=PLANE('',#2765);
#75=PLANE('',#2766);
#76=PLANE('',#2767);
#77=PLANE('',#2768);
#78=PLANE('',#2769);
#79=PLANE('',#2770);
#80=PLANE('',#2771);
#81=PLANE('',#2772);
#82=PLANE('',#2773);
#83=PLANE('',#2774);
#84=PLANE('',#2775);
#85=PLANE('',#2776);
#86=PLANE('',#2777);
#87=PLANE('',#2778);
#88=PLANE('',#2779);
#89=PLANE('',#2780);
#90=PLANE('',#2781);
#91=PLANE('',#2782);
#92=PLANE('',#2783);
#93=PLANE('',#2784);
#94=PLANE('',#2785);
#95=PLANE('',#2786);
#96=PLANE('',#2787);
#97=PLANE('',#2788);
#98=PLANE('',#2789);
#99=PLANE('',#2790);
#100=PLANE('',#2791);
#101=PLANE('',#2792);
#102=PLANE('',#2793);
#103=PLANE('',#2794);
#104=PLANE('',#2795);
#105=PLANE('',#2796);
#106=PLANE('',#2797);
#107=PLANE('',#2798);
#108=PLANE('',#2799);
#109=PLANE('',#2800);
#110=PLANE('',#2802);
#111=PLANE('',#2803);
#112=PLANE('',#2804);
#113=PLANE('',#2805);
#114=PLANE('',#2806);
#115=PLANE('',#2807);
#116=PLANE('',#2809);
#117=PLANE('',#2810);
#118=PLANE('',#2811);
#119=PLANE('',#2812);
#120=PLANE('',#2813);
#121=PLANE('',#2814);
#122=B_SPLINE_CURVE_WITH_KNOTS('',3,(#3387,#3388,#3389,#3390,#3391,#3392),
 .UNSPECIFIED.,.F.,.F.,(4,1,1,4),(0.,0.361097717684898,0.638902282315103,
1.),.UNSPECIFIED.);
#123=B_SPLINE_CURVE_WITH_KNOTS('',3,(#3396,#3397,#3398,#3399,#3400,#3401),
 .UNSPECIFIED.,.F.,.F.,(4,1,1,4),(0.,0.361097717684898,0.638902282315103,
1.),.UNSPECIFIED.);
#124=B_SPLINE_CURVE_WITH_KNOTS('',3,(#3427,#3428,#3429,#3430,#3431,#3432),
 .UNSPECIFIED.,.F.,.F.,(4,1,1,4),(0.,0.361097717684897,0.638902282315103,
1.),.UNSPECIFIED.);
#125=B_SPLINE_CURVE_WITH_KNOTS('',3,(#3436,#3437,#3438,#3439,#3440,#3441),
 .UNSPECIFIED.,.F.,.F.,(4,1,1,4),(0.,0.361097717684897,0.638902282315103,
1.),.UNSPECIFIED.);
#126=B_SPLINE_CURVE_WITH_KNOTS('',3,(#3463,#3464,#3465,#3466,#3467,#3468),
 .UNSPECIFIED.,.F.,.F.,(4,1,1,4),(0.,0.361097717684898,0.638902282315102,
1.),.UNSPECIFIED.);
#127=B_SPLINE_CURVE_WITH_KNOTS('',3,(#3472,#3473,#3474,#3475,#3476,#3477),
 .UNSPECIFIED.,.F.,.F.,(4,1,1,4),(0.,0.361097717684898,0.638902282315102,
1.),.UNSPECIFIED.);
#128=B_SPLINE_CURVE_WITH_KNOTS('',3,(#3500,#3501,#3502,#3503,#3504,#3505),
 .UNSPECIFIED.,.F.,.F.,(4,1,1,4),(0.,0.361097717684898,0.638902282315102,
1.),.UNSPECIFIED.);
#129=B_SPLINE_CURVE_WITH_KNOTS('',3,(#3510,#3511,#3512,#3513,#3514,#3515),
 .UNSPECIFIED.,.F.,.F.,(4,1,1,4),(0.,0.361097717684898,0.638902282315102,
1.),.UNSPECIFIED.);
#130=B_SPLINE_CURVE_WITH_KNOTS('',3,(#3540,#3541,#3542,#3543,#3544,#3545),
 .UNSPECIFIED.,.F.,.F.,(4,1,1,4),(0.,0.361097717684898,0.638902282315102,
1.),.UNSPECIFIED.);
#131=B_SPLINE_CURVE_WITH_KNOTS('',3,(#3550,#3551,#3552,#3553,#3554,#3555),
 .UNSPECIFIED.,.F.,.F.,(4,1,1,4),(0.,0.361097717684898,0.638902282315102,
1.),.UNSPECIFIED.);
#132=B_SPLINE_CURVE_WITH_KNOTS('',3,(#3583,#3584,#3585,#3586,#3587,#3588),
 .UNSPECIFIED.,.F.,.F.,(4,1,1,4),(0.,0.361097717684898,0.638902282315102,
1.),.UNSPECIFIED.);
#133=B_SPLINE_CURVE_WITH_KNOTS('',3,(#3592,#3593,#3594,#3595,#3596,#3597),
 .UNSPECIFIED.,.F.,.F.,(4,1,1,4),(0.,0.361097717684898,0.638902282315102,
1.),.UNSPECIFIED.);
#134=B_SPLINE_CURVE_WITH_KNOTS('',3,(#3619,#3620,#3621,#3622,#3623,#3624),
 .UNSPECIFIED.,.F.,.F.,(4,1,1,4),(0.,0.361097717684898,0.638902282315102,
1.),.UNSPECIFIED.);
#135=B_SPLINE_CURVE_WITH_KNOTS('',3,(#3628,#3629,#3630,#3631,#3632,#3633),
 .UNSPECIFIED.,.F.,.F.,(4,1,1,4),(0.,0.361097717684898,0.638902282315102,
1.),.UNSPECIFIED.);
#136=B_SPLINE_CURVE_WITH_KNOTS('',3,(#3655,#3656,#3657,#3658,#3659,#3660),
 .UNSPECIFIED.,.F.,.F.,(4,1,1,4),(0.,0.361097717684898,0.638902282315102,
1.),.UNSPECIFIED.);
#137=B_SPLINE_CURVE_WITH_KNOTS('',3,(#3664,#3665,#3666,#3667,#3668,#3669),
 .UNSPECIFIED.,.F.,.F.,(4,1,1,4),(0.,0.361097717684898,0.638902282315102,
1.),.UNSPECIFIED.);
#138=B_SPLINE_CURVE_WITH_KNOTS('',3,(#3691,#3692,#3693,#3694,#3695,#3696),
 .UNSPECIFIED.,.F.,.F.,(4,1,1,4),(0.,0.361097717684898,0.638902282315102,
1.),.UNSPECIFIED.);
#139=B_SPLINE_CURVE_WITH_KNOTS('',3,(#3700,#3701,#3702,#3703,#3704,#3705),
 .UNSPECIFIED.,.F.,.F.,(4,1,1,4),(0.,0.361097717684898,0.638902282315102,
1.),.UNSPECIFIED.);
#140=B_SPLINE_CURVE_WITH_KNOTS('',3,(#3727,#3728,#3729,#3730,#3731,#3732),
 .UNSPECIFIED.,.F.,.F.,(4,1,1,4),(0.,0.361097717684898,0.638902282315102,
1.),.UNSPECIFIED.);
#141=B_SPLINE_CURVE_WITH_KNOTS('',3,(#3736,#3737,#3738,#3739,#3740,#3741),
 .UNSPECIFIED.,.F.,.F.,(4,1,1,4),(0.,0.361097717684898,0.638902282315102,
1.),.UNSPECIFIED.);
#142=B_SPLINE_CURVE_WITH_KNOTS('',3,(#3765,#3766,#3767,#3768,#3769,#3770),
 .UNSPECIFIED.,.F.,.F.,(4,1,1,4),(0.,0.361097717684898,0.638902282315102,
1.),.UNSPECIFIED.);
#143=B_SPLINE_CURVE_WITH_KNOTS('',3,(#3774,#3775,#3776,#3777,#3778,#3779),
 .UNSPECIFIED.,.F.,.F.,(4,1,1,4),(0.,0.361097717684898,0.638902282315102,
1.),.UNSPECIFIED.);
#144=B_SPLINE_CURVE_WITH_KNOTS('',3,(#3805,#3806,#3807,#3808,#3809,#3810),
 .UNSPECIFIED.,.F.,.F.,(4,1,1,4),(0.,0.361097717684898,0.638902282315102,
1.),.UNSPECIFIED.);
#145=B_SPLINE_CURVE_WITH_KNOTS('',3,(#3814,#3815,#3816,#3817,#3818,#3819),
 .UNSPECIFIED.,.F.,.F.,(4,1,1,4),(0.,0.361097717684898,0.638902282315102,
1.),.UNSPECIFIED.);
#146=B_SPLINE_CURVE_WITH_KNOTS('',3,(#3845,#3846,#3847,#3848,#3849,#3850),
 .UNSPECIFIED.,.F.,.F.,(4,1,1,4),(0.,0.361097717684898,0.638902282315103,
1.),.UNSPECIFIED.);
#147=B_SPLINE_CURVE_WITH_KNOTS('',3,(#3854,#3855,#3856,#3857,#3858,#3859),
 .UNSPECIFIED.,.F.,.F.,(4,1,1,4),(0.,0.361097717684898,0.638902282315103,
1.),.UNSPECIFIED.);
#148=B_SPLINE_CURVE_WITH_KNOTS('',3,(#3885,#3886,#3887,#3888,#3889,#3890),
 .UNSPECIFIED.,.F.,.F.,(4,1,1,4),(0.,0.361097717684898,0.638902282315102,
1.),.UNSPECIFIED.);
#149=B_SPLINE_CURVE_WITH_KNOTS('',3,(#3894,#3895,#3896,#3897,#3898,#3899),
 .UNSPECIFIED.,.F.,.F.,(4,1,1,4),(0.,0.361097717684898,0.638902282315102,
1.),.UNSPECIFIED.);
#150=B_SPLINE_CURVE_WITH_KNOTS('',3,(#4340,#4341,#4342,#4343,#4344,#4345),
 .UNSPECIFIED.,.F.,.F.,(4,1,1,4),(0.,0.361097717684898,0.638902282315102,
1.),.UNSPECIFIED.);
#151=B_SPLINE_CURVE_WITH_KNOTS('',3,(#4346,#4347,#4348,#4349,#4350,#4351),
 .UNSPECIFIED.,.F.,.F.,(4,1,1,4),(0.,0.361097717684898,0.638902282315102,
1.),.UNSPECIFIED.);
#152=B_SPLINE_CURVE_WITH_KNOTS('',3,(#4359,#4360,#4361,#4362,#4363,#4364),
 .UNSPECIFIED.,.F.,.F.,(4,1,1,4),(0.,0.361097717684897,0.638902282315103,
1.),.UNSPECIFIED.);
#153=B_SPLINE_CURVE_WITH_KNOTS('',3,(#4367,#4368,#4369,#4370,#4371,#4372),
 .UNSPECIFIED.,.F.,.F.,(4,1,1,4),(0.,0.361097717684898,0.638902282315102,
1.),.UNSPECIFIED.);
#154=B_SPLINE_CURVE_WITH_KNOTS('',3,(#4373,#4374,#4375,#4376,#4377,#4378),
 .UNSPECIFIED.,.F.,.F.,(4,1,1,4),(0.,0.361097717684898,0.638902282315103,
1.),.UNSPECIFIED.);
#155=B_SPLINE_CURVE_WITH_KNOTS('',3,(#4379,#4380,#4381,#4382,#4383,#4384),
 .UNSPECIFIED.,.F.,.F.,(4,1,1,4),(0.,0.361097717684898,0.638902282315102,
1.),.UNSPECIFIED.);
#156=B_SPLINE_CURVE_WITH_KNOTS('',3,(#4385,#4386,#4387,#4388,#4389,#4390),
 .UNSPECIFIED.,.F.,.F.,(4,1,1,4),(0.,0.361097717684898,0.638902282315103,
1.),.UNSPECIFIED.);
#157=B_SPLINE_CURVE_WITH_KNOTS('',3,(#4391,#4392,#4393,#4394,#4395,#4396),
 .UNSPECIFIED.,.F.,.F.,(4,1,1,4),(0.,0.361097717684898,0.638902282315102,
1.),.UNSPECIFIED.);
#158=B_SPLINE_CURVE_WITH_KNOTS('',3,(#4397,#4398,#4399,#4400,#4401,#4402),
 .UNSPECIFIED.,.F.,.F.,(4,1,1,4),(0.,0.361097717684898,0.638902282315102,
1.),.UNSPECIFIED.);
#159=B_SPLINE_CURVE_WITH_KNOTS('',3,(#4403,#4404,#4405,#4406,#4407,#4408),
 .UNSPECIFIED.,.F.,.F.,(4,1,1,4),(0.,0.361097717684898,0.638902282315102,
1.),.UNSPECIFIED.);
#160=B_SPLINE_CURVE_WITH_KNOTS('',3,(#4409,#4410,#4411,#4412,#4413,#4414),
 .UNSPECIFIED.,.F.,.F.,(4,1,1,4),(0.,0.361097717684898,0.638902282315102,
1.),.UNSPECIFIED.);
#161=B_SPLINE_CURVE_WITH_KNOTS('',3,(#4415,#4416,#4417,#4418,#4419,#4420),
 .UNSPECIFIED.,.F.,.F.,(4,1,1,4),(0.,0.361097717684898,0.638902282315102,
1.),.UNSPECIFIED.);
#162=B_SPLINE_CURVE_WITH_KNOTS('',3,(#4421,#4422,#4423,#4424,#4425,#4426),
 .UNSPECIFIED.,.F.,.F.,(4,1,1,4),(0.,0.361097717684898,0.638902282315102,
1.),.UNSPECIFIED.);
#163=B_SPLINE_CURVE_WITH_KNOTS('',3,(#4427,#4428,#4429,#4430,#4431,#4432),
 .UNSPECIFIED.,.F.,.F.,(4,1,1,4),(0.,0.361097717684898,0.638902282315102,
1.),.UNSPECIFIED.);
#164=B_SPLINE_CURVE_WITH_KNOTS('',3,(#4471,#4472,#4473,#4474,#4475,#4476),
 .UNSPECIFIED.,.F.,.F.,(4,1,1,4),(0.,0.361097717684898,0.638902282315103,
1.),.UNSPECIFIED.);
#165=B_SPLINE_CURVE_WITH_KNOTS('',3,(#4499,#4500,#4501,#4502,#4503,#4504),
 .UNSPECIFIED.,.F.,.F.,(4,1,1,4),(0.,0.361097717684897,0.638902282315103,
1.),.UNSPECIFIED.);
#166=B_SPLINE_CURVE_WITH_KNOTS('',3,(#4523,#4524,#4525,#4526,#4527,#4528),
 .UNSPECIFIED.,.F.,.F.,(4,1,1,4),(0.,0.361097717684898,0.638902282315102,
1.),.UNSPECIFIED.);
#167=B_SPLINE_CURVE_WITH_KNOTS('',3,(#4551,#4552,#4553,#4554,#4555,#4556),
 .UNSPECIFIED.,.F.,.F.,(4,1,1,4),(0.,0.361097717684898,0.638902282315102,
1.),.UNSPECIFIED.);
#168=B_SPLINE_CURVE_WITH_KNOTS('',3,(#4579,#4580,#4581,#4582,#4583,#4584),
 .UNSPECIFIED.,.F.,.F.,(4,1,1,4),(0.,0.361097717684898,0.638902282315102,
1.),.UNSPECIFIED.);
#169=B_SPLINE_CURVE_WITH_KNOTS('',3,(#4607,#4608,#4609,#4610,#4611,#4612),
 .UNSPECIFIED.,.F.,.F.,(4,1,1,4),(0.,0.361097717684898,0.638902282315102,
1.),.UNSPECIFIED.);
#170=B_SPLINE_CURVE_WITH_KNOTS('',3,(#4631,#4632,#4633,#4634,#4635,#4636),
 .UNSPECIFIED.,.F.,.F.,(4,1,1,4),(0.,0.361097717684898,0.638902282315102,
1.),.UNSPECIFIED.);
#171=B_SPLINE_CURVE_WITH_KNOTS('',3,(#4655,#4656,#4657,#4658,#4659,#4660),
 .UNSPECIFIED.,.F.,.F.,(4,1,1,4),(0.,0.361097717684898,0.638902282315102,
1.),.UNSPECIFIED.);
#172=B_SPLINE_CURVE_WITH_KNOTS('',3,(#4679,#4680,#4681,#4682,#4683,#4684),
 .UNSPECIFIED.,.F.,.F.,(4,1,1,4),(0.,0.361097717684898,0.638902282315102,
1.),.UNSPECIFIED.);
#173=B_SPLINE_CURVE_WITH_KNOTS('',3,(#4703,#4704,#4705,#4706,#4707,#4708),
 .UNSPECIFIED.,.F.,.F.,(4,1,1,4),(0.,0.361097717684898,0.638902282315102,
1.),.UNSPECIFIED.);
#174=B_SPLINE_CURVE_WITH_KNOTS('',3,(#4729,#4730,#4731,#4732,#4733,#4734),
 .UNSPECIFIED.,.F.,.F.,(4,1,1,4),(0.,0.361097717684898,0.638902282315102,
1.),.UNSPECIFIED.);
#175=B_SPLINE_CURVE_WITH_KNOTS('',3,(#4757,#4758,#4759,#4760,#4761,#4762),
 .UNSPECIFIED.,.F.,.F.,(4,1,1,4),(0.,0.361097717684898,0.638902282315102,
1.),.UNSPECIFIED.);
#176=B_SPLINE_CURVE_WITH_KNOTS('',3,(#4785,#4786,#4787,#4788,#4789,#4790),
 .UNSPECIFIED.,.F.,.F.,(4,1,1,4),(0.,0.361097717684898,0.638902282315103,
1.),.UNSPECIFIED.);
#177=B_SPLINE_CURVE_WITH_KNOTS('',3,(#4813,#4814,#4815,#4816,#4817,#4818),
 .UNSPECIFIED.,.F.,.F.,(4,1,1,4),(0.,0.361097717684898,0.638902282315102,
1.),.UNSPECIFIED.);
#178=ORIENTED_EDGE('',*,*,#946,.T.);
#179=ORIENTED_EDGE('',*,*,#947,.F.);
#180=ORIENTED_EDGE('',*,*,#948,.F.);
#181=ORIENTED_EDGE('',*,*,#949,.F.);
#182=ORIENTED_EDGE('',*,*,#950,.T.);
#183=ORIENTED_EDGE('',*,*,#951,.T.);
#184=ORIENTED_EDGE('',*,*,#952,.F.);
#185=ORIENTED_EDGE('',*,*,#953,.T.);
#186=ORIENTED_EDGE('',*,*,#954,.T.);
#187=ORIENTED_EDGE('',*,*,#955,.F.);
#188=ORIENTED_EDGE('',*,*,#956,.F.);
#189=ORIENTED_EDGE('',*,*,#957,.F.);
#190=ORIENTED_EDGE('',*,*,#958,.F.);
#191=ORIENTED_EDGE('',*,*,#959,.F.);
#192=ORIENTED_EDGE('',*,*,#960,.F.);
#193=ORIENTED_EDGE('',*,*,#961,.T.);
#194=ORIENTED_EDGE('',*,*,#962,.F.);
#195=ORIENTED_EDGE('',*,*,#963,.F.);
#196=ORIENTED_EDGE('',*,*,#964,.F.);
#197=ORIENTED_EDGE('',*,*,#965,.T.);
#198=ORIENTED_EDGE('',*,*,#966,.T.);
#199=ORIENTED_EDGE('',*,*,#967,.T.);
#200=ORIENTED_EDGE('',*,*,#968,.F.);
#201=ORIENTED_EDGE('',*,*,#969,.T.);
#202=ORIENTED_EDGE('',*,*,#970,.T.);
#203=ORIENTED_EDGE('',*,*,#971,.F.);
#204=ORIENTED_EDGE('',*,*,#972,.F.);
#205=ORIENTED_EDGE('',*,*,#973,.F.);
#206=ORIENTED_EDGE('',*,*,#974,.T.);
#207=ORIENTED_EDGE('',*,*,#975,.F.);
#208=ORIENTED_EDGE('',*,*,#976,.F.);
#209=ORIENTED_EDGE('',*,*,#977,.F.);
#210=ORIENTED_EDGE('',*,*,#978,.T.);
#211=ORIENTED_EDGE('',*,*,#979,.F.);
#212=ORIENTED_EDGE('',*,*,#980,.F.);
#213=ORIENTED_EDGE('',*,*,#981,.F.);
#214=ORIENTED_EDGE('',*,*,#982,.T.);
#215=ORIENTED_EDGE('',*,*,#983,.F.);
#216=ORIENTED_EDGE('',*,*,#984,.F.);
#217=ORIENTED_EDGE('',*,*,#985,.F.);
#218=ORIENTED_EDGE('',*,*,#986,.T.);
#219=ORIENTED_EDGE('',*,*,#987,.F.);
#220=ORIENTED_EDGE('',*,*,#988,.F.);
#221=ORIENTED_EDGE('',*,*,#989,.F.);
#222=ORIENTED_EDGE('',*,*,#990,.T.);
#223=ORIENTED_EDGE('',*,*,#991,.F.);
#224=ORIENTED_EDGE('',*,*,#992,.F.);
#225=ORIENTED_EDGE('',*,*,#993,.F.);
#226=ORIENTED_EDGE('',*,*,#994,.T.);
#227=ORIENTED_EDGE('',*,*,#995,.F.);
#228=ORIENTED_EDGE('',*,*,#996,.F.);
#229=ORIENTED_EDGE('',*,*,#997,.F.);
#230=ORIENTED_EDGE('',*,*,#998,.T.);
#231=ORIENTED_EDGE('',*,*,#999,.F.);
#232=ORIENTED_EDGE('',*,*,#1000,.F.);
#233=ORIENTED_EDGE('',*,*,#1001,.F.);
#234=ORIENTED_EDGE('',*,*,#1002,.T.);
#235=ORIENTED_EDGE('',*,*,#1003,.T.);
#236=ORIENTED_EDGE('',*,*,#1004,.T.);
#237=ORIENTED_EDGE('',*,*,#1005,.T.);
#238=ORIENTED_EDGE('',*,*,#1006,.F.);
#239=ORIENTED_EDGE('',*,*,#1007,.F.);
#240=ORIENTED_EDGE('',*,*,#1008,.F.);
#241=ORIENTED_EDGE('',*,*,#1009,.F.);
#242=ORIENTED_EDGE('',*,*,#1010,.F.);
#243=ORIENTED_EDGE('',*,*,#1002,.F.);
#244=ORIENTED_EDGE('',*,*,#1011,.F.);
#245=ORIENTED_EDGE('',*,*,#1007,.T.);
#246=ORIENTED_EDGE('',*,*,#1012,.F.);
#247=ORIENTED_EDGE('',*,*,#1009,.T.);
#248=ORIENTED_EDGE('',*,*,#1013,.F.);
#249=ORIENTED_EDGE('',*,*,#1014,.T.);
#250=ORIENTED_EDGE('',*,*,#1015,.F.);
#251=ORIENTED_EDGE('',*,*,#1016,.F.);
#252=ORIENTED_EDGE('',*,*,#1017,.T.);
#253=ORIENTED_EDGE('',*,*,#1018,.F.);
#254=ORIENTED_EDGE('',*,*,#1019,.F.);
#255=ORIENTED_EDGE('',*,*,#1020,.T.);
#256=ORIENTED_EDGE('',*,*,#1021,.T.);
#257=ORIENTED_EDGE('',*,*,#1022,.F.);
#258=ORIENTED_EDGE('',*,*,#1023,.F.);
#259=ORIENTED_EDGE('',*,*,#1024,.T.);
#260=ORIENTED_EDGE('',*,*,#1025,.T.);
#261=ORIENTED_EDGE('',*,*,#1026,.F.);
#262=ORIENTED_EDGE('',*,*,#1027,.F.);
#263=ORIENTED_EDGE('',*,*,#1028,.T.);
#264=ORIENTED_EDGE('',*,*,#1029,.T.);
#265=ORIENTED_EDGE('',*,*,#1030,.F.);
#266=ORIENTED_EDGE('',*,*,#1031,.F.);
#267=ORIENTED_EDGE('',*,*,#1032,.T.);
#268=ORIENTED_EDGE('',*,*,#1033,.T.);
#269=ORIENTED_EDGE('',*,*,#1034,.F.);
#270=ORIENTED_EDGE('',*,*,#1035,.F.);
#271=ORIENTED_EDGE('',*,*,#1036,.T.);
#272=ORIENTED_EDGE('',*,*,#1037,.T.);
#273=ORIENTED_EDGE('',*,*,#1038,.F.);
#274=ORIENTED_EDGE('',*,*,#1039,.F.);
#275=ORIENTED_EDGE('',*,*,#1040,.T.);
#276=ORIENTED_EDGE('',*,*,#1041,.T.);
#277=ORIENTED_EDGE('',*,*,#1042,.F.);
#278=ORIENTED_EDGE('',*,*,#1043,.F.);
#279=ORIENTED_EDGE('',*,*,#1044,.T.);
#280=ORIENTED_EDGE('',*,*,#1045,.T.);
#281=ORIENTED_EDGE('',*,*,#1046,.F.);
#282=ORIENTED_EDGE('',*,*,#1047,.F.);
#283=ORIENTED_EDGE('',*,*,#1048,.T.);
#284=ORIENTED_EDGE('',*,*,#1049,.T.);
#285=ORIENTED_EDGE('',*,*,#1050,.F.);
#286=ORIENTED_EDGE('',*,*,#1051,.F.);
#287=ORIENTED_EDGE('',*,*,#1052,.T.);
#288=ORIENTED_EDGE('',*,*,#1053,.T.);
#289=ORIENTED_EDGE('',*,*,#1054,.F.);
#290=ORIENTED_EDGE('',*,*,#1055,.F.);
#291=ORIENTED_EDGE('',*,*,#1056,.T.);
#292=ORIENTED_EDGE('',*,*,#1057,.T.);
#293=ORIENTED_EDGE('',*,*,#1058,.F.);
#294=ORIENTED_EDGE('',*,*,#1059,.F.);
#295=ORIENTED_EDGE('',*,*,#1060,.T.);
#296=ORIENTED_EDGE('',*,*,#1061,.T.);
#297=ORIENTED_EDGE('',*,*,#1062,.F.);
#298=ORIENTED_EDGE('',*,*,#1063,.F.);
#299=ORIENTED_EDGE('',*,*,#1064,.T.);
#300=ORIENTED_EDGE('',*,*,#1065,.T.);
#301=ORIENTED_EDGE('',*,*,#1066,.F.);
#302=ORIENTED_EDGE('',*,*,#1067,.F.);
#303=ORIENTED_EDGE('',*,*,#1068,.T.);
#304=ORIENTED_EDGE('',*,*,#1069,.T.);
#305=ORIENTED_EDGE('',*,*,#1070,.F.);
#306=ORIENTED_EDGE('',*,*,#1071,.F.);
#307=ORIENTED_EDGE('',*,*,#1072,.T.);
#308=ORIENTED_EDGE('',*,*,#1073,.T.);
#309=ORIENTED_EDGE('',*,*,#1074,.T.);
#310=ORIENTED_EDGE('',*,*,#1075,.F.);
#311=ORIENTED_EDGE('',*,*,#1076,.F.);
#312=ORIENTED_EDGE('',*,*,#1077,.F.);
#313=ORIENTED_EDGE('',*,*,#1004,.F.);
#314=ORIENTED_EDGE('',*,*,#1078,.F.);
#315=ORIENTED_EDGE('',*,*,#1079,.T.);
#316=ORIENTED_EDGE('',*,*,#1080,.F.);
#317=ORIENTED_EDGE('',*,*,#1081,.F.);
#318=ORIENTED_EDGE('',*,*,#1082,.F.);
#319=ORIENTED_EDGE('',*,*,#1083,.T.);
#320=ORIENTED_EDGE('',*,*,#1084,.F.);
#321=ORIENTED_EDGE('',*,*,#1085,.F.);
#322=ORIENTED_EDGE('',*,*,#1086,.F.);
#323=ORIENTED_EDGE('',*,*,#1087,.T.);
#324=ORIENTED_EDGE('',*,*,#1088,.F.);
#325=ORIENTED_EDGE('',*,*,#1089,.F.);
#326=ORIENTED_EDGE('',*,*,#1090,.F.);
#327=ORIENTED_EDGE('',*,*,#1091,.T.);
#328=ORIENTED_EDGE('',*,*,#1092,.F.);
#329=ORIENTED_EDGE('',*,*,#1093,.F.);
#330=ORIENTED_EDGE('',*,*,#1094,.F.);
#331=ORIENTED_EDGE('',*,*,#1095,.T.);
#332=ORIENTED_EDGE('',*,*,#1096,.F.);
#333=ORIENTED_EDGE('',*,*,#1097,.F.);
#334=ORIENTED_EDGE('',*,*,#1098,.F.);
#335=ORIENTED_EDGE('',*,*,#1099,.T.);
#336=ORIENTED_EDGE('',*,*,#1100,.F.);
#337=ORIENTED_EDGE('',*,*,#1101,.F.);
#338=ORIENTED_EDGE('',*,*,#1102,.F.);
#339=ORIENTED_EDGE('',*,*,#1103,.T.);
#340=ORIENTED_EDGE('',*,*,#1104,.F.);
#341=ORIENTED_EDGE('',*,*,#1105,.F.);
#342=ORIENTED_EDGE('',*,*,#1106,.F.);
#343=ORIENTED_EDGE('',*,*,#1107,.T.);
#344=ORIENTED_EDGE('',*,*,#1108,.F.);
#345=ORIENTED_EDGE('',*,*,#1109,.F.);
#346=ORIENTED_EDGE('',*,*,#1110,.F.);
#347=ORIENTED_EDGE('',*,*,#1111,.T.);
#348=ORIENTED_EDGE('',*,*,#1112,.F.);
#349=ORIENTED_EDGE('',*,*,#1113,.F.);
#350=ORIENTED_EDGE('',*,*,#1114,.F.);
#351=ORIENTED_EDGE('',*,*,#1115,.T.);
#352=ORIENTED_EDGE('',*,*,#1116,.F.);
#353=ORIENTED_EDGE('',*,*,#1117,.F.);
#354=ORIENTED_EDGE('',*,*,#1118,.F.);
#355=ORIENTED_EDGE('',*,*,#1119,.T.);
#356=ORIENTED_EDGE('',*,*,#1120,.F.);
#357=ORIENTED_EDGE('',*,*,#1121,.F.);
#358=ORIENTED_EDGE('',*,*,#1122,.F.);
#359=ORIENTED_EDGE('',*,*,#1123,.T.);
#360=ORIENTED_EDGE('',*,*,#1124,.F.);
#361=ORIENTED_EDGE('',*,*,#1125,.F.);
#362=ORIENTED_EDGE('',*,*,#1126,.F.);
#363=ORIENTED_EDGE('',*,*,#1127,.T.);
#364=ORIENTED_EDGE('',*,*,#1128,.F.);
#365=ORIENTED_EDGE('',*,*,#1129,.F.);
#366=ORIENTED_EDGE('',*,*,#1130,.F.);
#367=ORIENTED_EDGE('',*,*,#1131,.F.);
#368=ORIENTED_EDGE('',*,*,#1132,.T.);
#369=ORIENTED_EDGE('',*,*,#1081,.T.);
#370=ORIENTED_EDGE('',*,*,#1133,.T.);
#371=ORIENTED_EDGE('',*,*,#1134,.T.);
#372=ORIENTED_EDGE('',*,*,#1083,.F.);
#373=ORIENTED_EDGE('',*,*,#1135,.F.);
#374=ORIENTED_EDGE('',*,*,#1136,.F.);
#375=ORIENTED_EDGE('',*,*,#1137,.F.);
#376=ORIENTED_EDGE('',*,*,#1138,.T.);
#377=ORIENTED_EDGE('',*,*,#1085,.T.);
#378=ORIENTED_EDGE('',*,*,#1139,.T.);
#379=ORIENTED_EDGE('',*,*,#1140,.T.);
#380=ORIENTED_EDGE('',*,*,#1087,.F.);
#381=ORIENTED_EDGE('',*,*,#1141,.F.);
#382=ORIENTED_EDGE('',*,*,#1142,.F.);
#383=ORIENTED_EDGE('',*,*,#1143,.F.);
#384=ORIENTED_EDGE('',*,*,#1144,.T.);
#385=ORIENTED_EDGE('',*,*,#1089,.T.);
#386=ORIENTED_EDGE('',*,*,#1145,.T.);
#387=ORIENTED_EDGE('',*,*,#1146,.T.);
#388=ORIENTED_EDGE('',*,*,#1091,.F.);
#389=ORIENTED_EDGE('',*,*,#1147,.F.);
#390=ORIENTED_EDGE('',*,*,#1148,.F.);
#391=ORIENTED_EDGE('',*,*,#1149,.F.);
#392=ORIENTED_EDGE('',*,*,#1150,.T.);
#393=ORIENTED_EDGE('',*,*,#1093,.T.);
#394=ORIENTED_EDGE('',*,*,#1151,.T.);
#395=ORIENTED_EDGE('',*,*,#1152,.T.);
#396=ORIENTED_EDGE('',*,*,#1095,.F.);
#397=ORIENTED_EDGE('',*,*,#1153,.F.);
#398=ORIENTED_EDGE('',*,*,#1154,.F.);
#399=ORIENTED_EDGE('',*,*,#1155,.F.);
#400=ORIENTED_EDGE('',*,*,#1156,.T.);
#401=ORIENTED_EDGE('',*,*,#1097,.T.);
#402=ORIENTED_EDGE('',*,*,#1157,.T.);
#403=ORIENTED_EDGE('',*,*,#1158,.T.);
#404=ORIENTED_EDGE('',*,*,#1099,.F.);
#405=ORIENTED_EDGE('',*,*,#1159,.F.);
#406=ORIENTED_EDGE('',*,*,#1160,.F.);
#407=ORIENTED_EDGE('',*,*,#1161,.F.);
#408=ORIENTED_EDGE('',*,*,#1162,.T.);
#409=ORIENTED_EDGE('',*,*,#1101,.T.);
#410=ORIENTED_EDGE('',*,*,#1163,.T.);
#411=ORIENTED_EDGE('',*,*,#1164,.T.);
#412=ORIENTED_EDGE('',*,*,#1103,.F.);
#413=ORIENTED_EDGE('',*,*,#1165,.F.);
#414=ORIENTED_EDGE('',*,*,#1166,.F.);
#415=ORIENTED_EDGE('',*,*,#1167,.F.);
#416=ORIENTED_EDGE('',*,*,#1168,.T.);
#417=ORIENTED_EDGE('',*,*,#1105,.T.);
#418=ORIENTED_EDGE('',*,*,#1169,.T.);
#419=ORIENTED_EDGE('',*,*,#1170,.T.);
#420=ORIENTED_EDGE('',*,*,#1107,.F.);
#421=ORIENTED_EDGE('',*,*,#1171,.F.);
#422=ORIENTED_EDGE('',*,*,#1172,.F.);
#423=ORIENTED_EDGE('',*,*,#1173,.F.);
#424=ORIENTED_EDGE('',*,*,#1174,.T.);
#425=ORIENTED_EDGE('',*,*,#1109,.T.);
#426=ORIENTED_EDGE('',*,*,#1175,.T.);
#427=ORIENTED_EDGE('',*,*,#1176,.T.);
#428=ORIENTED_EDGE('',*,*,#1111,.F.);
#429=ORIENTED_EDGE('',*,*,#1177,.F.);
#430=ORIENTED_EDGE('',*,*,#1178,.F.);
#431=ORIENTED_EDGE('',*,*,#1179,.F.);
#432=ORIENTED_EDGE('',*,*,#1180,.T.);
#433=ORIENTED_EDGE('',*,*,#1113,.T.);
#434=ORIENTED_EDGE('',*,*,#1181,.T.);
#435=ORIENTED_EDGE('',*,*,#1182,.T.);
#436=ORIENTED_EDGE('',*,*,#1115,.F.);
#437=ORIENTED_EDGE('',*,*,#1183,.F.);
#438=ORIENTED_EDGE('',*,*,#1184,.F.);
#439=ORIENTED_EDGE('',*,*,#1185,.F.);
#440=ORIENTED_EDGE('',*,*,#1186,.T.);
#441=ORIENTED_EDGE('',*,*,#1117,.T.);
#442=ORIENTED_EDGE('',*,*,#1187,.T.);
#443=ORIENTED_EDGE('',*,*,#1188,.T.);
#444=ORIENTED_EDGE('',*,*,#1119,.F.);
#445=ORIENTED_EDGE('',*,*,#1189,.F.);
#446=ORIENTED_EDGE('',*,*,#1190,.F.);
#447=ORIENTED_EDGE('',*,*,#1191,.F.);
#448=ORIENTED_EDGE('',*,*,#1192,.T.);
#449=ORIENTED_EDGE('',*,*,#1121,.T.);
#450=ORIENTED_EDGE('',*,*,#1193,.T.);
#451=ORIENTED_EDGE('',*,*,#1194,.T.);
#452=ORIENTED_EDGE('',*,*,#1123,.F.);
#453=ORIENTED_EDGE('',*,*,#1195,.F.);
#454=ORIENTED_EDGE('',*,*,#1196,.F.);
#455=ORIENTED_EDGE('',*,*,#1197,.F.);
#456=ORIENTED_EDGE('',*,*,#1198,.T.);
#457=ORIENTED_EDGE('',*,*,#1125,.T.);
#458=ORIENTED_EDGE('',*,*,#1199,.T.);
#459=ORIENTED_EDGE('',*,*,#1200,.T.);
#460=ORIENTED_EDGE('',*,*,#1127,.F.);
#461=ORIENTED_EDGE('',*,*,#1201,.F.);
#462=ORIENTED_EDGE('',*,*,#1202,.F.);
#463=ORIENTED_EDGE('',*,*,#1203,.F.);
#464=ORIENTED_EDGE('',*,*,#1204,.T.);
#465=ORIENTED_EDGE('',*,*,#1076,.T.);
#466=ORIENTED_EDGE('',*,*,#1205,.T.);
#467=ORIENTED_EDGE('',*,*,#1206,.T.);
#468=ORIENTED_EDGE('',*,*,#1079,.F.);
#469=ORIENTED_EDGE('',*,*,#1207,.F.);
#470=ORIENTED_EDGE('',*,*,#1134,.F.);
#471=ORIENTED_EDGE('',*,*,#1208,.F.);
#472=ORIENTED_EDGE('',*,*,#1130,.T.);
#473=ORIENTED_EDGE('',*,*,#1080,.T.);
#474=ORIENTED_EDGE('',*,*,#1206,.F.);
#475=ORIENTED_EDGE('',*,*,#1209,.F.);
#476=ORIENTED_EDGE('',*,*,#1202,.T.);
#477=ORIENTED_EDGE('',*,*,#1075,.T.);
#478=ORIENTED_EDGE('',*,*,#1210,.F.);
#479=ORIENTED_EDGE('',*,*,#1211,.F.);
#480=ORIENTED_EDGE('',*,*,#1212,.F.);
#481=ORIENTED_EDGE('',*,*,#1015,.T.);
#482=ORIENTED_EDGE('',*,*,#1213,.F.);
#483=ORIENTED_EDGE('',*,*,#1214,.T.);
#484=ORIENTED_EDGE('',*,*,#1215,.T.);
#485=ORIENTED_EDGE('',*,*,#1128,.T.);
#486=ORIENTED_EDGE('',*,*,#1200,.F.);
#487=ORIENTED_EDGE('',*,*,#1216,.T.);
#488=ORIENTED_EDGE('',*,*,#1196,.T.);
#489=ORIENTED_EDGE('',*,*,#1124,.T.);
#490=ORIENTED_EDGE('',*,*,#1194,.F.);
#491=ORIENTED_EDGE('',*,*,#1217,.F.);
#492=ORIENTED_EDGE('',*,*,#1190,.T.);
#493=ORIENTED_EDGE('',*,*,#1120,.T.);
#494=ORIENTED_EDGE('',*,*,#1188,.F.);
#495=ORIENTED_EDGE('',*,*,#1218,.F.);
#496=ORIENTED_EDGE('',*,*,#1184,.T.);
#497=ORIENTED_EDGE('',*,*,#1116,.T.);
#498=ORIENTED_EDGE('',*,*,#1182,.F.);
#499=ORIENTED_EDGE('',*,*,#1219,.F.);
#500=ORIENTED_EDGE('',*,*,#1178,.T.);
#501=ORIENTED_EDGE('',*,*,#1112,.T.);
#502=ORIENTED_EDGE('',*,*,#1176,.F.);
#503=ORIENTED_EDGE('',*,*,#1220,.F.);
#504=ORIENTED_EDGE('',*,*,#1172,.T.);
#505=ORIENTED_EDGE('',*,*,#1108,.T.);
#506=ORIENTED_EDGE('',*,*,#1170,.F.);
#507=ORIENTED_EDGE('',*,*,#1221,.F.);
#508=ORIENTED_EDGE('',*,*,#1166,.T.);
#509=ORIENTED_EDGE('',*,*,#1104,.T.);
#510=ORIENTED_EDGE('',*,*,#1164,.F.);
#511=ORIENTED_EDGE('',*,*,#1222,.F.);
#512=ORIENTED_EDGE('',*,*,#1160,.T.);
#513=ORIENTED_EDGE('',*,*,#1100,.T.);
#514=ORIENTED_EDGE('',*,*,#1158,.F.);
#515=ORIENTED_EDGE('',*,*,#1223,.F.);
#516=ORIENTED_EDGE('',*,*,#1154,.T.);
#517=ORIENTED_EDGE('',*,*,#1096,.T.);
#518=ORIENTED_EDGE('',*,*,#1152,.F.);
#519=ORIENTED_EDGE('',*,*,#1224,.F.);
#520=ORIENTED_EDGE('',*,*,#1148,.T.);
#521=ORIENTED_EDGE('',*,*,#1092,.T.);
#522=ORIENTED_EDGE('',*,*,#1146,.F.);
#523=ORIENTED_EDGE('',*,*,#1225,.F.);
#524=ORIENTED_EDGE('',*,*,#1142,.T.);
#525=ORIENTED_EDGE('',*,*,#1088,.T.);
#526=ORIENTED_EDGE('',*,*,#1140,.F.);
#527=ORIENTED_EDGE('',*,*,#1226,.F.);
#528=ORIENTED_EDGE('',*,*,#1136,.T.);
#529=ORIENTED_EDGE('',*,*,#1084,.T.);
#530=ORIENTED_EDGE('',*,*,#1227,.F.);
#531=ORIENTED_EDGE('',*,*,#1228,.T.);
#532=ORIENTED_EDGE('',*,*,#1129,.T.);
#533=ORIENTED_EDGE('',*,*,#1215,.F.);
#534=ORIENTED_EDGE('',*,*,#1229,.F.);
#535=ORIENTED_EDGE('',*,*,#1230,.T.);
#536=ORIENTED_EDGE('',*,*,#1213,.T.);
#537=ORIENTED_EDGE('',*,*,#1014,.F.);
#538=ORIENTED_EDGE('',*,*,#1016,.T.);
#539=ORIENTED_EDGE('',*,*,#1212,.T.);
#540=ORIENTED_EDGE('',*,*,#1231,.T.);
#541=ORIENTED_EDGE('',*,*,#1232,.F.);
#542=ORIENTED_EDGE('',*,*,#1210,.T.);
#543=ORIENTED_EDGE('',*,*,#1074,.F.);
#544=ORIENTED_EDGE('',*,*,#1233,.F.);
#545=ORIENTED_EDGE('',*,*,#1234,.F.);
#546=ORIENTED_EDGE('',*,*,#1217,.T.);
#547=ORIENTED_EDGE('',*,*,#1193,.F.);
#548=ORIENTED_EDGE('',*,*,#1235,.T.);
#549=ORIENTED_EDGE('',*,*,#1191,.T.);
#550=ORIENTED_EDGE('',*,*,#1214,.F.);
#551=ORIENTED_EDGE('',*,*,#1230,.F.);
#552=ORIENTED_EDGE('',*,*,#1236,.F.);
#553=ORIENTED_EDGE('',*,*,#1227,.T.);
#554=ORIENTED_EDGE('',*,*,#1226,.T.);
#555=ORIENTED_EDGE('',*,*,#1139,.F.);
#556=ORIENTED_EDGE('',*,*,#1237,.T.);
#557=ORIENTED_EDGE('',*,*,#1137,.T.);
#558=ORIENTED_EDGE('',*,*,#1208,.T.);
#559=ORIENTED_EDGE('',*,*,#1133,.F.);
#560=ORIENTED_EDGE('',*,*,#1238,.T.);
#561=ORIENTED_EDGE('',*,*,#1131,.T.);
#562=ORIENTED_EDGE('',*,*,#1209,.T.);
#563=ORIENTED_EDGE('',*,*,#1205,.F.);
#564=ORIENTED_EDGE('',*,*,#1239,.T.);
#565=ORIENTED_EDGE('',*,*,#1203,.T.);
#566=ORIENTED_EDGE('',*,*,#1216,.F.);
#567=ORIENTED_EDGE('',*,*,#1199,.F.);
#568=ORIENTED_EDGE('',*,*,#1240,.F.);
#569=ORIENTED_EDGE('',*,*,#1197,.T.);
#570=ORIENTED_EDGE('',*,*,#1225,.T.);
#571=ORIENTED_EDGE('',*,*,#1145,.F.);
#572=ORIENTED_EDGE('',*,*,#1241,.T.);
#573=ORIENTED_EDGE('',*,*,#1143,.T.);
#574=ORIENTED_EDGE('',*,*,#1224,.T.);
#575=ORIENTED_EDGE('',*,*,#1151,.F.);
#576=ORIENTED_EDGE('',*,*,#1242,.T.);
#577=ORIENTED_EDGE('',*,*,#1149,.T.);
#578=ORIENTED_EDGE('',*,*,#1223,.T.);
#579=ORIENTED_EDGE('',*,*,#1157,.F.);
#580=ORIENTED_EDGE('',*,*,#1243,.T.);
#581=ORIENTED_EDGE('',*,*,#1155,.T.);
#582=ORIENTED_EDGE('',*,*,#1222,.T.);
#583=ORIENTED_EDGE('',*,*,#1163,.F.);
#584=ORIENTED_EDGE('',*,*,#1244,.T.);
#585=ORIENTED_EDGE('',*,*,#1161,.T.);
#586=ORIENTED_EDGE('',*,*,#1221,.T.);
#587=ORIENTED_EDGE('',*,*,#1169,.F.);
#588=ORIENTED_EDGE('',*,*,#1245,.T.);
#589=ORIENTED_EDGE('',*,*,#1167,.T.);
#590=ORIENTED_EDGE('',*,*,#1220,.T.);
#591=ORIENTED_EDGE('',*,*,#1175,.F.);
#592=ORIENTED_EDGE('',*,*,#1246,.T.);
#593=ORIENTED_EDGE('',*,*,#1173,.T.);
#594=ORIENTED_EDGE('',*,*,#1219,.T.);
#595=ORIENTED_EDGE('',*,*,#1181,.F.);
#596=ORIENTED_EDGE('',*,*,#1247,.T.);
#597=ORIENTED_EDGE('',*,*,#1179,.T.);
#598=ORIENTED_EDGE('',*,*,#1218,.T.);
#599=ORIENTED_EDGE('',*,*,#1187,.F.);
#600=ORIENTED_EDGE('',*,*,#1248,.T.);
#601=ORIENTED_EDGE('',*,*,#1185,.T.);
#602=ORIENTED_EDGE('',*,*,#1249,.T.);
#603=ORIENTED_EDGE('',*,*,#1068,.F.);
#604=ORIENTED_EDGE('',*,*,#1250,.F.);
#605=ORIENTED_EDGE('',*,*,#959,.T.);
#606=ORIENTED_EDGE('',*,*,#961,.F.);
#607=ORIENTED_EDGE('',*,*,#1251,.T.);
#608=ORIENTED_EDGE('',*,*,#1066,.T.);
#609=ORIENTED_EDGE('',*,*,#1252,.F.);
#610=ORIENTED_EDGE('',*,*,#1253,.T.);
#611=ORIENTED_EDGE('',*,*,#1064,.F.);
#612=ORIENTED_EDGE('',*,*,#1254,.F.);
#613=ORIENTED_EDGE('',*,*,#956,.T.);
#614=ORIENTED_EDGE('',*,*,#954,.F.);
#615=ORIENTED_EDGE('',*,*,#1255,.T.);
#616=ORIENTED_EDGE('',*,*,#1062,.T.);
#617=ORIENTED_EDGE('',*,*,#1256,.F.);
#618=ORIENTED_EDGE('',*,*,#1257,.T.);
#619=ORIENTED_EDGE('',*,*,#1060,.F.);
#620=ORIENTED_EDGE('',*,*,#1258,.F.);
#621=ORIENTED_EDGE('',*,*,#972,.T.);
#622=ORIENTED_EDGE('',*,*,#970,.F.);
#623=ORIENTED_EDGE('',*,*,#1259,.T.);
#624=ORIENTED_EDGE('',*,*,#1058,.T.);
#625=ORIENTED_EDGE('',*,*,#1260,.F.);
#626=ORIENTED_EDGE('',*,*,#1261,.T.);
#627=ORIENTED_EDGE('',*,*,#1056,.F.);
#628=ORIENTED_EDGE('',*,*,#1262,.F.);
#629=ORIENTED_EDGE('',*,*,#976,.T.);
#630=ORIENTED_EDGE('',*,*,#974,.F.);
#631=ORIENTED_EDGE('',*,*,#1263,.T.);
#632=ORIENTED_EDGE('',*,*,#1054,.T.);
#633=ORIENTED_EDGE('',*,*,#1264,.F.);
#634=ORIENTED_EDGE('',*,*,#1265,.T.);
#635=ORIENTED_EDGE('',*,*,#1052,.F.);
#636=ORIENTED_EDGE('',*,*,#1266,.F.);
#637=ORIENTED_EDGE('',*,*,#980,.T.);
#638=ORIENTED_EDGE('',*,*,#978,.F.);
#639=ORIENTED_EDGE('',*,*,#1267,.T.);
#640=ORIENTED_EDGE('',*,*,#1050,.T.);
#641=ORIENTED_EDGE('',*,*,#1268,.F.);
#642=ORIENTED_EDGE('',*,*,#1269,.T.);
#643=ORIENTED_EDGE('',*,*,#1048,.F.);
#644=ORIENTED_EDGE('',*,*,#1270,.F.);
#645=ORIENTED_EDGE('',*,*,#984,.T.);
#646=ORIENTED_EDGE('',*,*,#982,.F.);
#647=ORIENTED_EDGE('',*,*,#1271,.T.);
#648=ORIENTED_EDGE('',*,*,#1046,.T.);
#649=ORIENTED_EDGE('',*,*,#1272,.F.);
#650=ORIENTED_EDGE('',*,*,#1273,.T.);
#651=ORIENTED_EDGE('',*,*,#1044,.F.);
#652=ORIENTED_EDGE('',*,*,#1274,.F.);
#653=ORIENTED_EDGE('',*,*,#988,.T.);
#654=ORIENTED_EDGE('',*,*,#986,.F.);
#655=ORIENTED_EDGE('',*,*,#1275,.T.);
#656=ORIENTED_EDGE('',*,*,#1042,.T.);
#657=ORIENTED_EDGE('',*,*,#1276,.F.);
#658=ORIENTED_EDGE('',*,*,#1277,.T.);
#659=ORIENTED_EDGE('',*,*,#1040,.F.);
#660=ORIENTED_EDGE('',*,*,#1278,.F.);
#661=ORIENTED_EDGE('',*,*,#992,.T.);
#662=ORIENTED_EDGE('',*,*,#990,.F.);
#663=ORIENTED_EDGE('',*,*,#1279,.T.);
#664=ORIENTED_EDGE('',*,*,#1038,.T.);
#665=ORIENTED_EDGE('',*,*,#1280,.F.);
#666=ORIENTED_EDGE('',*,*,#1281,.T.);
#667=ORIENTED_EDGE('',*,*,#1036,.F.);
#668=ORIENTED_EDGE('',*,*,#1282,.F.);
#669=ORIENTED_EDGE('',*,*,#996,.T.);
#670=ORIENTED_EDGE('',*,*,#994,.F.);
#671=ORIENTED_EDGE('',*,*,#1283,.T.);
#672=ORIENTED_EDGE('',*,*,#1034,.T.);
#673=ORIENTED_EDGE('',*,*,#1284,.F.);
#674=ORIENTED_EDGE('',*,*,#1285,.T.);
#675=ORIENTED_EDGE('',*,*,#1032,.F.);
#676=ORIENTED_EDGE('',*,*,#1286,.F.);
#677=ORIENTED_EDGE('',*,*,#1000,.T.);
#678=ORIENTED_EDGE('',*,*,#998,.F.);
#679=ORIENTED_EDGE('',*,*,#1287,.T.);
#680=ORIENTED_EDGE('',*,*,#1030,.T.);
#681=ORIENTED_EDGE('',*,*,#1288,.F.);
#682=ORIENTED_EDGE('',*,*,#1289,.T.);
#683=ORIENTED_EDGE('',*,*,#1028,.F.);
#684=ORIENTED_EDGE('',*,*,#1290,.F.);
#685=ORIENTED_EDGE('',*,*,#948,.T.);
#686=ORIENTED_EDGE('',*,*,#946,.F.);
#687=ORIENTED_EDGE('',*,*,#1291,.T.);
#688=ORIENTED_EDGE('',*,*,#1026,.T.);
#689=ORIENTED_EDGE('',*,*,#1292,.F.);
#690=ORIENTED_EDGE('',*,*,#1293,.T.);
#691=ORIENTED_EDGE('',*,*,#1024,.F.);
#692=ORIENTED_EDGE('',*,*,#1294,.F.);
#693=ORIENTED_EDGE('',*,*,#968,.T.);
#694=ORIENTED_EDGE('',*,*,#966,.F.);
#695=ORIENTED_EDGE('',*,*,#1295,.T.);
#696=ORIENTED_EDGE('',*,*,#1022,.T.);
#697=ORIENTED_EDGE('',*,*,#1296,.F.);
#698=ORIENTED_EDGE('',*,*,#1297,.T.);
#699=ORIENTED_EDGE('',*,*,#1072,.F.);
#700=ORIENTED_EDGE('',*,*,#1298,.F.);
#701=ORIENTED_EDGE('',*,*,#963,.T.);
#702=ORIENTED_EDGE('',*,*,#965,.F.);
#703=ORIENTED_EDGE('',*,*,#1299,.T.);
#704=ORIENTED_EDGE('',*,*,#1070,.T.);
#705=ORIENTED_EDGE('',*,*,#1300,.F.);
#706=ORIENTED_EDGE('',*,*,#958,.T.);
#707=ORIENTED_EDGE('',*,*,#1252,.T.);
#708=ORIENTED_EDGE('',*,*,#1065,.F.);
#709=ORIENTED_EDGE('',*,*,#1253,.F.);
#710=ORIENTED_EDGE('',*,*,#955,.T.);
#711=ORIENTED_EDGE('',*,*,#1256,.T.);
#712=ORIENTED_EDGE('',*,*,#1061,.F.);
#713=ORIENTED_EDGE('',*,*,#1257,.F.);
#714=ORIENTED_EDGE('',*,*,#971,.T.);
#715=ORIENTED_EDGE('',*,*,#1260,.T.);
#716=ORIENTED_EDGE('',*,*,#1057,.F.);
#717=ORIENTED_EDGE('',*,*,#1261,.F.);
#718=ORIENTED_EDGE('',*,*,#975,.T.);
#719=ORIENTED_EDGE('',*,*,#1264,.T.);
#720=ORIENTED_EDGE('',*,*,#1053,.F.);
#721=ORIENTED_EDGE('',*,*,#1265,.F.);
#722=ORIENTED_EDGE('',*,*,#979,.T.);
#723=ORIENTED_EDGE('',*,*,#1268,.T.);
#724=ORIENTED_EDGE('',*,*,#1049,.F.);
#725=ORIENTED_EDGE('',*,*,#1269,.F.);
#726=ORIENTED_EDGE('',*,*,#983,.T.);
#727=ORIENTED_EDGE('',*,*,#1272,.T.);
#728=ORIENTED_EDGE('',*,*,#1045,.F.);
#729=ORIENTED_EDGE('',*,*,#1273,.F.);
#730=ORIENTED_EDGE('',*,*,#987,.T.);
#731=ORIENTED_EDGE('',*,*,#1276,.T.);
#732=ORIENTED_EDGE('',*,*,#1041,.F.);
#733=ORIENTED_EDGE('',*,*,#1277,.F.);
#734=ORIENTED_EDGE('',*,*,#991,.T.);
#735=ORIENTED_EDGE('',*,*,#1280,.T.);
#736=ORIENTED_EDGE('',*,*,#1037,.F.);
#737=ORIENTED_EDGE('',*,*,#1281,.F.);
#738=ORIENTED_EDGE('',*,*,#995,.T.);
#739=ORIENTED_EDGE('',*,*,#1284,.T.);
#740=ORIENTED_EDGE('',*,*,#1033,.F.);
#741=ORIENTED_EDGE('',*,*,#1285,.F.);
#742=ORIENTED_EDGE('',*,*,#999,.T.);
#743=ORIENTED_EDGE('',*,*,#1288,.T.);
#744=ORIENTED_EDGE('',*,*,#1029,.F.);
#745=ORIENTED_EDGE('',*,*,#1289,.F.);
#746=ORIENTED_EDGE('',*,*,#947,.T.);
#747=ORIENTED_EDGE('',*,*,#1292,.T.);
#748=ORIENTED_EDGE('',*,*,#1025,.F.);
#749=ORIENTED_EDGE('',*,*,#1293,.F.);
#750=ORIENTED_EDGE('',*,*,#967,.F.);
#751=ORIENTED_EDGE('',*,*,#1296,.T.);
#752=ORIENTED_EDGE('',*,*,#1021,.F.);
#753=ORIENTED_EDGE('',*,*,#1301,.F.);
#754=ORIENTED_EDGE('',*,*,#951,.F.);
#755=ORIENTED_EDGE('',*,*,#1302,.T.);
#756=ORIENTED_EDGE('',*,*,#1017,.F.);
#757=ORIENTED_EDGE('',*,*,#1232,.T.);
#758=ORIENTED_EDGE('',*,*,#1303,.T.);
#759=ORIENTED_EDGE('',*,*,#1233,.T.);
#760=ORIENTED_EDGE('',*,*,#1073,.F.);
#761=ORIENTED_EDGE('',*,*,#1297,.F.);
#762=ORIENTED_EDGE('',*,*,#962,.T.);
#763=ORIENTED_EDGE('',*,*,#1300,.T.);
#764=ORIENTED_EDGE('',*,*,#1069,.F.);
#765=ORIENTED_EDGE('',*,*,#1249,.F.);
#766=ORIENTED_EDGE('',*,*,#952,.T.);
#767=ORIENTED_EDGE('',*,*,#1301,.T.);
#768=ORIENTED_EDGE('',*,*,#1020,.F.);
#769=ORIENTED_EDGE('',*,*,#1304,.F.);
#770=ORIENTED_EDGE('',*,*,#1305,.T.);
#771=ORIENTED_EDGE('',*,*,#1018,.T.);
#772=ORIENTED_EDGE('',*,*,#1302,.F.);
#773=ORIENTED_EDGE('',*,*,#950,.F.);
#774=ORIENTED_EDGE('',*,*,#1183,.T.);
#775=ORIENTED_EDGE('',*,*,#1114,.T.);
#776=ORIENTED_EDGE('',*,*,#1186,.F.);
#777=ORIENTED_EDGE('',*,*,#1248,.F.);
#778=ORIENTED_EDGE('',*,*,#1189,.T.);
#779=ORIENTED_EDGE('',*,*,#1118,.T.);
#780=ORIENTED_EDGE('',*,*,#1192,.F.);
#781=ORIENTED_EDGE('',*,*,#1235,.F.);
#782=ORIENTED_EDGE('',*,*,#1195,.T.);
#783=ORIENTED_EDGE('',*,*,#1122,.T.);
#784=ORIENTED_EDGE('',*,*,#1198,.F.);
#785=ORIENTED_EDGE('',*,*,#1240,.T.);
#786=ORIENTED_EDGE('',*,*,#1201,.T.);
#787=ORIENTED_EDGE('',*,*,#1126,.T.);
#788=ORIENTED_EDGE('',*,*,#1228,.F.);
#789=ORIENTED_EDGE('',*,*,#1236,.T.);
#790=ORIENTED_EDGE('',*,*,#1229,.T.);
#791=ORIENTED_EDGE('',*,*,#1013,.T.);
#792=ORIENTED_EDGE('',*,*,#1008,.T.);
#793=ORIENTED_EDGE('',*,*,#1011,.T.);
#794=ORIENTED_EDGE('',*,*,#1005,.F.);
#795=ORIENTED_EDGE('',*,*,#1077,.T.);
#796=ORIENTED_EDGE('',*,*,#1204,.F.);
#797=ORIENTED_EDGE('',*,*,#1239,.F.);
#798=ORIENTED_EDGE('',*,*,#1207,.T.);
#799=ORIENTED_EDGE('',*,*,#1078,.T.);
#800=ORIENTED_EDGE('',*,*,#1132,.F.);
#801=ORIENTED_EDGE('',*,*,#1238,.F.);
#802=ORIENTED_EDGE('',*,*,#1135,.T.);
#803=ORIENTED_EDGE('',*,*,#1082,.T.);
#804=ORIENTED_EDGE('',*,*,#1138,.F.);
#805=ORIENTED_EDGE('',*,*,#1237,.F.);
#806=ORIENTED_EDGE('',*,*,#1141,.T.);
#807=ORIENTED_EDGE('',*,*,#1086,.T.);
#808=ORIENTED_EDGE('',*,*,#1144,.F.);
#809=ORIENTED_EDGE('',*,*,#1241,.F.);
#810=ORIENTED_EDGE('',*,*,#1147,.T.);
#811=ORIENTED_EDGE('',*,*,#1090,.T.);
#812=ORIENTED_EDGE('',*,*,#1150,.F.);
#813=ORIENTED_EDGE('',*,*,#1242,.F.);
#814=ORIENTED_EDGE('',*,*,#1153,.T.);
#815=ORIENTED_EDGE('',*,*,#1094,.T.);
#816=ORIENTED_EDGE('',*,*,#1156,.F.);
#817=ORIENTED_EDGE('',*,*,#1243,.F.);
#818=ORIENTED_EDGE('',*,*,#1159,.T.);
#819=ORIENTED_EDGE('',*,*,#1098,.T.);
#820=ORIENTED_EDGE('',*,*,#1162,.F.);
#821=ORIENTED_EDGE('',*,*,#1244,.F.);
#822=ORIENTED_EDGE('',*,*,#1165,.T.);
#823=ORIENTED_EDGE('',*,*,#1102,.T.);
#824=ORIENTED_EDGE('',*,*,#1168,.F.);
#825=ORIENTED_EDGE('',*,*,#1245,.F.);
#826=ORIENTED_EDGE('',*,*,#1171,.T.);
#827=ORIENTED_EDGE('',*,*,#1106,.T.);
#828=ORIENTED_EDGE('',*,*,#1174,.F.);
#829=ORIENTED_EDGE('',*,*,#1246,.F.);
#830=ORIENTED_EDGE('',*,*,#1177,.T.);
#831=ORIENTED_EDGE('',*,*,#1110,.T.);
#832=ORIENTED_EDGE('',*,*,#1180,.F.);
#833=ORIENTED_EDGE('',*,*,#1247,.F.);
#834=ORIENTED_EDGE('',*,*,#1294,.T.);
#835=ORIENTED_EDGE('',*,*,#1023,.T.);
#836=ORIENTED_EDGE('',*,*,#1291,.F.);
#837=ORIENTED_EDGE('',*,*,#949,.T.);
#838=ORIENTED_EDGE('',*,*,#1290,.T.);
#839=ORIENTED_EDGE('',*,*,#1027,.T.);
#840=ORIENTED_EDGE('',*,*,#1287,.F.);
#841=ORIENTED_EDGE('',*,*,#1001,.T.);
#842=ORIENTED_EDGE('',*,*,#1286,.T.);
#843=ORIENTED_EDGE('',*,*,#1031,.T.);
#844=ORIENTED_EDGE('',*,*,#1283,.F.);
#845=ORIENTED_EDGE('',*,*,#997,.T.);
#846=ORIENTED_EDGE('',*,*,#1282,.T.);
#847=ORIENTED_EDGE('',*,*,#1035,.T.);
#848=ORIENTED_EDGE('',*,*,#1279,.F.);
#849=ORIENTED_EDGE('',*,*,#993,.T.);
#850=ORIENTED_EDGE('',*,*,#1278,.T.);
#851=ORIENTED_EDGE('',*,*,#1039,.T.);
#852=ORIENTED_EDGE('',*,*,#1275,.F.);
#853=ORIENTED_EDGE('',*,*,#989,.T.);
#854=ORIENTED_EDGE('',*,*,#1274,.T.);
#855=ORIENTED_EDGE('',*,*,#1043,.T.);
#856=ORIENTED_EDGE('',*,*,#1271,.F.);
#857=ORIENTED_EDGE('',*,*,#985,.T.);
#858=ORIENTED_EDGE('',*,*,#1270,.T.);
#859=ORIENTED_EDGE('',*,*,#1047,.T.);
#860=ORIENTED_EDGE('',*,*,#1267,.F.);
#861=ORIENTED_EDGE('',*,*,#981,.T.);
#862=ORIENTED_EDGE('',*,*,#1266,.T.);
#863=ORIENTED_EDGE('',*,*,#1051,.T.);
#864=ORIENTED_EDGE('',*,*,#1263,.F.);
#865=ORIENTED_EDGE('',*,*,#977,.T.);
#866=ORIENTED_EDGE('',*,*,#1262,.T.);
#867=ORIENTED_EDGE('',*,*,#1055,.T.);
#868=ORIENTED_EDGE('',*,*,#1259,.F.);
#869=ORIENTED_EDGE('',*,*,#973,.T.);
#870=ORIENTED_EDGE('',*,*,#1258,.T.);
#871=ORIENTED_EDGE('',*,*,#1059,.T.);
#872=ORIENTED_EDGE('',*,*,#1255,.F.);
#873=ORIENTED_EDGE('',*,*,#957,.T.);
#874=ORIENTED_EDGE('',*,*,#1254,.T.);
#875=ORIENTED_EDGE('',*,*,#1063,.T.);
#876=ORIENTED_EDGE('',*,*,#1251,.F.);
#877=ORIENTED_EDGE('',*,*,#960,.T.);
#878=ORIENTED_EDGE('',*,*,#1250,.T.);
#879=ORIENTED_EDGE('',*,*,#1067,.T.);
#880=ORIENTED_EDGE('',*,*,#1299,.F.);
#881=ORIENTED_EDGE('',*,*,#964,.T.);
#882=ORIENTED_EDGE('',*,*,#1298,.T.);
#883=ORIENTED_EDGE('',*,*,#1071,.T.);
#884=ORIENTED_EDGE('',*,*,#1003,.F.);
#885=ORIENTED_EDGE('',*,*,#1010,.T.);
#886=ORIENTED_EDGE('',*,*,#1006,.T.);
#887=ORIENTED_EDGE('',*,*,#1012,.T.);
#888=ORIENTED_EDGE('',*,*,#1305,.F.);
#889=ORIENTED_EDGE('',*,*,#953,.F.);
#890=ORIENTED_EDGE('',*,*,#1304,.T.);
#891=ORIENTED_EDGE('',*,*,#1019,.T.);
#892=ORIENTED_EDGE('',*,*,#1295,.F.);
#893=ORIENTED_EDGE('',*,*,#969,.F.);
#894=ORIENTED_EDGE('',*,*,#1303,.F.);
#895=ORIENTED_EDGE('',*,*,#1231,.F.);
#896=ORIENTED_EDGE('',*,*,#1211,.T.);
#897=ORIENTED_EDGE('',*,*,#1234,.T.);
#898=ORIENTED_EDGE('',*,*,#1306,.T.);
#899=ORIENTED_EDGE('',*,*,#1307,.F.);
#900=ORIENTED_EDGE('',*,*,#1308,.F.);
#901=ORIENTED_EDGE('',*,*,#1309,.F.);
#902=ORIENTED_EDGE('',*,*,#1310,.T.);
#903=ORIENTED_EDGE('',*,*,#1311,.T.);
#904=ORIENTED_EDGE('',*,*,#1312,.F.);
#905=ORIENTED_EDGE('',*,*,#1309,.T.);
#906=ORIENTED_EDGE('',*,*,#1313,.F.);
#907=ORIENTED_EDGE('',*,*,#1314,.F.);
#908=ORIENTED_EDGE('',*,*,#1315,.T.);
#909=ORIENTED_EDGE('',*,*,#1311,.F.);
#910=ORIENTED_EDGE('',*,*,#1316,.F.);
#911=ORIENTED_EDGE('',*,*,#1314,.T.);
#912=ORIENTED_EDGE('',*,*,#1317,.T.);
#913=ORIENTED_EDGE('',*,*,#1307,.T.);
#914=ORIENTED_EDGE('',*,*,#1317,.F.);
#915=ORIENTED_EDGE('',*,*,#1313,.T.);
#916=ORIENTED_EDGE('',*,*,#1310,.F.);
#917=ORIENTED_EDGE('',*,*,#1308,.T.);
#918=ORIENTED_EDGE('',*,*,#1315,.F.);
#919=ORIENTED_EDGE('',*,*,#1316,.T.);
#920=ORIENTED_EDGE('',*,*,#1306,.F.);
#921=ORIENTED_EDGE('',*,*,#1312,.T.);
#922=ORIENTED_EDGE('',*,*,#1318,.F.);
#923=ORIENTED_EDGE('',*,*,#1319,.T.);
#924=ORIENTED_EDGE('',*,*,#1320,.T.);
#925=ORIENTED_EDGE('',*,*,#1321,.T.);
#926=ORIENTED_EDGE('',*,*,#1322,.T.);
#927=ORIENTED_EDGE('',*,*,#1323,.F.);
#928=ORIENTED_EDGE('',*,*,#1324,.F.);
#929=ORIENTED_EDGE('',*,*,#1325,.T.);
#930=ORIENTED_EDGE('',*,*,#1326,.T.);
#931=ORIENTED_EDGE('',*,*,#1322,.F.);
#932=ORIENTED_EDGE('',*,*,#1327,.F.);
#933=ORIENTED_EDGE('',*,*,#1321,.F.);
#934=ORIENTED_EDGE('',*,*,#1328,.F.);
#935=ORIENTED_EDGE('',*,*,#1324,.T.);
#936=ORIENTED_EDGE('',*,*,#1329,.T.);
#937=ORIENTED_EDGE('',*,*,#1319,.F.);
#938=ORIENTED_EDGE('',*,*,#1329,.F.);
#939=ORIENTED_EDGE('',*,*,#1323,.T.);
#940=ORIENTED_EDGE('',*,*,#1326,.F.);
#941=ORIENTED_EDGE('',*,*,#1320,.F.);
#942=ORIENTED_EDGE('',*,*,#1325,.F.);
#943=ORIENTED_EDGE('',*,*,#1328,.T.);
#944=ORIENTED_EDGE('',*,*,#1318,.T.);
#945=ORIENTED_EDGE('',*,*,#1327,.T.);
#946=EDGE_CURVE('',#1330,#1331,#1586,.T.);
#947=EDGE_CURVE('',#1332,#1331,#122,.F.);
#948=EDGE_CURVE('',#1333,#1332,#1587,.T.);
#949=EDGE_CURVE('',#1330,#1333,#123,.T.);
#950=EDGE_CURVE('',#1334,#1335,#1588,.T.);
#951=EDGE_CURVE('',#1335,#1336,#124,.F.);
#952=EDGE_CURVE('',#1337,#1336,#1589,.T.);
#953=EDGE_CURVE('',#1337,#1334,#125,.T.);
#954=EDGE_CURVE('',#1338,#1339,#1590,.T.);
#955=EDGE_CURVE('',#1340,#1339,#126,.F.);
#956=EDGE_CURVE('',#1341,#1340,#1591,.T.);
#957=EDGE_CURVE('',#1338,#1341,#127,.T.);
#958=EDGE_CURVE('',#1342,#1343,#128,.F.);
#959=EDGE_CURVE('',#1344,#1342,#1592,.T.);
#960=EDGE_CURVE('',#1345,#1344,#129,.T.);
#961=EDGE_CURVE('',#1345,#1343,#1593,.T.);
#962=EDGE_CURVE('',#1346,#1347,#130,.F.);
#963=EDGE_CURVE('',#1348,#1346,#1594,.T.);
#964=EDGE_CURVE('',#1349,#1348,#131,.T.);
#965=EDGE_CURVE('',#1349,#1347,#1595,.T.);
#966=EDGE_CURVE('',#1350,#1351,#1596,.T.);
#967=EDGE_CURVE('',#1351,#1352,#132,.F.);
#968=EDGE_CURVE('',#1353,#1352,#1597,.T.);
#969=EDGE_CURVE('',#1353,#1350,#133,.T.);
#970=EDGE_CURVE('',#1354,#1355,#1598,.T.);
#971=EDGE_CURVE('',#1356,#1355,#134,.F.);
#972=EDGE_CURVE('',#1357,#1356,#1599,.T.);
#973=EDGE_CURVE('',#1354,#1357,#135,.T.);
#974=EDGE_CURVE('',#1358,#1359,#1600,.T.);
#975=EDGE_CURVE('',#1360,#1359,#136,.F.);
#976=EDGE_CURVE('',#1361,#1360,#1601,.T.);
#977=EDGE_CURVE('',#1358,#1361,#137,.T.);
#978=EDGE_CURVE('',#1362,#1363,#1602,.T.);
#979=EDGE_CURVE('',#1364,#1363,#138,.F.);
#980=EDGE_CURVE('',#1365,#1364,#1603,.T.);
#981=EDGE_CURVE('',#1362,#1365,#139,.T.);
#982=EDGE_CURVE('',#1366,#1367,#1604,.T.);
#983=EDGE_CURVE('',#1368,#1367,#140,.F.);
#984=EDGE_CURVE('',#1369,#1368,#1605,.T.);
#985=EDGE_CURVE('',#1366,#1369,#141,.T.);
#986=EDGE_CURVE('',#1370,#1371,#1606,.T.);
#987=EDGE_CURVE('',#1372,#1371,#142,.F.);
#988=EDGE_CURVE('',#1373,#1372,#1607,.T.);
#989=EDGE_CURVE('',#1370,#1373,#143,.T.);
#990=EDGE_CURVE('',#1374,#1375,#1608,.T.);
#991=EDGE_CURVE('',#1376,#1375,#144,.F.);
#992=EDGE_CURVE('',#1377,#1376,#1609,.T.);
#993=EDGE_CURVE('',#1374,#1377,#145,.T.);
#994=EDGE_CURVE('',#1378,#1379,#1610,.T.);
#995=EDGE_CURVE('',#1380,#1379,#146,.F.);
#996=EDGE_CURVE('',#1381,#1380,#1611,.T.);
#997=EDGE_CURVE('',#1378,#1381,#147,.T.);
#998=EDGE_CURVE('',#1382,#1383,#1612,.T.);
#999=EDGE_CURVE('',#1384,#1383,#148,.F.);
#1000=EDGE_CURVE('',#1385,#1384,#1613,.T.);
#1001=EDGE_CURVE('',#1382,#1385,#149,.T.);
#1002=EDGE_CURVE('',#1386,#1387,#1614,.T.);
#1003=EDGE_CURVE('',#1387,#1388,#1615,.T.);
#1004=EDGE_CURVE('',#1388,#1389,#1616,.T.);
#1005=EDGE_CURVE('',#1389,#1386,#1617,.T.);
#1006=EDGE_CURVE('',#1390,#1391,#1618,.T.);
#1007=EDGE_CURVE('',#1392,#1390,#1619,.T.);
#1008=EDGE_CURVE('',#1393,#1392,#1620,.T.);
#1009=EDGE_CURVE('',#1391,#1393,#1621,.T.);
#1010=EDGE_CURVE('',#1387,#1390,#1622,.T.);
#1011=EDGE_CURVE('',#1392,#1386,#1623,.T.);
#1012=EDGE_CURVE('',#1391,#1394,#1624,.T.);
#1013=EDGE_CURVE('',#1395,#1393,#1625,.T.);
#1014=EDGE_CURVE('',#1395,#1396,#1626,.T.);
#1015=EDGE_CURVE('',#1397,#1396,#1627,.T.);
#1016=EDGE_CURVE('',#1398,#1397,#1628,.T.);
#1017=EDGE_CURVE('',#1398,#1399,#1629,.T.);
#1018=EDGE_CURVE('',#1394,#1399,#1630,.T.);
#1019=EDGE_CURVE('',#1400,#1401,#1631,.T.);
#1020=EDGE_CURVE('',#1400,#1402,#1632,.T.);
#1021=EDGE_CURVE('',#1402,#1403,#1633,.T.);
#1022=EDGE_CURVE('',#1401,#1403,#1634,.T.);
#1023=EDGE_CURVE('',#1404,#1405,#1635,.T.);
#1024=EDGE_CURVE('',#1404,#1406,#1636,.T.);
#1025=EDGE_CURVE('',#1406,#1407,#1637,.T.);
#1026=EDGE_CURVE('',#1405,#1407,#1638,.T.);
#1027=EDGE_CURVE('',#1408,#1409,#1639,.T.);
#1028=EDGE_CURVE('',#1408,#1410,#1640,.T.);
#1029=EDGE_CURVE('',#1410,#1411,#1641,.T.);
#1030=EDGE_CURVE('',#1409,#1411,#1642,.T.);
#1031=EDGE_CURVE('',#1412,#1413,#1643,.T.);
#1032=EDGE_CURVE('',#1412,#1414,#1644,.T.);
#1033=EDGE_CURVE('',#1414,#1415,#1645,.T.);
#1034=EDGE_CURVE('',#1413,#1415,#1646,.T.);
#1035=EDGE_CURVE('',#1416,#1417,#1647,.T.);
#1036=EDGE_CURVE('',#1416,#1418,#1648,.T.);
#1037=EDGE_CURVE('',#1418,#1419,#1649,.T.);
#1038=EDGE_CURVE('',#1417,#1419,#1650,.T.);
#1039=EDGE_CURVE('',#1420,#1421,#1651,.T.);
#1040=EDGE_CURVE('',#1420,#1422,#1652,.T.);
#1041=EDGE_CURVE('',#1422,#1423,#1653,.T.);
#1042=EDGE_CURVE('',#1421,#1423,#1654,.T.);
#1043=EDGE_CURVE('',#1424,#1425,#1655,.T.);
#1044=EDGE_CURVE('',#1424,#1426,#1656,.T.);
#1045=EDGE_CURVE('',#1426,#1427,#1657,.T.);
#1046=EDGE_CURVE('',#1425,#1427,#1658,.T.);
#1047=EDGE_CURVE('',#1428,#1429,#1659,.T.);
#1048=EDGE_CURVE('',#1428,#1430,#1660,.T.);
#1049=EDGE_CURVE('',#1430,#1431,#1661,.T.);
#1050=EDGE_CURVE('',#1429,#1431,#1662,.T.);
#1051=EDGE_CURVE('',#1432,#1433,#1663,.T.);
#1052=EDGE_CURVE('',#1432,#1434,#1664,.T.);
#1053=EDGE_CURVE('',#1434,#1435,#1665,.T.);
#1054=EDGE_CURVE('',#1433,#1435,#1666,.T.);
#1055=EDGE_CURVE('',#1436,#1437,#1667,.T.);
#1056=EDGE_CURVE('',#1436,#1438,#1668,.T.);
#1057=EDGE_CURVE('',#1438,#1439,#1669,.T.);
#1058=EDGE_CURVE('',#1437,#1439,#1670,.T.);
#1059=EDGE_CURVE('',#1440,#1441,#1671,.T.);
#1060=EDGE_CURVE('',#1440,#1442,#1672,.T.);
#1061=EDGE_CURVE('',#1442,#1443,#1673,.T.);
#1062=EDGE_CURVE('',#1441,#1443,#1674,.T.);
#1063=EDGE_CURVE('',#1444,#1445,#1675,.T.);
#1064=EDGE_CURVE('',#1444,#1446,#1676,.T.);
#1065=EDGE_CURVE('',#1446,#1447,#1677,.T.);
#1066=EDGE_CURVE('',#1445,#1447,#1678,.T.);
#1067=EDGE_CURVE('',#1448,#1449,#1679,.T.);
#1068=EDGE_CURVE('',#1448,#1450,#1680,.T.);
#1069=EDGE_CURVE('',#1450,#1451,#1681,.T.);
#1070=EDGE_CURVE('',#1449,#1451,#1682,.T.);
#1071=EDGE_CURVE('',#1452,#1388,#1683,.T.);
#1072=EDGE_CURVE('',#1452,#1453,#1684,.T.);
#1073=EDGE_CURVE('',#1453,#1454,#1685,.T.);
#1074=EDGE_CURVE('',#1454,#1455,#1686,.T.);
#1075=EDGE_CURVE('',#1456,#1455,#1687,.T.);
#1076=EDGE_CURVE('',#1457,#1456,#1688,.T.);
#1077=EDGE_CURVE('',#1389,#1457,#1689,.T.);
#1078=EDGE_CURVE('',#1458,#1459,#1690,.T.);
#1079=EDGE_CURVE('',#1458,#1460,#1691,.T.);
#1080=EDGE_CURVE('',#1461,#1460,#1692,.T.);
#1081=EDGE_CURVE('',#1459,#1461,#1693,.T.);
#1082=EDGE_CURVE('',#1462,#1463,#1694,.T.);
#1083=EDGE_CURVE('',#1462,#1464,#1695,.T.);
#1084=EDGE_CURVE('',#1465,#1464,#1696,.T.);
#1085=EDGE_CURVE('',#1463,#1465,#1697,.T.);
#1086=EDGE_CURVE('',#1466,#1467,#1698,.T.);
#1087=EDGE_CURVE('',#1466,#1468,#1699,.T.);
#1088=EDGE_CURVE('',#1469,#1468,#1700,.T.);
#1089=EDGE_CURVE('',#1467,#1469,#1701,.T.);
#1090=EDGE_CURVE('',#1470,#1471,#1702,.T.);
#1091=EDGE_CURVE('',#1470,#1472,#1703,.T.);
#1092=EDGE_CURVE('',#1473,#1472,#1704,.T.);
#1093=EDGE_CURVE('',#1471,#1473,#1705,.T.);
#1094=EDGE_CURVE('',#1474,#1475,#1706,.T.);
#1095=EDGE_CURVE('',#1474,#1476,#1707,.T.);
#1096=EDGE_CURVE('',#1477,#1476,#1708,.T.);
#1097=EDGE_CURVE('',#1475,#1477,#1709,.T.);
#1098=EDGE_CURVE('',#1478,#1479,#1710,.T.);
#1099=EDGE_CURVE('',#1478,#1480,#1711,.T.);
#1100=EDGE_CURVE('',#1481,#1480,#1712,.T.);
#1101=EDGE_CURVE('',#1479,#1481,#1713,.T.);
#1102=EDGE_CURVE('',#1482,#1483,#1714,.T.);
#1103=EDGE_CURVE('',#1482,#1484,#1715,.T.);
#1104=EDGE_CURVE('',#1485,#1484,#1716,.T.);
#1105=EDGE_CURVE('',#1483,#1485,#1717,.T.);
#1106=EDGE_CURVE('',#1486,#1487,#1718,.T.);
#1107=EDGE_CURVE('',#1486,#1488,#1719,.T.);
#1108=EDGE_CURVE('',#1489,#1488,#1720,.T.);
#1109=EDGE_CURVE('',#1487,#1489,#1721,.T.);
#1110=EDGE_CURVE('',#1490,#1491,#1722,.T.);
#1111=EDGE_CURVE('',#1490,#1492,#1723,.T.);
#1112=EDGE_CURVE('',#1493,#1492,#1724,.T.);
#1113=EDGE_CURVE('',#1491,#1493,#1725,.T.);
#1114=EDGE_CURVE('',#1494,#1495,#1726,.T.);
#1115=EDGE_CURVE('',#1494,#1496,#1727,.T.);
#1116=EDGE_CURVE('',#1497,#1496,#1728,.T.);
#1117=EDGE_CURVE('',#1495,#1497,#1729,.T.);
#1118=EDGE_CURVE('',#1498,#1499,#1730,.T.);
#1119=EDGE_CURVE('',#1498,#1500,#1731,.T.);
#1120=EDGE_CURVE('',#1501,#1500,#1732,.T.);
#1121=EDGE_CURVE('',#1499,#1501,#1733,.T.);
#1122=EDGE_CURVE('',#1502,#1503,#1734,.T.);
#1123=EDGE_CURVE('',#1502,#1504,#1735,.T.);
#1124=EDGE_CURVE('',#1505,#1504,#1736,.T.);
#1125=EDGE_CURVE('',#1503,#1505,#1737,.T.);
#1126=EDGE_CURVE('',#1506,#1507,#1738,.T.);
#1127=EDGE_CURVE('',#1506,#1508,#1739,.T.);
#1128=EDGE_CURVE('',#1509,#1508,#1740,.T.);
#1129=EDGE_CURVE('',#1507,#1509,#1741,.T.);
#1130=EDGE_CURVE('',#1510,#1461,#1742,.T.);
#1131=EDGE_CURVE('',#1511,#1510,#1743,.T.);
#1132=EDGE_CURVE('',#1511,#1459,#1744,.T.);
#1133=EDGE_CURVE('',#1512,#1513,#1745,.T.);
#1134=EDGE_CURVE('',#1513,#1464,#1746,.T.);
#1135=EDGE_CURVE('',#1512,#1462,#1747,.T.);
#1136=EDGE_CURVE('',#1514,#1465,#1748,.T.);
#1137=EDGE_CURVE('',#1515,#1514,#1749,.T.);
#1138=EDGE_CURVE('',#1515,#1463,#1750,.T.);
#1139=EDGE_CURVE('',#1516,#1517,#1751,.T.);
#1140=EDGE_CURVE('',#1517,#1468,#1752,.T.);
#1141=EDGE_CURVE('',#1516,#1466,#1753,.T.);
#1142=EDGE_CURVE('',#1518,#1469,#1754,.T.);
#1143=EDGE_CURVE('',#1519,#1518,#1755,.T.);
#1144=EDGE_CURVE('',#1519,#1467,#1756,.T.);
#1145=EDGE_CURVE('',#1520,#1521,#1757,.T.);
#1146=EDGE_CURVE('',#1521,#1472,#1758,.T.);
#1147=EDGE_CURVE('',#1520,#1470,#1759,.T.);
#1148=EDGE_CURVE('',#1522,#1473,#1760,.T.);
#1149=EDGE_CURVE('',#1523,#1522,#1761,.T.);
#1150=EDGE_CURVE('',#1523,#1471,#1762,.T.);
#1151=EDGE_CURVE('',#1524,#1525,#1763,.T.);
#1152=EDGE_CURVE('',#1525,#1476,#1764,.T.);
#1153=EDGE_CURVE('',#1524,#1474,#1765,.T.);
#1154=EDGE_CURVE('',#1526,#1477,#1766,.T.);
#1155=EDGE_CURVE('',#1527,#1526,#1767,.T.);
#1156=EDGE_CURVE('',#1527,#1475,#1768,.T.);
#1157=EDGE_CURVE('',#1528,#1529,#1769,.T.);
#1158=EDGE_CURVE('',#1529,#1480,#1770,.T.);
#1159=EDGE_CURVE('',#1528,#1478,#1771,.T.);
#1160=EDGE_CURVE('',#1530,#1481,#1772,.T.);
#1161=EDGE_CURVE('',#1531,#1530,#1773,.T.);
#1162=EDGE_CURVE('',#1531,#1479,#1774,.T.);
#1163=EDGE_CURVE('',#1532,#1533,#1775,.T.);
#1164=EDGE_CURVE('',#1533,#1484,#1776,.T.);
#1165=EDGE_CURVE('',#1532,#1482,#1777,.T.);
#1166=EDGE_CURVE('',#1534,#1485,#1778,.T.);
#1167=EDGE_CURVE('',#1535,#1534,#1779,.T.);
#1168=EDGE_CURVE('',#1535,#1483,#1780,.T.);
#1169=EDGE_CURVE('',#1536,#1537,#1781,.T.);
#1170=EDGE_CURVE('',#1537,#1488,#1782,.T.);
#1171=EDGE_CURVE('',#1536,#1486,#1783,.T.);
#1172=EDGE_CURVE('',#1538,#1489,#1784,.T.);
#1173=EDGE_CURVE('',#1539,#1538,#1785,.T.);
#1174=EDGE_CURVE('',#1539,#1487,#1786,.T.);
#1175=EDGE_CURVE('',#1540,#1541,#1787,.T.);
#1176=EDGE_CURVE('',#1541,#1492,#1788,.T.);
#1177=EDGE_CURVE('',#1540,#1490,#1789,.T.);
#1178=EDGE_CURVE('',#1542,#1493,#1790,.T.);
#1179=EDGE_CURVE('',#1543,#1542,#1791,.T.);
#1180=EDGE_CURVE('',#1543,#1491,#1792,.T.);
#1181=EDGE_CURVE('',#1544,#1545,#1793,.T.);
#1182=EDGE_CURVE('',#1545,#1496,#1794,.T.);
#1183=EDGE_CURVE('',#1544,#1494,#1795,.T.);
#1184=EDGE_CURVE('',#1546,#1497,#1796,.T.);
#1185=EDGE_CURVE('',#1547,#1546,#1797,.T.);
#1186=EDGE_CURVE('',#1547,#1495,#1798,.T.);
#1187=EDGE_CURVE('',#1548,#1549,#1799,.T.);
#1188=EDGE_CURVE('',#1549,#1500,#1800,.T.);
#1189=EDGE_CURVE('',#1548,#1498,#1801,.T.);
#1190=EDGE_CURVE('',#1550,#1501,#1802,.T.);
#1191=EDGE_CURVE('',#1551,#1550,#1803,.T.);
#1192=EDGE_CURVE('',#1551,#1499,#1804,.T.);
#1193=EDGE_CURVE('',#1552,#1553,#1805,.T.);
#1194=EDGE_CURVE('',#1553,#1504,#1806,.T.);
#1195=EDGE_CURVE('',#1552,#1502,#1807,.T.);
#1196=EDGE_CURVE('',#1554,#1505,#1808,.T.);
#1197=EDGE_CURVE('',#1555,#1554,#1809,.T.);
#1198=EDGE_CURVE('',#1555,#1503,#1810,.T.);
#1199=EDGE_CURVE('',#1556,#1557,#1811,.T.);
#1200=EDGE_CURVE('',#1557,#1508,#1812,.T.);
#1201=EDGE_CURVE('',#1556,#1506,#1813,.T.);
#1202=EDGE_CURVE('',#1558,#1456,#1814,.T.);
#1203=EDGE_CURVE('',#1559,#1558,#1815,.T.);
#1204=EDGE_CURVE('',#1559,#1457,#1816,.T.);
#1205=EDGE_CURVE('',#1560,#1561,#1817,.T.);
#1206=EDGE_CURVE('',#1561,#1460,#1818,.T.);
#1207=EDGE_CURVE('',#1560,#1458,#1819,.T.);
#1208=EDGE_CURVE('',#1510,#1513,#150,.F.);
#1209=EDGE_CURVE('',#1558,#1561,#151,.F.);
#1210=EDGE_CURVE('',#1562,#1455,#1820,.T.);
#1211=EDGE_CURVE('',#1563,#1562,#1821,.T.);
#1212=EDGE_CURVE('',#1397,#1563,#1822,.T.);
#1213=EDGE_CURVE('',#1564,#1396,#1823,.T.);
#1214=EDGE_CURVE('',#1564,#1565,#152,.F.);
#1215=EDGE_CURVE('',#1565,#1509,#1824,.T.);
#1216=EDGE_CURVE('',#1557,#1554,#153,.F.);
#1217=EDGE_CURVE('',#1550,#1553,#154,.F.);
#1218=EDGE_CURVE('',#1546,#1549,#155,.F.);
#1219=EDGE_CURVE('',#1542,#1545,#156,.F.);
#1220=EDGE_CURVE('',#1538,#1541,#157,.F.);
#1221=EDGE_CURVE('',#1534,#1537,#158,.F.);
#1222=EDGE_CURVE('',#1530,#1533,#159,.F.);
#1223=EDGE_CURVE('',#1526,#1529,#160,.F.);
#1224=EDGE_CURVE('',#1522,#1525,#161,.F.);
#1225=EDGE_CURVE('',#1518,#1521,#162,.F.);
#1226=EDGE_CURVE('',#1514,#1517,#163,.F.);
#1227=EDGE_CURVE('',#1566,#1565,#1825,.T.);
#1228=EDGE_CURVE('',#1566,#1507,#1826,.T.);
#1229=EDGE_CURVE('',#1567,#1395,#1827,.T.);
#1230=EDGE_CURVE('',#1567,#1564,#1828,.T.);
#1231=EDGE_CURVE('',#1563,#1568,#1829,.T.);
#1232=EDGE_CURVE('',#1398,#1568,#1830,.T.);
#1233=EDGE_CURVE('',#1569,#1454,#1831,.T.);
#1234=EDGE_CURVE('',#1562,#1569,#1832,.T.);
#1235=EDGE_CURVE('',#1552,#1551,#164,.T.);
#1236=EDGE_CURVE('',#1566,#1567,#165,.T.);
#1237=EDGE_CURVE('',#1516,#1515,#166,.T.);
#1238=EDGE_CURVE('',#1512,#1511,#167,.T.);
#1239=EDGE_CURVE('',#1560,#1559,#168,.T.);
#1240=EDGE_CURVE('',#1555,#1556,#169,.T.);
#1241=EDGE_CURVE('',#1520,#1519,#170,.T.);
#1242=EDGE_CURVE('',#1524,#1523,#171,.T.);
#1243=EDGE_CURVE('',#1528,#1527,#172,.T.);
#1244=EDGE_CURVE('',#1532,#1531,#173,.T.);
#1245=EDGE_CURVE('',#1536,#1535,#174,.T.);
#1246=EDGE_CURVE('',#1540,#1539,#175,.T.);
#1247=EDGE_CURVE('',#1544,#1543,#176,.T.);
#1248=EDGE_CURVE('',#1548,#1547,#177,.T.);
#1249=EDGE_CURVE('',#1342,#1450,#1833,.T.);
#1250=EDGE_CURVE('',#1344,#1448,#1834,.T.);
#1251=EDGE_CURVE('',#1345,#1445,#1835,.T.);
#1252=EDGE_CURVE('',#1343,#1447,#1836,.T.);
#1253=EDGE_CURVE('',#1340,#1446,#1837,.T.);
#1254=EDGE_CURVE('',#1341,#1444,#1838,.T.);
#1255=EDGE_CURVE('',#1338,#1441,#1839,.T.);
#1256=EDGE_CURVE('',#1339,#1443,#1840,.T.);
#1257=EDGE_CURVE('',#1356,#1442,#1841,.T.);
#1258=EDGE_CURVE('',#1357,#1440,#1842,.T.);
#1259=EDGE_CURVE('',#1354,#1437,#1843,.T.);
#1260=EDGE_CURVE('',#1355,#1439,#1844,.T.);
#1261=EDGE_CURVE('',#1360,#1438,#1845,.T.);
#1262=EDGE_CURVE('',#1361,#1436,#1846,.T.);
#1263=EDGE_CURVE('',#1358,#1433,#1847,.T.);
#1264=EDGE_CURVE('',#1359,#1435,#1848,.T.);
#1265=EDGE_CURVE('',#1364,#1434,#1849,.T.);
#1266=EDGE_CURVE('',#1365,#1432,#1850,.T.);
#1267=EDGE_CURVE('',#1362,#1429,#1851,.T.);
#1268=EDGE_CURVE('',#1363,#1431,#1852,.T.);
#1269=EDGE_CURVE('',#1368,#1430,#1853,.T.);
#1270=EDGE_CURVE('',#1369,#1428,#1854,.T.);
#1271=EDGE_CURVE('',#1366,#1425,#1855,.T.);
#1272=EDGE_CURVE('',#1367,#1427,#1856,.T.);
#1273=EDGE_CURVE('',#1372,#1426,#1857,.T.);
#1274=EDGE_CURVE('',#1373,#1424,#1858,.T.);
#1275=EDGE_CURVE('',#1370,#1421,#1859,.T.);
#1276=EDGE_CURVE('',#1371,#1423,#1860,.T.);
#1277=EDGE_CURVE('',#1376,#1422,#1861,.T.);
#1278=EDGE_CURVE('',#1377,#1420,#1862,.T.);
#1279=EDGE_CURVE('',#1374,#1417,#1863,.T.);
#1280=EDGE_CURVE('',#1375,#1419,#1864,.T.);
#1281=EDGE_CURVE('',#1380,#1418,#1865,.T.);
#1282=EDGE_CURVE('',#1381,#1416,#1866,.T.);
#1283=EDGE_CURVE('',#1378,#1413,#1867,.T.);
#1284=EDGE_CURVE('',#1379,#1415,#1868,.T.);
#1285=EDGE_CURVE('',#1384,#1414,#1869,.T.);
#1286=EDGE_CURVE('',#1385,#1412,#1870,.T.);
#1287=EDGE_CURVE('',#1382,#1409,#1871,.T.);
#1288=EDGE_CURVE('',#1383,#1411,#1872,.T.);
#1289=EDGE_CURVE('',#1332,#1410,#1873,.T.);
#1290=EDGE_CURVE('',#1333,#1408,#1874,.T.);
#1291=EDGE_CURVE('',#1330,#1405,#1875,.T.);
#1292=EDGE_CURVE('',#1331,#1407,#1876,.T.);
#1293=EDGE_CURVE('',#1352,#1406,#1877,.T.);
#1294=EDGE_CURVE('',#1353,#1404,#1878,.T.);
#1295=EDGE_CURVE('',#1350,#1401,#1879,.T.);
#1296=EDGE_CURVE('',#1351,#1403,#1880,.T.);
#1297=EDGE_CURVE('',#1346,#1453,#1881,.T.);
#1298=EDGE_CURVE('',#1348,#1452,#1882,.T.);
#1299=EDGE_CURVE('',#1349,#1449,#1883,.T.);
#1300=EDGE_CURVE('',#1347,#1451,#1884,.T.);
#1301=EDGE_CURVE('',#1336,#1402,#1885,.T.);
#1302=EDGE_CURVE('',#1335,#1399,#1886,.T.);
#1303=EDGE_CURVE('',#1568,#1569,#1887,.T.);
#1304=EDGE_CURVE('',#1337,#1400,#1888,.T.);
#1305=EDGE_CURVE('',#1334,#1394,#1889,.T.);
#1306=EDGE_CURVE('',#1570,#1571,#1890,.T.);
#1307=EDGE_CURVE('',#1572,#1571,#1891,.T.);
#1308=EDGE_CURVE('',#1573,#1572,#1892,.T.);
#1309=EDGE_CURVE('',#1570,#1573,#1893,.T.);
#1310=EDGE_CURVE('',#1573,#1574,#1894,.T.);
#1311=EDGE_CURVE('',#1574,#1575,#1895,.T.);
#1312=EDGE_CURVE('',#1570,#1575,#1896,.T.);
#1313=EDGE_CURVE('',#1576,#1574,#1897,.T.);
#1314=EDGE_CURVE('',#1577,#1576,#1898,.T.);
#1315=EDGE_CURVE('',#1577,#1575,#1899,.T.);
#1316=EDGE_CURVE('',#1577,#1571,#1900,.T.);
#1317=EDGE_CURVE('',#1576,#1572,#1901,.T.);
#1318=EDGE_CURVE('',#1578,#1579,#1902,.T.);
#1319=EDGE_CURVE('',#1578,#1580,#1903,.T.);
#1320=EDGE_CURVE('',#1580,#1581,#1904,.T.);
#1321=EDGE_CURVE('',#1581,#1579,#1905,.T.);
#1322=EDGE_CURVE('',#1582,#1583,#1906,.T.);
#1323=EDGE_CURVE('',#1584,#1583,#1907,.T.);
#1324=EDGE_CURVE('',#1585,#1584,#1908,.T.);
#1325=EDGE_CURVE('',#1585,#1582,#1909,.T.);
#1326=EDGE_CURVE('',#1581,#1583,#1910,.T.);
#1327=EDGE_CURVE('',#1579,#1582,#1911,.T.);
#1328=EDGE_CURVE('',#1585,#1578,#1912,.T.);
#1329=EDGE_CURVE('',#1584,#1580,#1913,.T.);
#1330=VERTEX_POINT('',#3385);
#1331=VERTEX_POINT('',#3386);
#1332=VERTEX_POINT('',#3393);
#1333=VERTEX_POINT('',#3395);
#1334=VERTEX_POINT('',#3425);
#1335=VERTEX_POINT('',#3426);
#1336=VERTEX_POINT('',#3433);
#1337=VERTEX_POINT('',#3435);
#1338=VERTEX_POINT('',#3461);
#1339=VERTEX_POINT('',#3462);
#1340=VERTEX_POINT('',#3469);
#1341=VERTEX_POINT('',#3471);
#1342=VERTEX_POINT('',#3506);
#1343=VERTEX_POINT('',#3507);
#1344=VERTEX_POINT('',#3509);
#1345=VERTEX_POINT('',#3516);
#1346=VERTEX_POINT('',#3546);
#1347=VERTEX_POINT('',#3547);
#1348=VERTEX_POINT('',#3549);
#1349=VERTEX_POINT('',#3556);
#1350=VERTEX_POINT('',#3581);
#1351=VERTEX_POINT('',#3582);
#1352=VERTEX_POINT('',#3589);
#1353=VERTEX_POINT('',#3591);
#1354=VERTEX_POINT('',#3617);
#1355=VERTEX_POINT('',#3618);
#1356=VERTEX_POINT('',#3625);
#1357=VERTEX_POINT('',#3627);
#1358=VERTEX_POINT('',#3653);
#1359=VERTEX_POINT('',#3654);
#1360=VERTEX_POINT('',#3661);
#1361=VERTEX_POINT('',#3663);
#1362=VERTEX_POINT('',#3689);
#1363=VERTEX_POINT('',#3690);
#1364=VERTEX_POINT('',#3697);
#1365=VERTEX_POINT('',#3699);
#1366=VERTEX_POINT('',#3725);
#1367=VERTEX_POINT('',#3726);
#1368=VERTEX_POINT('',#3733);
#1369=VERTEX_POINT('',#3735);
#1370=VERTEX_POINT('',#3763);
#1371=VERTEX_POINT('',#3764);
#1372=VERTEX_POINT('',#3771);
#1373=VERTEX_POINT('',#3773);
#1374=VERTEX_POINT('',#3803);
#1375=VERTEX_POINT('',#3804);
#1376=VERTEX_POINT('',#3811);
#1377=VERTEX_POINT('',#3813);
#1378=VERTEX_POINT('',#3843);
#1379=VERTEX_POINT('',#3844);
#1380=VERTEX_POINT('',#3851);
#1381=VERTEX_POINT('',#3853);
#1382=VERTEX_POINT('',#3883);
#1383=VERTEX_POINT('',#3884);
#1384=VERTEX_POINT('',#3891);
#1385=VERTEX_POINT('',#3893);
#1386=VERTEX_POINT('',#3902);
#1387=VERTEX_POINT('',#3903);
#1388=VERTEX_POINT('',#3905);
#1389=VERTEX_POINT('',#3907);
#1390=VERTEX_POINT('',#3911);
#1391=VERTEX_POINT('',#3912);
#1392=VERTEX_POINT('',#3914);
#1393=VERTEX_POINT('',#3916);
#1394=VERTEX_POINT('',#3923);
#1395=VERTEX_POINT('',#3925);
#1396=VERTEX_POINT('',#3927);
#1397=VERTEX_POINT('',#3929);
#1398=VERTEX_POINT('',#3931);
#1399=VERTEX_POINT('',#3933);
#1400=VERTEX_POINT('',#3937);
#1401=VERTEX_POINT('',#3938);
#1402=VERTEX_POINT('',#3940);
#1403=VERTEX_POINT('',#3942);
#1404=VERTEX_POINT('',#3946);
#1405=VERTEX_POINT('',#3947);
#1406=VERTEX_POINT('',#3949);
#1407=VERTEX_POINT('',#3951);
#1408=VERTEX_POINT('',#3955);
#1409=VERTEX_POINT('',#3956);
#1410=VERTEX_POINT('',#3958);
#1411=VERTEX_POINT('',#3960);
#1412=VERTEX_POINT('',#3964);
#1413=VERTEX_POINT('',#3965);
#1414=VERTEX_POINT('',#3967);
#1415=VERTEX_POINT('',#3969);
#1416=VERTEX_POINT('',#3973);
#1417=VERTEX_POINT('',#3974);
#1418=VERTEX_POINT('',#3976);
#1419=VERTEX_POINT('',#3978);
#1420=VERTEX_POINT('',#3982);
#1421=VERTEX_POINT('',#3983);
#1422=VERTEX_POINT('',#3985);
#1423=VERTEX_POINT('',#3987);
#1424=VERTEX_POINT('',#3991);
#1425=VERTEX_POINT('',#3992);
#1426=VERTEX_POINT('',#3994);
#1427=VERTEX_POINT('',#3996);
#1428=VERTEX_POINT('',#4000);
#1429=VERTEX_POINT('',#4001);
#1430=VERTEX_POINT('',#4003);
#1431=VERTEX_POINT('',#4005);
#1432=VERTEX_POINT('',#4009);
#1433=VERTEX_POINT('',#4010);
#1434=VERTEX_POINT('',#4012);
#1435=VERTEX_POINT('',#4014);
#1436=VERTEX_POINT('',#4018);
#1437=VERTEX_POINT('',#4019);
#1438=VERTEX_POINT('',#4021);
#1439=VERTEX_POINT('',#4023);
#1440=VERTEX_POINT('',#4027);
#1441=VERTEX_POINT('',#4028);
#1442=VERTEX_POINT('',#4030);
#1443=VERTEX_POINT('',#4032);
#1444=VERTEX_POINT('',#4036);
#1445=VERTEX_POINT('',#4037);
#1446=VERTEX_POINT('',#4039);
#1447=VERTEX_POINT('',#4041);
#1448=VERTEX_POINT('',#4045);
#1449=VERTEX_POINT('',#4046);
#1450=VERTEX_POINT('',#4048);
#1451=VERTEX_POINT('',#4050);
#1452=VERTEX_POINT('',#4054);
#1453=VERTEX_POINT('',#4056);
#1454=VERTEX_POINT('',#4058);
#1455=VERTEX_POINT('',#4060);
#1456=VERTEX_POINT('',#4062);
#1457=VERTEX_POINT('',#4064);
#1458=VERTEX_POINT('',#4068);
#1459=VERTEX_POINT('',#4069);
#1460=VERTEX_POINT('',#4071);
#1461=VERTEX_POINT('',#4073);
#1462=VERTEX_POINT('',#4077);
#1463=VERTEX_POINT('',#4078);
#1464=VERTEX_POINT('',#4080);
#1465=VERTEX_POINT('',#4082);
#1466=VERTEX_POINT('',#4086);
#1467=VERTEX_POINT('',#4087);
#1468=VERTEX_POINT('',#4089);
#1469=VERTEX_POINT('',#4091);
#1470=VERTEX_POINT('',#4095);
#1471=VERTEX_POINT('',#4096);
#1472=VERTEX_POINT('',#4098);
#1473=VERTEX_POINT('',#4100);
#1474=VERTEX_POINT('',#4104);
#1475=VERTEX_POINT('',#4105);
#1476=VERTEX_POINT('',#4107);
#1477=VERTEX_POINT('',#4109);
#1478=VERTEX_POINT('',#4113);
#1479=VERTEX_POINT('',#4114);
#1480=VERTEX_POINT('',#4116);
#1481=VERTEX_POINT('',#4118);
#1482=VERTEX_POINT('',#4122);
#1483=VERTEX_POINT('',#4123);
#1484=VERTEX_POINT('',#4125);
#1485=VERTEX_POINT('',#4127);
#1486=VERTEX_POINT('',#4131);
#1487=VERTEX_POINT('',#4132);
#1488=VERTEX_POINT('',#4134);
#1489=VERTEX_POINT('',#4136);
#1490=VERTEX_POINT('',#4140);
#1491=VERTEX_POINT('',#4141);
#1492=VERTEX_POINT('',#4143);
#1493=VERTEX_POINT('',#4145);
#1494=VERTEX_POINT('',#4149);
#1495=VERTEX_POINT('',#4150);
#1496=VERTEX_POINT('',#4152);
#1497=VERTEX_POINT('',#4154);
#1498=VERTEX_POINT('',#4158);
#1499=VERTEX_POINT('',#4159);
#1500=VERTEX_POINT('',#4161);
#1501=VERTEX_POINT('',#4163);
#1502=VERTEX_POINT('',#4167);
#1503=VERTEX_POINT('',#4168);
#1504=VERTEX_POINT('',#4170);
#1505=VERTEX_POINT('',#4172);
#1506=VERTEX_POINT('',#4176);
#1507=VERTEX_POINT('',#4177);
#1508=VERTEX_POINT('',#4179);
#1509=VERTEX_POINT('',#4181);
#1510=VERTEX_POINT('',#4185);
#1511=VERTEX_POINT('',#4187);
#1512=VERTEX_POINT('',#4191);
#1513=VERTEX_POINT('',#4192);
#1514=VERTEX_POINT('',#4197);
#1515=VERTEX_POINT('',#4199);
#1516=VERTEX_POINT('',#4203);
#1517=VERTEX_POINT('',#4204);
#1518=VERTEX_POINT('',#4209);
#1519=VERTEX_POINT('',#4211);
#1520=VERTEX_POINT('',#4215);
#1521=VERTEX_POINT('',#4216);
#1522=VERTEX_POINT('',#4221);
#1523=VERTEX_POINT('',#4223);
#1524=VERTEX_POINT('',#4227);
#1525=VERTEX_POINT('',#4228);
#1526=VERTEX_POINT('',#4233);
#1527=VERTEX_POINT('',#4235);
#1528=VERTEX_POINT('',#4239);
#1529=VERTEX_POINT('',#4240);
#1530=VERTEX_POINT('',#4245);
#1531=VERTEX_POINT('',#4247);
#1532=VERTEX_POINT('',#4251);
#1533=VERTEX_POINT('',#4252);
#1534=VERTEX_POINT('',#4257);
#1535=VERTEX_POINT('',#4259);
#1536=VERTEX_POINT('',#4263);
#1537=VERTEX_POINT('',#4264);
#1538=VERTEX_POINT('',#4269);
#1539=VERTEX_POINT('',#4271);
#1540=VERTEX_POINT('',#4275);
#1541=VERTEX_POINT('',#4276);
#1542=VERTEX_POINT('',#4281);
#1543=VERTEX_POINT('',#4283);
#1544=VERTEX_POINT('',#4287);
#1545=VERTEX_POINT('',#4288);
#1546=VERTEX_POINT('',#4293);
#1547=VERTEX_POINT('',#4295);
#1548=VERTEX_POINT('',#4299);
#1549=VERTEX_POINT('',#4300);
#1550=VERTEX_POINT('',#4305);
#1551=VERTEX_POINT('',#4307);
#1552=VERTEX_POINT('',#4311);
#1553=VERTEX_POINT('',#4312);
#1554=VERTEX_POINT('',#4317);
#1555=VERTEX_POINT('',#4319);
#1556=VERTEX_POINT('',#4323);
#1557=VERTEX_POINT('',#4324);
#1558=VERTEX_POINT('',#4329);
#1559=VERTEX_POINT('',#4331);
#1560=VERTEX_POINT('',#4335);
#1561=VERTEX_POINT('',#4336);
#1562=VERTEX_POINT('',#4353);
#1563=VERTEX_POINT('',#4355);
#1564=VERTEX_POINT('',#4358);
#1565=VERTEX_POINT('',#4365);
#1566=VERTEX_POINT('',#4435);
#1567=VERTEX_POINT('',#4439);
#1568=VERTEX_POINT('',#4443);
#1569=VERTEX_POINT('',#4447);
#1570=VERTEX_POINT('',#4911);
#1571=VERTEX_POINT('',#4912);
#1572=VERTEX_POINT('',#4914);
#1573=VERTEX_POINT('',#4916);
#1574=VERTEX_POINT('',#4920);
#1575=VERTEX_POINT('',#4922);
#1576=VERTEX_POINT('',#4926);
#1577=VERTEX_POINT('',#4928);
#1578=VERTEX_POINT('',#4938);
#1579=VERTEX_POINT('',#4939);
#1580=VERTEX_POINT('',#4941);
#1581=VERTEX_POINT('',#4943);
#1582=VERTEX_POINT('',#4947);
#1583=VERTEX_POINT('',#4948);
#1584=VERTEX_POINT('',#4950);
#1585=VERTEX_POINT('',#4952);
#1586=LINE('',#3384,#1914);
#1587=LINE('',#3394,#1915);
#1588=LINE('',#3424,#1916);
#1589=LINE('',#3434,#1917);
#1590=LINE('',#3460,#1918);
#1591=LINE('',#3470,#1919);
#1592=LINE('',#3508,#1920);
#1593=LINE('',#3517,#1921);
#1594=LINE('',#3548,#1922);
#1595=LINE('',#3557,#1923);
#1596=LINE('',#3580,#1924);
#1597=LINE('',#3590,#1925);
#1598=LINE('',#3616,#1926);
#1599=LINE('',#3626,#1927);
#1600=LINE('',#3652,#1928);
#1601=LINE('',#3662,#1929);
#1602=LINE('',#3688,#1930);
#1603=LINE('',#3698,#1931);
#1604=LINE('',#3724,#1932);
#1605=LINE('',#3734,#1933);
#1606=LINE('',#3762,#1934);
#1607=LINE('',#3772,#1935);
#1608=LINE('',#3802,#1936);
#1609=LINE('',#3812,#1937);
#1610=LINE('',#3842,#1938);
#1611=LINE('',#3852,#1939);
#1612=LINE('',#3882,#1940);
#1613=LINE('',#3892,#1941);
#1614=LINE('',#3901,#1942);
#1615=LINE('',#3904,#1943);
#1616=LINE('',#3906,#1944);
#1617=LINE('',#3908,#1945);
#1618=LINE('',#3910,#1946);
#1619=LINE('',#3913,#1947);
#1620=LINE('',#3915,#1948);
#1621=LINE('',#3917,#1949);
#1622=LINE('',#3919,#1950);
#1623=LINE('',#3920,#1951);
#1624=LINE('',#3922,#1952);
#1625=LINE('',#3924,#1953);
#1626=LINE('',#3926,#1954);
#1627=LINE('',#3928,#1955);
#1628=LINE('',#3930,#1956);
#1629=LINE('',#3932,#1957);
#1630=LINE('',#3934,#1958);
#1631=LINE('',#3936,#1959);
#1632=LINE('',#3939,#1960);
#1633=LINE('',#3941,#1961);
#1634=LINE('',#3943,#1962);
#1635=LINE('',#3945,#1963);
#1636=LINE('',#3948,#1964);
#1637=LINE('',#3950,#1965);
#1638=LINE('',#3952,#1966);
#1639=LINE('',#3954,#1967);
#1640=LINE('',#3957,#1968);
#1641=LINE('',#3959,#1969);
#1642=LINE('',#3961,#1970);
#1643=LINE('',#3963,#1971);
#1644=LINE('',#3966,#1972);
#1645=LINE('',#3968,#1973);
#1646=LINE('',#3970,#1974);
#1647=LINE('',#3972,#1975);
#1648=LINE('',#3975,#1976);
#1649=LINE('',#3977,#1977);
#1650=LINE('',#3979,#1978);
#1651=LINE('',#3981,#1979);
#1652=LINE('',#3984,#1980);
#1653=LINE('',#3986,#1981);
#1654=LINE('',#3988,#1982);
#1655=LINE('',#3990,#1983);
#1656=LINE('',#3993,#1984);
#1657=LINE('',#3995,#1985);
#1658=LINE('',#3997,#1986);
#1659=LINE('',#3999,#1987);
#1660=LINE('',#4002,#1988);
#1661=LINE('',#4004,#1989);
#1662=LINE('',#4006,#1990);
#1663=LINE('',#4008,#1991);
#1664=LINE('',#4011,#1992);
#1665=LINE('',#4013,#1993);
#1666=LINE('',#4015,#1994);
#1667=LINE('',#4017,#1995);
#1668=LINE('',#4020,#1996);
#1669=LINE('',#4022,#1997);
#1670=LINE('',#4024,#1998);
#1671=LINE('',#4026,#1999);
#1672=LINE('',#4029,#2000);
#1673=LINE('',#4031,#2001);
#1674=LINE('',#4033,#2002);
#1675=LINE('',#4035,#2003);
#1676=LINE('',#4038,#2004);
#1677=LINE('',#4040,#2005);
#1678=LINE('',#4042,#2006);
#1679=LINE('',#4044,#2007);
#1680=LINE('',#4047,#2008);
#1681=LINE('',#4049,#2009);
#1682=LINE('',#4051,#2010);
#1683=LINE('',#4053,#2011);
#1684=LINE('',#4055,#2012);
#1685=LINE('',#4057,#2013);
#1686=LINE('',#4059,#2014);
#1687=LINE('',#4061,#2015);
#1688=LINE('',#4063,#2016);
#1689=LINE('',#4065,#2017);
#1690=LINE('',#4067,#2018);
#1691=LINE('',#4070,#2019);
#1692=LINE('',#4072,#2020);
#1693=LINE('',#4074,#2021);
#1694=LINE('',#4076,#2022);
#1695=LINE('',#4079,#2023);
#1696=LINE('',#4081,#2024);
#1697=LINE('',#4083,#2025);
#1698=LINE('',#4085,#2026);
#1699=LINE('',#4088,#2027);
#1700=LINE('',#4090,#2028);
#1701=LINE('',#4092,#2029);
#1702=LINE('',#4094,#2030);
#1703=LINE('',#4097,#2031);
#1704=LINE('',#4099,#2032);
#1705=LINE('',#4101,#2033);
#1706=LINE('',#4103,#2034);
#1707=LINE('',#4106,#2035);
#1708=LINE('',#4108,#2036);
#1709=LINE('',#4110,#2037);
#1710=LINE('',#4112,#2038);
#1711=LINE('',#4115,#2039);
#1712=LINE('',#4117,#2040);
#1713=LINE('',#4119,#2041);
#1714=LINE('',#4121,#2042);
#1715=LINE('',#4124,#2043);
#1716=LINE('',#4126,#2044);
#1717=LINE('',#4128,#2045);
#1718=LINE('',#4130,#2046);
#1719=LINE('',#4133,#2047);
#1720=LINE('',#4135,#2048);
#1721=LINE('',#4137,#2049);
#1722=LINE('',#4139,#2050);
#1723=LINE('',#4142,#2051);
#1724=LINE('',#4144,#2052);
#1725=LINE('',#4146,#2053);
#1726=LINE('',#4148,#2054);
#1727=LINE('',#4151,#2055);
#1728=LINE('',#4153,#2056);
#1729=LINE('',#4155,#2057);
#1730=LINE('',#4157,#2058);
#1731=LINE('',#4160,#2059);
#1732=LINE('',#4162,#2060);
#1733=LINE('',#4164,#2061);
#1734=LINE('',#4166,#2062);
#1735=LINE('',#4169,#2063);
#1736=LINE('',#4171,#2064);
#1737=LINE('',#4173,#2065);
#1738=LINE('',#4175,#2066);
#1739=LINE('',#4178,#2067);
#1740=LINE('',#4180,#2068);
#1741=LINE('',#4182,#2069);
#1742=LINE('',#4184,#2070);
#1743=LINE('',#4186,#2071);
#1744=LINE('',#4188,#2072);
#1745=LINE('',#4190,#2073);
#1746=LINE('',#4193,#2074);
#1747=LINE('',#4194,#2075);
#1748=LINE('',#4196,#2076);
#1749=LINE('',#4198,#2077);
#1750=LINE('',#4200,#2078);
#1751=LINE('',#4202,#2079);
#1752=LINE('',#4205,#2080);
#1753=LINE('',#4206,#2081);
#1754=LINE('',#4208,#2082);
#1755=LINE('',#4210,#2083);
#1756=LINE('',#4212,#2084);
#1757=LINE('',#4214,#2085);
#1758=LINE('',#4217,#2086);
#1759=LINE('',#4218,#2087);
#1760=LINE('',#4220,#2088);
#1761=LINE('',#4222,#2089);
#1762=LINE('',#4224,#2090);
#1763=LINE('',#4226,#2091);
#1764=LINE('',#4229,#2092);
#1765=LINE('',#4230,#2093);
#1766=LINE('',#4232,#2094);
#1767=LINE('',#4234,#2095);
#1768=LINE('',#4236,#2096);
#1769=LINE('',#4238,#2097);
#1770=LINE('',#4241,#2098);
#1771=LINE('',#4242,#2099);
#1772=LINE('',#4244,#2100);
#1773=LINE('',#4246,#2101);
#1774=LINE('',#4248,#2102);
#1775=LINE('',#4250,#2103);
#1776=LINE('',#4253,#2104);
#1777=LINE('',#4254,#2105);
#1778=LINE('',#4256,#2106);
#1779=LINE('',#4258,#2107);
#1780=LINE('',#4260,#2108);
#1781=LINE('',#4262,#2109);
#1782=LINE('',#4265,#2110);
#1783=LINE('',#4266,#2111);
#1784=LINE('',#4268,#2112);
#1785=LINE('',#4270,#2113);
#1786=LINE('',#4272,#2114);
#1787=LINE('',#4274,#2115);
#1788=LINE('',#4277,#2116);
#1789=LINE('',#4278,#2117);
#1790=LINE('',#4280,#2118);
#1791=LINE('',#4282,#2119);
#1792=LINE('',#4284,#2120);
#1793=LINE('',#4286,#2121);
#1794=LINE('',#4289,#2122);
#1795=LINE('',#4290,#2123);
#1796=LINE('',#4292,#2124);
#1797=LINE('',#4294,#2125);
#1798=LINE('',#4296,#2126);
#1799=LINE('',#4298,#2127);
#1800=LINE('',#4301,#2128);
#1801=LINE('',#4302,#2129);
#1802=LINE('',#4304,#2130);
#1803=LINE('',#4306,#2131);
#1804=LINE('',#4308,#2132);
#1805=LINE('',#4310,#2133);
#1806=LINE('',#4313,#2134);
#1807=LINE('',#4314,#2135);
#1808=LINE('',#4316,#2136);
#1809=LINE('',#4318,#2137);
#1810=LINE('',#4320,#2138);
#1811=LINE('',#4322,#2139);
#1812=LINE('',#4325,#2140);
#1813=LINE('',#4326,#2141);
#1814=LINE('',#4328,#2142);
#1815=LINE('',#4330,#2143);
#1816=LINE('',#4332,#2144);
#1817=LINE('',#4334,#2145);
#1818=LINE('',#4337,#2146);
#1819=LINE('',#4338,#2147);
#1820=LINE('',#4352,#2148);
#1821=LINE('',#4354,#2149);
#1822=LINE('',#4356,#2150);
#1823=LINE('',#4357,#2151);
#1824=LINE('',#4366,#2152);
#1825=LINE('',#4434,#2153);
#1826=LINE('',#4436,#2154);
#1827=LINE('',#4438,#2155);
#1828=LINE('',#4440,#2156);
#1829=LINE('',#4442,#2157);
#1830=LINE('',#4444,#2158);
#1831=LINE('',#4446,#2159);
#1832=LINE('',#4448,#2160);
#1833=LINE('',#4820,#2161);
#1834=LINE('',#4821,#2162);
#1835=LINE('',#4823,#2163);
#1836=LINE('',#4824,#2164);
#1837=LINE('',#4826,#2165);
#1838=LINE('',#4827,#2166);
#1839=LINE('',#4829,#2167);
#1840=LINE('',#4830,#2168);
#1841=LINE('',#4832,#2169);
#1842=LINE('',#4833,#2170);
#1843=LINE('',#4835,#2171);
#1844=LINE('',#4836,#2172);
#1845=LINE('',#4838,#2173);
#1846=LINE('',#4839,#2174);
#1847=LINE('',#4841,#2175);
#1848=LINE('',#4842,#2176);
#1849=LINE('',#4844,#2177);
#1850=LINE('',#4845,#2178);
#1851=LINE('',#4847,#2179);
#1852=LINE('',#4848,#2180);
#1853=LINE('',#4850,#2181);
#1854=LINE('',#4851,#2182);
#1855=LINE('',#4853,#2183);
#1856=LINE('',#4854,#2184);
#1857=LINE('',#4856,#2185);
#1858=LINE('',#4857,#2186);
#1859=LINE('',#4859,#2187);
#1860=LINE('',#4860,#2188);
#1861=LINE('',#4862,#2189);
#1862=LINE('',#4863,#2190);
#1863=LINE('',#4865,#2191);
#1864=LINE('',#4866,#2192);
#1865=LINE('',#4868,#2193);
#1866=LINE('',#4869,#2194);
#1867=LINE('',#4871,#2195);
#1868=LINE('',#4872,#2196);
#1869=LINE('',#4874,#2197);
#1870=LINE('',#4875,#2198);
#1871=LINE('',#4877,#2199);
#1872=LINE('',#4878,#2200);
#1873=LINE('',#4880,#2201);
#1874=LINE('',#4881,#2202);
#1875=LINE('',#4883,#2203);
#1876=LINE('',#4884,#2204);
#1877=LINE('',#4886,#2205);
#1878=LINE('',#4887,#2206);
#1879=LINE('',#4889,#2207);
#1880=LINE('',#4890,#2208);
#1881=LINE('',#4892,#2209);
#1882=LINE('',#4893,#2210);
#1883=LINE('',#4895,#2211);
#1884=LINE('',#4896,#2212);
#1885=LINE('',#4898,#2213);
#1886=LINE('',#4899,#2214);
#1887=LINE('',#4900,#2215);
#1888=LINE('',#4902,#2216);
#1889=LINE('',#4904,#2217);
#1890=LINE('',#4910,#2218);
#1891=LINE('',#4913,#2219);
#1892=LINE('',#4915,#2220);
#1893=LINE('',#4917,#2221);
#1894=LINE('',#4919,#2222);
#1895=LINE('',#4921,#2223);
#1896=LINE('',#4923,#2224);
#1897=LINE('',#4925,#2225);
#1898=LINE('',#4927,#2226);
#1899=LINE('',#4929,#2227);
#1900=LINE('',#4931,#2228);
#1901=LINE('',#4932,#2229);
#1902=LINE('',#4937,#2230);
#1903=LINE('',#4940,#2231);
#1904=LINE('',#4942,#2232);
#1905=LINE('',#4944,#2233);
#1906=LINE('',#4946,#2234);
#1907=LINE('',#4949,#2235);
#1908=LINE('',#4951,#2236);
#1909=LINE('',#4953,#2237);
#1910=LINE('',#4955,#2238);
#1911=LINE('',#4956,#2239);
#1912=LINE('',#4958,#2240);
#1913=LINE('',#4959,#2241);
#1914=VECTOR('',#2817,1.);
#1915=VECTOR('',#2818,1.);
#1916=VECTOR('',#2819,1.);
#1917=VECTOR('',#2820,1.);
#1918=VECTOR('',#2821,1.);
#1919=VECTOR('',#2822,1.);
#1920=VECTOR('',#2823,1.);
#1921=VECTOR('',#2824,1.);
#1922=VECTOR('',#2825,1.);
#1923=VECTOR('',#2826,1.);
#1924=VECTOR('',#2827,1.);
#1925=VECTOR('',#2828,1.);
#1926=VECTOR('',#2829,1.);
#1927=VECTOR('',#2830,1.);
#1928=VECTOR('',#2831,1.);
#1929=VECTOR('',#2832,1.);
#1930=VECTOR('',#2833,1.);
#1931=VECTOR('',#2834,1.);
#1932=VECTOR('',#2835,1.);
#1933=VECTOR('',#2836,1.);
#1934=VECTOR('',#2837,1.);
#1935=VECTOR('',#2838,1.);
#1936=VECTOR('',#2839,1.);
#1937=VECTOR('',#2840,1.);
#1938=VECTOR('',#2841,1.);
#1939=VECTOR('',#2842,1.);
#1940=VECTOR('',#2843,1.);
#1941=VECTOR('',#2844,1.);
#1942=VECTOR('',#2847,1.);
#1943=VECTOR('',#2848,1.);
#1944=VECTOR('',#2849,1.);
#1945=VECTOR('',#2850,1.);
#1946=VECTOR('',#2853,1.);
#1947=VECTOR('',#2854,1.);
#1948=VECTOR('',#2855,1.);
#1949=VECTOR('',#2856,1.);
#1950=VECTOR('',#2859,1.);
#1951=VECTOR('',#2860,1.);
#1952=VECTOR('',#2863,1.);
#1953=VECTOR('',#2864,1.);
#1954=VECTOR('',#2865,1.);
#1955=VECTOR('',#2866,1.);
#1956=VECTOR('',#2867,1.);
#1957=VECTOR('',#2868,1.);
#1958=VECTOR('',#2869,1.);
#1959=VECTOR('',#2872,1.);
#1960=VECTOR('',#2873,1.);
#1961=VECTOR('',#2874,1.);
#1962=VECTOR('',#2875,1.);
#1963=VECTOR('',#2878,1.);
#1964=VECTOR('',#2879,1.);
#1965=VECTOR('',#2880,1.);
#1966=VECTOR('',#2881,1.);
#1967=VECTOR('',#2884,1.);
#1968=VECTOR('',#2885,1.);
#1969=VECTOR('',#2886,1.);
#1970=VECTOR('',#2887,1.);
#1971=VECTOR('',#2890,1.);
#1972=VECTOR('',#2891,1.);
#1973=VECTOR('',#2892,1.);
#1974=VECTOR('',#2893,1.);
#1975=VECTOR('',#2896,1.);
#1976=VECTOR('',#2897,1.);
#1977=VECTOR('',#2898,1.);
#1978=VECTOR('',#2899,1.);
#1979=VECTOR('',#2902,1.);
#1980=VECTOR('',#2903,1.);
#1981=VECTOR('',#2904,1.);
#1982=VECTOR('',#2905,1.);
#1983=VECTOR('',#2908,1.);
#1984=VECTOR('',#2909,1.);
#1985=VECTOR('',#2910,1.);
#1986=VECTOR('',#2911,1.);
#1987=VECTOR('',#2914,1.);
#1988=VECTOR('',#2915,1.);
#1989=VECTOR('',#2916,1.);
#1990=VECTOR('',#2917,1.);
#1991=VECTOR('',#2920,1.);
#1992=VECTOR('',#2921,1.);
#1993=VECTOR('',#2922,1.);
#1994=VECTOR('',#2923,1.);
#1995=VECTOR('',#2926,1.);
#1996=VECTOR('',#2927,1.);
#1997=VECTOR('',#2928,1.);
#1998=VECTOR('',#2929,1.);
#1999=VECTOR('',#2932,1.);
#2000=VECTOR('',#2933,1.);
#2001=VECTOR('',#2934,1.);
#2002=VECTOR('',#2935,1.);
#2003=VECTOR('',#2938,1.);
#2004=VECTOR('',#2939,1.);
#2005=VECTOR('',#2940,1.);
#2006=VECTOR('',#2941,1.);
#2007=VECTOR('',#2944,1.);
#2008=VECTOR('',#2945,1.);
#2009=VECTOR('',#2946,1.);
#2010=VECTOR('',#2947,1.);
#2011=VECTOR('',#2950,1.);
#2012=VECTOR('',#2951,1.);
#2013=VECTOR('',#2952,1.);
#2014=VECTOR('',#2953,1.);
#2015=VECTOR('',#2954,1.);
#2016=VECTOR('',#2955,1.);
#2017=VECTOR('',#2956,1.);
#2018=VECTOR('',#2959,1.);
#2019=VECTOR('',#2960,1.);
#2020=VECTOR('',#2961,1.);
#2021=VECTOR('',#2962,1.);
#2022=VECTOR('',#2965,1.);
#2023=VECTOR('',#2966,1.);
#2024=VECTOR('',#2967,1.);
#2025=VECTOR('',#2968,1.);
#2026=VECTOR('',#2971,1.);
#2027=VECTOR('',#2972,1.);
#2028=VECTOR('',#2973,1.);
#2029=VECTOR('',#2974,1.);
#2030=VECTOR('',#2977,1.);
#2031=VECTOR('',#2978,1.);
#2032=VECTOR('',#2979,1.);
#2033=VECTOR('',#2980,1.);
#2034=VECTOR('',#2983,1.);
#2035=VECTOR('',#2984,1.);
#2036=VECTOR('',#2985,1.);
#2037=VECTOR('',#2986,1.);
#2038=VECTOR('',#2989,1.);
#2039=VECTOR('',#2990,1.);
#2040=VECTOR('',#2991,1.);
#2041=VECTOR('',#2992,1.);
#2042=VECTOR('',#2995,1.);
#2043=VECTOR('',#2996,1.);
#2044=VECTOR('',#2997,1.);
#2045=VECTOR('',#2998,1.);
#2046=VECTOR('',#3001,1.);
#2047=VECTOR('',#3002,1.);
#2048=VECTOR('',#3003,1.);
#2049=VECTOR('',#3004,1.);
#2050=VECTOR('',#3007,1.);
#2051=VECTOR('',#3008,1.);
#2052=VECTOR('',#3009,1.);
#2053=VECTOR('',#3010,1.);
#2054=VECTOR('',#3013,1.);
#2055=VECTOR('',#3014,1.);
#2056=VECTOR('',#3015,1.);
#2057=VECTOR('',#3016,1.);
#2058=VECTOR('',#3019,1.);
#2059=VECTOR('',#3020,1.);
#2060=VECTOR('',#3021,1.);
#2061=VECTOR('',#3022,1.);
#2062=VECTOR('',#3025,1.);
#2063=VECTOR('',#3026,1.);
#2064=VECTOR('',#3027,1.);
#2065=VECTOR('',#3028,1.);
#2066=VECTOR('',#3031,1.);
#2067=VECTOR('',#3032,1.);
#2068=VECTOR('',#3033,1.);
#2069=VECTOR('',#3034,1.);
#2070=VECTOR('',#3037,1.);
#2071=VECTOR('',#3038,1.);
#2072=VECTOR('',#3039,1.);
#2073=VECTOR('',#3042,1.);
#2074=VECTOR('',#3043,1.);
#2075=VECTOR('',#3044,1.);
#2076=VECTOR('',#3047,1.);
#2077=VECTOR('',#3048,1.);
#2078=VECTOR('',#3049,1.);
#2079=VECTOR('',#3052,1.);
#2080=VECTOR('',#3053,1.);
#2081=VECTOR('',#3054,1.);
#2082=VECTOR('',#3057,1.);
#2083=VECTOR('',#3058,1.);
#2084=VECTOR('',#3059,1.);
#2085=VECTOR('',#3062,1.);
#2086=VECTOR('',#3063,1.);
#2087=VECTOR('',#3064,1.);
#2088=VECTOR('',#3067,1.);
#2089=VECTOR('',#3068,1.);
#2090=VECTOR('',#3069,1.);
#2091=VECTOR('',#3072,1.);
#2092=VECTOR('',#3073,1.);
#2093=VECTOR('',#3074,1.);
#2094=VECTOR('',#3077,1.);
#2095=VECTOR('',#3078,1.);
#2096=VECTOR('',#3079,1.);
#2097=VECTOR('',#3082,1.);
#2098=VECTOR('',#3083,1.);
#2099=VECTOR('',#3084,1.);
#2100=VECTOR('',#3087,1.);
#2101=VECTOR('',#3088,1.);
#2102=VECTOR('',#3089,1.);
#2103=VECTOR('',#3092,1.);
#2104=VECTOR('',#3093,1.);
#2105=VECTOR('',#3094,1.);
#2106=VECTOR('',#3097,1.);
#2107=VECTOR('',#3098,1.);
#2108=VECTOR('',#3099,1.);
#2109=VECTOR('',#3102,1.);
#2110=VECTOR('',#3103,1.);
#2111=VECTOR('',#3104,1.);
#2112=VECTOR('',#3107,1.);
#2113=VECTOR('',#3108,1.);
#2114=VECTOR('',#3109,1.);
#2115=VECTOR('',#3112,1.);
#2116=VECTOR('',#3113,1.);
#2117=VECTOR('',#3114,1.);
#2118=VECTOR('',#3117,1.);
#2119=VECTOR('',#3118,1.);
#2120=VECTOR('',#3119,1.);
#2121=VECTOR('',#3122,1.);
#2122=VECTOR('',#3123,1.);
#2123=VECTOR('',#3124,1.);
#2124=VECTOR('',#3127,1.);
#2125=VECTOR('',#3128,1.);
#2126=VECTOR('',#3129,1.);
#2127=VECTOR('',#3132,1.);
#2128=VECTOR('',#3133,1.);
#2129=VECTOR('',#3134,1.);
#2130=VECTOR('',#3137,1.);
#2131=VECTOR('',#3138,1.);
#2132=VECTOR('',#3139,1.);
#2133=VECTOR('',#3142,1.);
#2134=VECTOR('',#3143,1.);
#2135=VECTOR('',#3144,1.);
#2136=VECTOR('',#3147,1.);
#2137=VECTOR('',#3148,1.);
#2138=VECTOR('',#3149,1.);
#2139=VECTOR('',#3152,1.);
#2140=VECTOR('',#3153,1.);
#2141=VECTOR('',#3154,1.);
#2142=VECTOR('',#3157,1.);
#2143=VECTOR('',#3158,1.);
#2144=VECTOR('',#3159,1.);
#2145=VECTOR('',#3162,1.);
#2146=VECTOR('',#3163,1.);
#2147=VECTOR('',#3164,1.);
#2148=VECTOR('',#3167,1.);
#2149=VECTOR('',#3168,1.);
#2150=VECTOR('',#3169,1.);
#2151=VECTOR('',#3170,1.);
#2152=VECTOR('',#3171,1.);
#2153=VECTOR('',#3174,1.);
#2154=VECTOR('',#3175,1.);
#2155=VECTOR('',#3178,1.);
#2156=VECTOR('',#3179,1.);
#2157=VECTOR('',#3182,1.);
#2158=VECTOR('',#3183,1.);
#2159=VECTOR('',#3186,1.);
#2160=VECTOR('',#3187,1.);
#2161=VECTOR('',#3190,1.);
#2162=VECTOR('',#3191,1.);
#2163=VECTOR('',#3194,1.);
#2164=VECTOR('',#3195,1.);
#2165=VECTOR('',#3198,1.);
#2166=VECTOR('',#3199,1.);
#2167=VECTOR('',#3202,1.);
#2168=VECTOR('',#3203,1.);
#2169=VECTOR('',#3206,1.);
#2170=VECTOR('',#3207,1.);
#2171=VECTOR('',#3210,1.);
#2172=VECTOR('',#3211,1.);
#2173=VECTOR('',#3214,1.);
#2174=VECTOR('',#3215,1.);
#2175=VECTOR('',#3218,1.);
#2176=VECTOR('',#3219,1.);
#2177=VECTOR('',#3222,1.);
#2178=VECTOR('',#3223,1.);
#2179=VECTOR('',#3226,1.);
#2180=VECTOR('',#3227,1.);
#2181=VECTOR('',#3230,1.);
#2182=VECTOR('',#3231,1.);
#2183=VECTOR('',#3234,1.);
#2184=VECTOR('',#3235,1.);
#2185=VECTOR('',#3238,1.);
#2186=VECTOR('',#3239,1.);
#2187=VECTOR('',#3242,1.);
#2188=VECTOR('',#3243,1.);
#2189=VECTOR('',#3246,1.);
#2190=VECTOR('',#3247,1.);
#2191=VECTOR('',#3250,1.);
#2192=VECTOR('',#3251,1.);
#2193=VECTOR('',#3254,1.);
#2194=VECTOR('',#3255,1.);
#2195=VECTOR('',#3258,1.);
#2196=VECTOR('',#3259,1.);
#2197=VECTOR('',#3262,1.);
#2198=VECTOR('',#3263,1.);
#2199=VECTOR('',#3266,1.);
#2200=VECTOR('',#3267,1.);
#2201=VECTOR('',#3270,1.);
#2202=VECTOR('',#3271,1.);
#2203=VECTOR('',#3274,1.);
#2204=VECTOR('',#3275,1.);
#2205=VECTOR('',#3278,1.);
#2206=VECTOR('',#3279,1.);
#2207=VECTOR('',#3282,1.);
#2208=VECTOR('',#3283,1.);
#2209=VECTOR('',#3286,1.);
#2210=VECTOR('',#3287,1.);
#2211=VECTOR('',#3290,1.);
#2212=VECTOR('',#3291,1.);
#2213=VECTOR('',#3294,1.);
#2214=VECTOR('',#3295,1.);
#2215=VECTOR('',#3296,1.);
#2216=VECTOR('',#3299,1.);
#2217=VECTOR('',#3302,1.);
#2218=VECTOR('',#3313,1.);
#2219=VECTOR('',#3314,1.);
#2220=VECTOR('',#3315,1.);
#2221=VECTOR('',#3316,1.);
#2222=VECTOR('',#3319,1.);
#2223=VECTOR('',#3320,1.);
#2224=VECTOR('',#3321,1.);
#2225=VECTOR('',#3324,1.);
#2226=VECTOR('',#3325,1.);
#2227=VECTOR('',#3326,1.);
#2228=VECTOR('',#3329,1.);
#2229=VECTOR('',#3330,1.);
#2230=VECTOR('',#3339,1.);
#2231=VECTOR('',#3340,1.);
#2232=VECTOR('',#3341,1.);
#2233=VECTOR('',#3342,1.);
#2234=VECTOR('',#3345,1.);
#2235=VECTOR('',#3346,1.);
#2236=VECTOR('',#3347,1.);
#2237=VECTOR('',#3348,1.);
#2238=VECTOR('',#3351,1.);
#2239=VECTOR('',#3352,1.);
#2240=VECTOR('',#3355,1.);
#2241=VECTOR('',#3356,1.);
#2242=EDGE_LOOP('',(#178,#179,#180,#181));
#2243=EDGE_LOOP('',(#182,#183,#184,#185));
#2244=EDGE_LOOP('',(#186,#187,#188,#189));
#2245=EDGE_LOOP('',(#190,#191,#192,#193));
#2246=EDGE_LOOP('',(#194,#195,#196,#197));
#2247=EDGE_LOOP('',(#198,#199,#200,#201));
#2248=EDGE_LOOP('',(#202,#203,#204,#205));
#2249=EDGE_LOOP('',(#206,#207,#208,#209));
#2250=EDGE_LOOP('',(#210,#211,#212,#213));
#2251=EDGE_LOOP('',(#214,#215,#216,#217));
#2252=EDGE_LOOP('',(#218,#219,#220,#221));
#2253=EDGE_LOOP('',(#222,#223,#224,#225));
#2254=EDGE_LOOP('',(#226,#227,#228,#229));
#2255=EDGE_LOOP('',(#230,#231,#232,#233));
#2256=EDGE_LOOP('',(#234,#235,#236,#237));
#2257=EDGE_LOOP('',(#238,#239,#240,#241));
#2258=EDGE_LOOP('',(#242,#243,#244,#245));
#2259=EDGE_LOOP('',(#246,#247,#248,#249,#250,#251,#252,#253));
#2260=EDGE_LOOP('',(#254,#255,#256,#257));
#2261=EDGE_LOOP('',(#258,#259,#260,#261));
#2262=EDGE_LOOP('',(#262,#263,#264,#265));
#2263=EDGE_LOOP('',(#266,#267,#268,#269));
#2264=EDGE_LOOP('',(#270,#271,#272,#273));
#2265=EDGE_LOOP('',(#274,#275,#276,#277));
#2266=EDGE_LOOP('',(#278,#279,#280,#281));
#2267=EDGE_LOOP('',(#282,#283,#284,#285));
#2268=EDGE_LOOP('',(#286,#287,#288,#289));
#2269=EDGE_LOOP('',(#290,#291,#292,#293));
#2270=EDGE_LOOP('',(#294,#295,#296,#297));
#2271=EDGE_LOOP('',(#298,#299,#300,#301));
#2272=EDGE_LOOP('',(#302,#303,#304,#305));
#2273=EDGE_LOOP('',(#306,#307,#308,#309,#310,#311,#312,#313));
#2274=EDGE_LOOP('',(#314,#315,#316,#317));
#2275=EDGE_LOOP('',(#318,#319,#320,#321));
#2276=EDGE_LOOP('',(#322,#323,#324,#325));
#2277=EDGE_LOOP('',(#326,#327,#328,#329));
#2278=EDGE_LOOP('',(#330,#331,#332,#333));
#2279=EDGE_LOOP('',(#334,#335,#336,#337));
#2280=EDGE_LOOP('',(#338,#339,#340,#341));
#2281=EDGE_LOOP('',(#342,#343,#344,#345));
#2282=EDGE_LOOP('',(#346,#347,#348,#349));
#2283=EDGE_LOOP('',(#350,#351,#352,#353));
#2284=EDGE_LOOP('',(#354,#355,#356,#357));
#2285=EDGE_LOOP('',(#358,#359,#360,#361));
#2286=EDGE_LOOP('',(#362,#363,#364,#365));
#2287=EDGE_LOOP('',(#366,#367,#368,#369));
#2288=EDGE_LOOP('',(#370,#371,#372,#373));
#2289=EDGE_LOOP('',(#374,#375,#376,#377));
#2290=EDGE_LOOP('',(#378,#379,#380,#381));
#2291=EDGE_LOOP('',(#382,#383,#384,#385));
#2292=EDGE_LOOP('',(#386,#387,#388,#389));
#2293=EDGE_LOOP('',(#390,#391,#392,#393));
#2294=EDGE_LOOP('',(#394,#395,#396,#397));
#2295=EDGE_LOOP('',(#398,#399,#400,#401));
#2296=EDGE_LOOP('',(#402,#403,#404,#405));
#2297=EDGE_LOOP('',(#406,#407,#408,#409));
#2298=EDGE_LOOP('',(#410,#411,#412,#413));
#2299=EDGE_LOOP('',(#414,#415,#416,#417));
#2300=EDGE_LOOP('',(#418,#419,#420,#421));
#2301=EDGE_LOOP('',(#422,#423,#424,#425));
#2302=EDGE_LOOP('',(#426,#427,#428,#429));
#2303=EDGE_LOOP('',(#430,#431,#432,#433));
#2304=EDGE_LOOP('',(#434,#435,#436,#437));
#2305=EDGE_LOOP('',(#438,#439,#440,#441));
#2306=EDGE_LOOP('',(#442,#443,#444,#445));
#2307=EDGE_LOOP('',(#446,#447,#448,#449));
#2308=EDGE_LOOP('',(#450,#451,#452,#453));
#2309=EDGE_LOOP('',(#454,#455,#456,#457));
#2310=EDGE_LOOP('',(#458,#459,#460,#461));
#2311=EDGE_LOOP('',(#462,#463,#464,#465));
#2312=EDGE_LOOP('',(#466,#467,#468,#469));
#2313=EDGE_LOOP('',(#470,#471,#472,#473,#474,#475,#476,#477,#478,#479,#480,
#481,#482,#483,#484,#485,#486,#487,#488,#489,#490,#491,#492,#493,#494,#495,
#496,#497,#498,#499,#500,#501,#502,#503,#504,#505,#506,#507,#508,#509,#510,
#511,#512,#513,#514,#515,#516,#517,#518,#519,#520,#521,#522,#523,#524,#525,
#526,#527,#528,#529));
#2314=EDGE_LOOP('',(#530,#531,#532,#533));
#2315=EDGE_LOOP('',(#534,#535,#536,#537));
#2316=EDGE_LOOP('',(#538,#539,#540,#541));
#2317=EDGE_LOOP('',(#542,#543,#544,#545));
#2318=EDGE_LOOP('',(#546,#547,#548,#549));
#2319=EDGE_LOOP('',(#550,#551,#552,#553));
#2320=EDGE_LOOP('',(#554,#555,#556,#557));
#2321=EDGE_LOOP('',(#558,#559,#560,#561));
#2322=EDGE_LOOP('',(#562,#563,#564,#565));
#2323=EDGE_LOOP('',(#566,#567,#568,#569));
#2324=EDGE_LOOP('',(#570,#571,#572,#573));
#2325=EDGE_LOOP('',(#574,#575,#576,#577));
#2326=EDGE_LOOP('',(#578,#579,#580,#581));
#2327=EDGE_LOOP('',(#582,#583,#584,#585));
#2328=EDGE_LOOP('',(#586,#587,#588,#589));
#2329=EDGE_LOOP('',(#590,#591,#592,#593));
#2330=EDGE_LOOP('',(#594,#595,#596,#597));
#2331=EDGE_LOOP('',(#598,#599,#600,#601));
#2332=EDGE_LOOP('',(#602,#603,#604,#605));
#2333=EDGE_LOOP('',(#606,#607,#608,#609));
#2334=EDGE_LOOP('',(#610,#611,#612,#613));
#2335=EDGE_LOOP('',(#614,#615,#616,#617));
#2336=EDGE_LOOP('',(#618,#619,#620,#621));
#2337=EDGE_LOOP('',(#622,#623,#624,#625));
#2338=EDGE_LOOP('',(#626,#627,#628,#629));
#2339=EDGE_LOOP('',(#630,#631,#632,#633));
#2340=EDGE_LOOP('',(#634,#635,#636,#637));
#2341=EDGE_LOOP('',(#638,#639,#640,#641));
#2342=EDGE_LOOP('',(#642,#643,#644,#645));
#2343=EDGE_LOOP('',(#646,#647,#648,#649));
#2344=EDGE_LOOP('',(#650,#651,#652,#653));
#2345=EDGE_LOOP('',(#654,#655,#656,#657));
#2346=EDGE_LOOP('',(#658,#659,#660,#661));
#2347=EDGE_LOOP('',(#662,#663,#664,#665));
#2348=EDGE_LOOP('',(#666,#667,#668,#669));
#2349=EDGE_LOOP('',(#670,#671,#672,#673));
#2350=EDGE_LOOP('',(#674,#675,#676,#677));
#2351=EDGE_LOOP('',(#678,#679,#680,#681));
#2352=EDGE_LOOP('',(#682,#683,#684,#685));
#2353=EDGE_LOOP('',(#686,#687,#688,#689));
#2354=EDGE_LOOP('',(#690,#691,#692,#693));
#2355=EDGE_LOOP('',(#694,#695,#696,#697));
#2356=EDGE_LOOP('',(#698,#699,#700,#701));
#2357=EDGE_LOOP('',(#702,#703,#704,#705));
#2358=EDGE_LOOP('',(#706,#707,#708,#709,#710,#711,#712,#713,#714,#715,#716,
#717,#718,#719,#720,#721,#722,#723,#724,#725,#726,#727,#728,#729,#730,#731,
#732,#733,#734,#735,#736,#737,#738,#739,#740,#741,#742,#743,#744,#745,#746,
#747,#748,#749,#750,#751,#752,#753,#754,#755,#756,#757,#758,#759,#760,#761,
#762,#763,#764,#765));
#2359=EDGE_LOOP('',(#766,#767,#768,#769));
#2360=EDGE_LOOP('',(#770,#771,#772,#773));
#2361=EDGE_LOOP('',(#774,#775,#776,#777,#778,#779,#780,#781,#782,#783,#784,
#785,#786,#787,#788,#789,#790,#791,#792,#793,#794,#795,#796,#797,#798,#799,
#800,#801,#802,#803,#804,#805,#806,#807,#808,#809,#810,#811,#812,#813,#814,
#815,#816,#817,#818,#819,#820,#821,#822,#823,#824,#825,#826,#827,#828,#829,
#830,#831,#832,#833));
#2362=EDGE_LOOP('',(#834,#835,#836,#837,#838,#839,#840,#841,#842,#843,#844,
#845,#846,#847,#848,#849,#850,#851,#852,#853,#854,#855,#856,#857,#858,#859,
#860,#861,#862,#863,#864,#865,#866,#867,#868,#869,#870,#871,#872,#873,#874,
#875,#876,#877,#878,#879,#880,#881,#882,#883,#884,#885,#886,#887,#888,#889,
#890,#891,#892,#893));
#2363=EDGE_LOOP('',(#894,#895,#896,#897));
#2364=EDGE_LOOP('',(#898,#899,#900,#901));
#2365=EDGE_LOOP('',(#902,#903,#904,#905));
#2366=EDGE_LOOP('',(#906,#907,#908,#909));
#2367=EDGE_LOOP('',(#910,#911,#912,#913));
#2368=EDGE_LOOP('',(#914,#915,#916,#917));
#2369=EDGE_LOOP('',(#918,#919,#920,#921));
#2370=EDGE_LOOP('',(#922,#923,#924,#925));
#2371=EDGE_LOOP('',(#926,#927,#928,#929));
#2372=EDGE_LOOP('',(#930,#931,#932,#933));
#2373=EDGE_LOOP('',(#934,#935,#936,#937));
#2374=EDGE_LOOP('',(#938,#939,#940,#941));
#2375=EDGE_LOOP('',(#942,#943,#944,#945));
#2376=FACE_BOUND('',#2242,.T.);
#2377=FACE_BOUND('',#2243,.T.);
#2378=FACE_BOUND('',#2244,.T.);
#2379=FACE_BOUND('',#2245,.T.);
#2380=FACE_BOUND('',#2246,.T.);
#2381=FACE_BOUND('',#2247,.T.);
#2382=FACE_BOUND('',#2248,.T.);
#2383=FACE_BOUND('',#2249,.T.);
#2384=FACE_BOUND('',#2250,.T.);
#2385=FACE_BOUND('',#2251,.T.);
#2386=FACE_BOUND('',#2252,.T.);
#2387=FACE_BOUND('',#2253,.T.);
#2388=FACE_BOUND('',#2254,.T.);
#2389=FACE_BOUND('',#2255,.T.);
#2390=FACE_BOUND('',#2256,.T.);
#2391=FACE_BOUND('',#2257,.T.);
#2392=FACE_BOUND('',#2258,.T.);
#2393=FACE_BOUND('',#2259,.T.);
#2394=FACE_BOUND('',#2260,.T.);
#2395=FACE_BOUND('',#2261,.T.);
#2396=FACE_BOUND('',#2262,.T.);
#2397=FACE_BOUND('',#2263,.T.);
#2398=FACE_BOUND('',#2264,.T.);
#2399=FACE_BOUND('',#2265,.T.);
#2400=FACE_BOUND('',#2266,.T.);
#2401=FACE_BOUND('',#2267,.T.);
#2402=FACE_BOUND('',#2268,.T.);
#2403=FACE_BOUND('',#2269,.T.);
#2404=FACE_BOUND('',#2270,.T.);
#2405=FACE_BOUND('',#2271,.T.);
#2406=FACE_BOUND('',#2272,.T.);
#2407=FACE_BOUND('',#2273,.T.);
#2408=FACE_BOUND('',#2274,.T.);
#2409=FACE_BOUND('',#2275,.T.);
#2410=FACE_BOUND('',#2276,.T.);
#2411=FACE_BOUND('',#2277,.T.);
#2412=FACE_BOUND('',#2278,.T.);
#2413=FACE_BOUND('',#2279,.T.);
#2414=FACE_BOUND('',#2280,.T.);
#2415=FACE_BOUND('',#2281,.T.);
#2416=FACE_BOUND('',#2282,.T.);
#2417=FACE_BOUND('',#2283,.T.);
#2418=FACE_BOUND('',#2284,.T.);
#2419=FACE_BOUND('',#2285,.T.);
#2420=FACE_BOUND('',#2286,.T.);
#2421=FACE_BOUND('',#2287,.T.);
#2422=FACE_BOUND('',#2288,.T.);
#2423=FACE_BOUND('',#2289,.T.);
#2424=FACE_BOUND('',#2290,.T.);
#2425=FACE_BOUND('',#2291,.T.);
#2426=FACE_BOUND('',#2292,.T.);
#2427=FACE_BOUND('',#2293,.T.);
#2428=FACE_BOUND('',#2294,.T.);
#2429=FACE_BOUND('',#2295,.T.);
#2430=FACE_BOUND('',#2296,.T.);
#2431=FACE_BOUND('',#2297,.T.);
#2432=FACE_BOUND('',#2298,.T.);
#2433=FACE_BOUND('',#2299,.T.);
#2434=FACE_BOUND('',#2300,.T.);
#2435=FACE_BOUND('',#2301,.T.);
#2436=FACE_BOUND('',#2302,.T.);
#2437=FACE_BOUND('',#2303,.T.);
#2438=FACE_BOUND('',#2304,.T.);
#2439=FACE_BOUND('',#2305,.T.);
#2440=FACE_BOUND('',#2306,.T.);
#2441=FACE_BOUND('',#2307,.T.);
#2442=FACE_BOUND('',#2308,.T.);
#2443=FACE_BOUND('',#2309,.T.);
#2444=FACE_BOUND('',#2310,.T.);
#2445=FACE_BOUND('',#2311,.T.);
#2446=FACE_BOUND('',#2312,.T.);
#2447=FACE_BOUND('',#2313,.T.);
#2448=FACE_BOUND('',#2314,.T.);
#2449=FACE_BOUND('',#2315,.T.);
#2450=FACE_BOUND('',#2316,.T.);
#2451=FACE_BOUND('',#2317,.T.);
#2452=FACE_BOUND('',#2318,.T.);
#2453=FACE_BOUND('',#2319,.T.);
#2454=FACE_BOUND('',#2320,.T.);
#2455=FACE_BOUND('',#2321,.T.);
#2456=FACE_BOUND('',#2322,.T.);
#2457=FACE_BOUND('',#2323,.T.);
#2458=FACE_BOUND('',#2324,.T.);
#2459=FACE_BOUND('',#2325,.T.);
#2460=FACE_BOUND('',#2326,.T.);
#2461=FACE_BOUND('',#2327,.T.);
#2462=FACE_BOUND('',#2328,.T.);
#2463=FACE_BOUND('',#2329,.T.);
#2464=FACE_BOUND('',#2330,.T.);
#2465=FACE_BOUND('',#2331,.T.);
#2466=FACE_BOUND('',#2332,.T.);
#2467=FACE_BOUND('',#2333,.T.);
#2468=FACE_BOUND('',#2334,.T.);
#2469=FACE_BOUND('',#2335,.T.);
#2470=FACE_BOUND('',#2336,.T.);
#2471=FACE_BOUND('',#2337,.T.);
#2472=FACE_BOUND('',#2338,.T.);
#2473=FACE_BOUND('',#2339,.T.);
#2474=FACE_BOUND('',#2340,.T.);
#2475=FACE_BOUND('',#2341,.T.);
#2476=FACE_BOUND('',#2342,.T.);
#2477=FACE_BOUND('',#2343,.T.);
#2478=FACE_BOUND('',#2344,.T.);
#2479=FACE_BOUND('',#2345,.T.);
#2480=FACE_BOUND('',#2346,.T.);
#2481=FACE_BOUND('',#2347,.T.);
#2482=FACE_BOUND('',#2348,.T.);
#2483=FACE_BOUND('',#2349,.T.);
#2484=FACE_BOUND('',#2350,.T.);
#2485=FACE_BOUND('',#2351,.T.);
#2486=FACE_BOUND('',#2352,.T.);
#2487=FACE_BOUND('',#2353,.T.);
#2488=FACE_BOUND('',#2354,.T.);
#2489=FACE_BOUND('',#2355,.T.);
#2490=FACE_BOUND('',#2356,.T.);
#2491=FACE_BOUND('',#2357,.T.);
#2492=FACE_BOUND('',#2358,.T.);
#2493=FACE_BOUND('',#2359,.T.);
#2494=FACE_BOUND('',#2360,.T.);
#2495=FACE_BOUND('',#2361,.T.);
#2496=FACE_BOUND('',#2362,.T.);
#2497=FACE_BOUND('',#2363,.T.);
#2498=FACE_BOUND('',#2364,.T.);
#2499=FACE_BOUND('',#2365,.T.);
#2500=FACE_BOUND('',#2366,.T.);
#2501=FACE_BOUND('',#2367,.T.);
#2502=FACE_BOUND('',#2368,.T.);
#2503=FACE_BOUND('',#2369,.T.);
#2504=FACE_BOUND('',#2370,.T.);
#2505=FACE_BOUND('',#2371,.T.);
#2506=FACE_BOUND('',#2372,.T.);
#2507=FACE_BOUND('',#2373,.T.);
#2508=FACE_BOUND('',#2374,.T.);
#2509=FACE_BOUND('',#2375,.T.);
#2510=B_SPLINE_SURFACE_WITH_KNOTS('',3,1,((#3362,#3363),(#3364,#3365),(#3366,
#3367),(#3368,#3369),(#3370,#3371),(#3372,#3373),(#3374,#3375),(#3376,#3377),
(#3378,#3379),(#3380,#3381),(#3382,#3383)),.SURF_OF_LINEAR_EXTRUSION.,.F.,
 .F.,.F.,(4,1,1,1,1,1,1,1,4),(2,2),(0.,0.125,0.25,0.375,0.5,0.625,0.75,
0.875,1.),(0.,1.),.UNSPECIFIED.);
#2511=B_SPLINE_SURFACE_WITH_KNOTS('',3,1,((#3402,#3403),(#3404,#3405),(#3406,
#3407),(#3408,#3409),(#3410,#3411),(#3412,#3413),(#3414,#3415),(#3416,#3417),
(#3418,#3419),(#3420,#3421),(#3422,#3423)),.SURF_OF_LINEAR_EXTRUSION.,.F.,
 .F.,.F.,(4,1,1,1,1,1,1,1,4),(2,2),(0.,0.125,0.25,0.375,0.5,0.625,0.75,
0.875,1.),(0.,1.),.UNSPECIFIED.);
#2512=B_SPLINE_SURFACE_WITH_KNOTS('',3,1,((#3442,#3443),(#3444,#3445),(#3446,
#3447),(#3448,#3449),(#3450,#3451),(#3452,#3453),(#3454,#3455),(#3456,#3457),
(#3458,#3459)),.SURF_OF_LINEAR_EXTRUSION.,.F.,.F.,.F.,(4,1,1,1,1,1,4),(2,
2),(0.,0.25,0.375,0.5,0.625,0.75,1.),(0.,1.),.UNSPECIFIED.);
#2513=B_SPLINE_SURFACE_WITH_KNOTS('',3,1,((#3478,#3479),(#3480,#3481),(#3482,
#3483),(#3484,#3485),(#3486,#3487),(#3488,#3489),(#3490,#3491),(#3492,#3493),
(#3494,#3495),(#3496,#3497),(#3498,#3499)),.SURF_OF_LINEAR_EXTRUSION.,.F.,
 .F.,.F.,(4,1,1,1,1,1,1,1,4),(2,2),(0.,0.125,0.25,0.375,0.5,0.625,0.75,
0.875,1.),(0.,1.),.UNSPECIFIED.);
#2514=B_SPLINE_SURFACE_WITH_KNOTS('',3,1,((#3518,#3519),(#3520,#3521),(#3522,
#3523),(#3524,#3525),(#3526,#3527),(#3528,#3529),(#3530,#3531),(#3532,#3533),
(#3534,#3535),(#3536,#3537),(#3538,#3539)),.SURF_OF_LINEAR_EXTRUSION.,.F.,
 .F.,.F.,(4,1,1,1,1,1,1,1,4),(2,2),(0.,0.125,0.25,0.375,0.5,0.625,0.75,
0.875,1.),(0.,1.),.UNSPECIFIED.);
#2515=B_SPLINE_SURFACE_WITH_KNOTS('',3,1,((#3558,#3559),(#3560,#3561),(#3562,
#3563),(#3564,#3565),(#3566,#3567),(#3568,#3569),(#3570,#3571),(#3572,#3573),
(#3574,#3575),(#3576,#3577),(#3578,#3579)),.SURF_OF_LINEAR_EXTRUSION.,.F.,
 .F.,.F.,(4,1,1,1,1,1,1,1,4),(2,2),(0.,0.125,0.25,0.375,0.5,0.625,0.75,
0.875,1.),(0.,1.),.UNSPECIFIED.);
#2516=B_SPLINE_SURFACE_WITH_KNOTS('',3,1,((#3598,#3599),(#3600,#3601),(#3602,
#3603),(#3604,#3605),(#3606,#3607),(#3608,#3609),(#3610,#3611),(#3612,#3613),
(#3614,#3615)),.SURF_OF_LINEAR_EXTRUSION.,.F.,.F.,.F.,(4,1,1,1,1,1,4),(2,
2),(0.,0.25,0.375,0.5,0.625,0.75,1.),(0.,1.),.UNSPECIFIED.);
#2517=B_SPLINE_SURFACE_WITH_KNOTS('',3,1,((#3634,#3635),(#3636,#3637),(#3638,
#3639),(#3640,#3641),(#3642,#3643),(#3644,#3645),(#3646,#3647),(#3648,#3649),
(#3650,#3651)),.SURF_OF_LINEAR_EXTRUSION.,.F.,.F.,.F.,(4,1,1,1,1,1,4),(2,
2),(0.,0.25,0.375,0.5,0.625,0.75,1.),(0.,1.),.UNSPECIFIED.);
#2518=B_SPLINE_SURFACE_WITH_KNOTS('',3,1,((#3670,#3671),(#3672,#3673),(#3674,
#3675),(#3676,#3677),(#3678,#3679),(#3680,#3681),(#3682,#3683),(#3684,#3685),
(#3686,#3687)),.SURF_OF_LINEAR_EXTRUSION.,.F.,.F.,.F.,(4,1,1,1,1,1,4),(2,
2),(0.,0.25,0.375,0.5,0.625,0.75,1.),(0.,1.),.UNSPECIFIED.);
#2519=B_SPLINE_SURFACE_WITH_KNOTS('',3,1,((#3706,#3707),(#3708,#3709),(#3710,
#3711),(#3712,#3713),(#3714,#3715),(#3716,#3717),(#3718,#3719),(#3720,#3721),
(#3722,#3723)),.SURF_OF_LINEAR_EXTRUSION.,.F.,.F.,.F.,(4,1,1,1,1,1,4),(2,
2),(0.,0.25,0.375,0.5,0.625,0.75,1.),(0.,1.),.UNSPECIFIED.);
#2520=B_SPLINE_SURFACE_WITH_KNOTS('',3,1,((#3742,#3743),(#3744,#3745),(#3746,
#3747),(#3748,#3749),(#3750,#3751),(#3752,#3753),(#3754,#3755),(#3756,#3757),
(#3758,#3759),(#3760,#3761)),.SURF_OF_LINEAR_EXTRUSION.,.F.,.F.,.F.,(4,
1,1,1,1,1,1,4),(2,2),(0.,0.25,0.375,0.5,0.625,0.75,0.875,1.),(0.,1.),
 .UNSPECIFIED.);
#2521=B_SPLINE_SURFACE_WITH_KNOTS('',3,1,((#3780,#3781),(#3782,#3783),(#3784,
#3785),(#3786,#3787),(#3788,#3789),(#3790,#3791),(#3792,#3793),(#3794,#3795),
(#3796,#3797),(#3798,#3799),(#3800,#3801)),.SURF_OF_LINEAR_EXTRUSION.,.F.,
 .F.,.F.,(4,1,1,1,1,1,1,1,4),(2,2),(0.,0.125,0.25,0.375,0.5,0.625,0.75,
0.875,1.),(0.,1.),.UNSPECIFIED.);
#2522=B_SPLINE_SURFACE_WITH_KNOTS('',3,1,((#3820,#3821),(#3822,#3823),(#3824,
#3825),(#3826,#3827),(#3828,#3829),(#3830,#3831),(#3832,#3833),(#3834,#3835),
(#3836,#3837),(#3838,#3839),(#3840,#3841)),.SURF_OF_LINEAR_EXTRUSION.,.F.,
 .F.,.F.,(4,1,1,1,1,1,1,1,4),(2,2),(0.,0.125,0.25,0.375,0.5,0.625,0.75,
0.875,1.),(0.,1.),.UNSPECIFIED.);
#2523=B_SPLINE_SURFACE_WITH_KNOTS('',3,1,((#3860,#3861),(#3862,#3863),(#3864,
#3865),(#3866,#3867),(#3868,#3869),(#3870,#3871),(#3872,#3873),(#3874,#3875),
(#3876,#3877),(#3878,#3879),(#3880,#3881)),.SURF_OF_LINEAR_EXTRUSION.,.F.,
 .F.,.F.,(4,1,1,1,1,1,1,1,4),(2,2),(0.,0.125,0.25,0.375,0.5,0.625,0.75,
0.875,1.),(0.,1.),.UNSPECIFIED.);
#2524=B_SPLINE_SURFACE_WITH_KNOTS('',3,1,((#4449,#4450),(#4451,#4452),(#4453,
#4454),(#4455,#4456),(#4457,#4458),(#4459,#4460),(#4461,#4462),(#4463,#4464),
(#4465,#4466),(#4467,#4468),(#4469,#4470)),.SURF_OF_LINEAR_EXTRUSION.,.F.,
 .F.,.F.,(4,1,1,1,1,1,1,1,4),(2,2),(0.,0.125,0.25,0.375,0.5,0.625,0.75,
0.875,1.),(0.,1.),.UNSPECIFIED.);
#2525=B_SPLINE_SURFACE_WITH_KNOTS('',3,1,((#4477,#4478),(#4479,#4480),(#4481,
#4482),(#4483,#4484),(#4485,#4486),(#4487,#4488),(#4489,#4490),(#4491,#4492),
(#4493,#4494),(#4495,#4496),(#4497,#4498)),.SURF_OF_LINEAR_EXTRUSION.,.F.,
 .F.,.F.,(4,1,1,1,1,1,1,1,4),(2,2),(0.,0.125,0.25,0.375,0.5,0.625,0.75,
0.875,1.),(0.,1.),.UNSPECIFIED.);
#2526=B_SPLINE_SURFACE_WITH_KNOTS('',3,1,((#4505,#4506),(#4507,#4508),(#4509,
#4510),(#4511,#4512),(#4513,#4514),(#4515,#4516),(#4517,#4518),(#4519,#4520),
(#4521,#4522)),.SURF_OF_LINEAR_EXTRUSION.,.F.,.F.,.F.,(4,1,1,1,1,1,4),(2,
2),(0.,0.25,0.375,0.5,0.625,0.75,1.),(0.,1.),.UNSPECIFIED.);
#2527=B_SPLINE_SURFACE_WITH_KNOTS('',3,1,((#4529,#4530),(#4531,#4532),(#4533,
#4534),(#4535,#4536),(#4537,#4538),(#4539,#4540),(#4541,#4542),(#4543,#4544),
(#4545,#4546),(#4547,#4548),(#4549,#4550)),.SURF_OF_LINEAR_EXTRUSION.,.F.,
 .F.,.F.,(4,1,1,1,1,1,1,1,4),(2,2),(0.,0.125,0.25,0.375,0.5,0.625,0.75,
0.875,1.),(0.,1.),.UNSPECIFIED.);
#2528=B_SPLINE_SURFACE_WITH_KNOTS('',3,1,((#4557,#4558),(#4559,#4560),(#4561,
#4562),(#4563,#4564),(#4565,#4566),(#4567,#4568),(#4569,#4570),(#4571,#4572),
(#4573,#4574),(#4575,#4576),(#4577,#4578)),.SURF_OF_LINEAR_EXTRUSION.,.F.,
 .F.,.F.,(4,1,1,1,1,1,1,1,4),(2,2),(0.,0.125,0.25,0.375,0.5,0.625,0.75,
0.875,1.),(0.,1.),.UNSPECIFIED.);
#2529=B_SPLINE_SURFACE_WITH_KNOTS('',3,1,((#4585,#4586),(#4587,#4588),(#4589,
#4590),(#4591,#4592),(#4593,#4594),(#4595,#4596),(#4597,#4598),(#4599,#4600),
(#4601,#4602),(#4603,#4604),(#4605,#4606)),.SURF_OF_LINEAR_EXTRUSION.,.F.,
 .F.,.F.,(4,1,1,1,1,1,1,1,4),(2,2),(0.,0.125,0.25,0.375,0.5,0.625,0.75,
0.875,1.),(0.,1.),.UNSPECIFIED.);
#2530=B_SPLINE_SURFACE_WITH_KNOTS('',3,1,((#4613,#4614),(#4615,#4616),(#4617,
#4618),(#4619,#4620),(#4621,#4622),(#4623,#4624),(#4625,#4626),(#4627,#4628),
(#4629,#4630)),.SURF_OF_LINEAR_EXTRUSION.,.F.,.F.,.F.,(4,1,1,1,1,1,4),(2,
2),(0.,0.25,0.375,0.5,0.625,0.75,1.),(0.,1.),.UNSPECIFIED.);
#2531=B_SPLINE_SURFACE_WITH_KNOTS('',3,1,((#4637,#4638),(#4639,#4640),(#4641,
#4642),(#4643,#4644),(#4645,#4646),(#4647,#4648),(#4649,#4650),(#4651,#4652),
(#4653,#4654)),.SURF_OF_LINEAR_EXTRUSION.,.F.,.F.,.F.,(4,1,1,1,1,1,4),(2,
2),(0.,0.25,0.375,0.5,0.625,0.75,1.),(0.,1.),.UNSPECIFIED.);
#2532=B_SPLINE_SURFACE_WITH_KNOTS('',3,1,((#4661,#4662),(#4663,#4664),(#4665,
#4666),(#4667,#4668),(#4669,#4670),(#4671,#4672),(#4673,#4674),(#4675,#4676),
(#4677,#4678)),.SURF_OF_LINEAR_EXTRUSION.,.F.,.F.,.F.,(4,1,1,1,1,1,4),(2,
2),(0.,0.25,0.375,0.5,0.625,0.75,1.),(0.,1.),.UNSPECIFIED.);
#2533=B_SPLINE_SURFACE_WITH_KNOTS('',3,1,((#4685,#4686),(#4687,#4688),(#4689,
#4690),(#4691,#4692),(#4693,#4694),(#4695,#4696),(#4697,#4698),(#4699,#4700),
(#4701,#4702)),.SURF_OF_LINEAR_EXTRUSION.,.F.,.F.,.F.,(4,1,1,1,1,1,4),(2,
2),(0.,0.25,0.375,0.5,0.625,0.75,1.),(0.,1.),.UNSPECIFIED.);
#2534=B_SPLINE_SURFACE_WITH_KNOTS('',3,1,((#4709,#4710),(#4711,#4712),(#4713,
#4714),(#4715,#4716),(#4717,#4718),(#4719,#4720),(#4721,#4722),(#4723,#4724),
(#4725,#4726),(#4727,#4728)),.SURF_OF_LINEAR_EXTRUSION.,.F.,.F.,.F.,(4,
1,1,1,1,1,1,4),(2,2),(0.,0.25,0.375,0.5,0.625,0.75,0.875,1.),(0.,1.),
 .UNSPECIFIED.);
#2535=B_SPLINE_SURFACE_WITH_KNOTS('',3,1,((#4735,#4736),(#4737,#4738),(#4739,
#4740),(#4741,#4742),(#4743,#4744),(#4745,#4746),(#4747,#4748),(#4749,#4750),
(#4751,#4752),(#4753,#4754),(#4755,#4756)),.SURF_OF_LINEAR_EXTRUSION.,.F.,
 .F.,.F.,(4,1,1,1,1,1,1,1,4),(2,2),(0.,0.125,0.25,0.375,0.5,0.625,0.75,
0.875,1.),(0.,1.),.UNSPECIFIED.);
#2536=B_SPLINE_SURFACE_WITH_KNOTS('',3,1,((#4763,#4764),(#4765,#4766),(#4767,
#4768),(#4769,#4770),(#4771,#4772),(#4773,#4774),(#4775,#4776),(#4777,#4778),
(#4779,#4780),(#4781,#4782),(#4783,#4784)),.SURF_OF_LINEAR_EXTRUSION.,.F.,
 .F.,.F.,(4,1,1,1,1,1,1,1,4),(2,2),(0.,0.125,0.25,0.375,0.5,0.625,0.75,
0.875,1.),(0.,1.),.UNSPECIFIED.);
#2537=B_SPLINE_SURFACE_WITH_KNOTS('',3,1,((#4791,#4792),(#4793,#4794),(#4795,
#4796),(#4797,#4798),(#4799,#4800),(#4801,#4802),(#4803,#4804),(#4805,#4806),
(#4807,#4808),(#4809,#4810),(#4811,#4812)),.SURF_OF_LINEAR_EXTRUSION.,.F.,
 .F.,.F.,(4,1,1,1,1,1,1,1,4),(2,2),(0.,0.125,0.25,0.375,0.5,0.625,0.75,
0.875,1.),(0.,1.),.UNSPECIFIED.);
#2538=ADVANCED_FACE('',(#2376),#2510,.T.);
#2539=ADVANCED_FACE('',(#2377),#2511,.F.);
#2540=ADVANCED_FACE('',(#2378),#2512,.T.);
#2541=ADVANCED_FACE('',(#2379),#2513,.T.);
#2542=ADVANCED_FACE('',(#2380),#2514,.T.);
#2543=ADVANCED_FACE('',(#2381),#2515,.F.);
#2544=ADVANCED_FACE('',(#2382),#2516,.T.);
#2545=ADVANCED_FACE('',(#2383),#2517,.T.);
#2546=ADVANCED_FACE('',(#2384),#2518,.T.);
#2547=ADVANCED_FACE('',(#2385),#2519,.T.);
#2548=ADVANCED_FACE('',(#2386),#2520,.T.);
#2549=ADVANCED_FACE('',(#2387),#2521,.T.);
#2550=ADVANCED_FACE('',(#2388),#2522,.T.);
#2551=ADVANCED_FACE('',(#2389),#2523,.T.);
#2552=ADVANCED_FACE('',(#2390),#16,.T.);
#2553=ADVANCED_FACE('',(#2391),#17,.F.);
#2554=ADVANCED_FACE('',(#2392),#18,.F.);
#2555=ADVANCED_FACE('',(#2393),#19,.F.);
#2556=ADVANCED_FACE('',(#2394),#20,.F.);
#2557=ADVANCED_FACE('',(#2395),#21,.F.);
#2558=ADVANCED_FACE('',(#2396),#22,.F.);
#2559=ADVANCED_FACE('',(#2397),#23,.F.);
#2560=ADVANCED_FACE('',(#2398),#24,.F.);
#2561=ADVANCED_FACE('',(#2399),#25,.F.);
#2562=ADVANCED_FACE('',(#2400),#26,.F.);
#2563=ADVANCED_FACE('',(#2401),#27,.F.);
#2564=ADVANCED_FACE('',(#2402),#28,.F.);
#2565=ADVANCED_FACE('',(#2403),#29,.F.);
#2566=ADVANCED_FACE('',(#2404),#30,.F.);
#2567=ADVANCED_FACE('',(#2405),#31,.F.);
#2568=ADVANCED_FACE('',(#2406),#32,.F.);
#2569=ADVANCED_FACE('',(#2407),#33,.F.);
#2570=ADVANCED_FACE('',(#2408),#34,.F.);
#2571=ADVANCED_FACE('',(#2409),#35,.F.);
#2572=ADVANCED_FACE('',(#2410),#36,.F.);
#2573=ADVANCED_FACE('',(#2411),#37,.F.);
#2574=ADVANCED_FACE('',(#2412),#38,.F.);
#2575=ADVANCED_FACE('',(#2413),#39,.F.);
#2576=ADVANCED_FACE('',(#2414),#40,.F.);
#2577=ADVANCED_FACE('',(#2415),#41,.F.);
#2578=ADVANCED_FACE('',(#2416),#42,.F.);
#2579=ADVANCED_FACE('',(#2417),#43,.F.);
#2580=ADVANCED_FACE('',(#2418),#44,.F.);
#2581=ADVANCED_FACE('',(#2419),#45,.F.);
#2582=ADVANCED_FACE('',(#2420),#46,.F.);
#2583=ADVANCED_FACE('',(#2421),#47,.T.);
#2584=ADVANCED_FACE('',(#2422),#48,.F.);
#2585=ADVANCED_FACE('',(#2423),#49,.T.);
#2586=ADVANCED_FACE('',(#2424),#50,.F.);
#2587=ADVANCED_FACE('',(#2425),#51,.T.);
#2588=ADVANCED_FACE('',(#2426),#52,.F.);
#2589=ADVANCED_FACE('',(#2427),#53,.T.);
#2590=ADVANCED_FACE('',(#2428),#54,.F.);
#2591=ADVANCED_FACE('',(#2429),#55,.T.);
#2592=ADVANCED_FACE('',(#2430),#56,.F.);
#2593=ADVANCED_FACE('',(#2431),#57,.T.);
#2594=ADVANCED_FACE('',(#2432),#58,.F.);
#2595=ADVANCED_FACE('',(#2433),#59,.T.);
#2596=ADVANCED_FACE('',(#2434),#60,.F.);
#2597=ADVANCED_FACE('',(#2435),#61,.T.);
#2598=ADVANCED_FACE('',(#2436),#62,.F.);
#2599=ADVANCED_FACE('',(#2437),#63,.T.);
#2600=ADVANCED_FACE('',(#2438),#64,.F.);
#2601=ADVANCED_FACE('',(#2439),#65,.T.);
#2602=ADVANCED_FACE('',(#2440),#66,.F.);
#2603=ADVANCED_FACE('',(#2441),#67,.T.);
#2604=ADVANCED_FACE('',(#2442),#68,.F.);
#2605=ADVANCED_FACE('',(#2443),#69,.T.);
#2606=ADVANCED_FACE('',(#2444),#70,.F.);
#2607=ADVANCED_FACE('',(#2445),#71,.T.);
#2608=ADVANCED_FACE('',(#2446),#72,.F.);
#2609=ADVANCED_FACE('',(#2447),#73,.F.);
#2610=ADVANCED_FACE('',(#2448),#74,.T.);
#2611=ADVANCED_FACE('',(#2449),#75,.F.);
#2612=ADVANCED_FACE('',(#2450),#76,.T.);
#2613=ADVANCED_FACE('',(#2451),#77,.T.);
#2614=ADVANCED_FACE('',(#2452),#2524,.T.);
#2615=ADVANCED_FACE('',(#2453),#2525,.F.);
#2616=ADVANCED_FACE('',(#2454),#2526,.T.);
#2617=ADVANCED_FACE('',(#2455),#2527,.T.);
#2618=ADVANCED_FACE('',(#2456),#2528,.T.);
#2619=ADVANCED_FACE('',(#2457),#2529,.F.);
#2620=ADVANCED_FACE('',(#2458),#2530,.T.);
#2621=ADVANCED_FACE('',(#2459),#2531,.T.);
#2622=ADVANCED_FACE('',(#2460),#2532,.T.);
#2623=ADVANCED_FACE('',(#2461),#2533,.T.);
#2624=ADVANCED_FACE('',(#2462),#2534,.T.);
#2625=ADVANCED_FACE('',(#2463),#2535,.T.);
#2626=ADVANCED_FACE('',(#2464),#2536,.T.);
#2627=ADVANCED_FACE('',(#2465),#2537,.T.);
#2628=ADVANCED_FACE('',(#2466),#78,.T.);
#2629=ADVANCED_FACE('',(#2467),#79,.F.);
#2630=ADVANCED_FACE('',(#2468),#80,.T.);
#2631=ADVANCED_FACE('',(#2469),#81,.F.);
#2632=ADVANCED_FACE('',(#2470),#82,.T.);
#2633=ADVANCED_FACE('',(#2471),#83,.F.);
#2634=ADVANCED_FACE('',(#2472),#84,.T.);
#2635=ADVANCED_FACE('',(#2473),#85,.F.);
#2636=ADVANCED_FACE('',(#2474),#86,.T.);
#2637=ADVANCED_FACE('',(#2475),#87,.F.);
#2638=ADVANCED_FACE('',(#2476),#88,.T.);
#2639=ADVANCED_FACE('',(#2477),#89,.F.);
#2640=ADVANCED_FACE('',(#2478),#90,.T.);
#2641=ADVANCED_FACE('',(#2479),#91,.F.);
#2642=ADVANCED_FACE('',(#2480),#92,.T.);
#2643=ADVANCED_FACE('',(#2481),#93,.F.);
#2644=ADVANCED_FACE('',(#2482),#94,.T.);
#2645=ADVANCED_FACE('',(#2483),#95,.F.);
#2646=ADVANCED_FACE('',(#2484),#96,.T.);
#2647=ADVANCED_FACE('',(#2485),#97,.F.);
#2648=ADVANCED_FACE('',(#2486),#98,.T.);
#2649=ADVANCED_FACE('',(#2487),#99,.F.);
#2650=ADVANCED_FACE('',(#2488),#100,.T.);
#2651=ADVANCED_FACE('',(#2489),#101,.F.);
#2652=ADVANCED_FACE('',(#2490),#102,.T.);
#2653=ADVANCED_FACE('',(#2491),#103,.F.);
#2654=ADVANCED_FACE('',(#2492),#104,.F.);
#2655=ADVANCED_FACE('',(#2493),#105,.T.);
#2656=ADVANCED_FACE('',(#2494),#106,.F.);
#2657=ADVANCED_FACE('',(#2495),#107,.T.);
#2658=ADVANCED_FACE('',(#2496),#108,.T.);
#2659=ADVANCED_FACE('',(#2497),#109,.T.);
#2660=ADVANCED_FACE('',(#2498),#110,.F.);
#2661=ADVANCED_FACE('',(#2499),#111,.F.);
#2662=ADVANCED_FACE('',(#2500),#112,.F.);
#2663=ADVANCED_FACE('',(#2501),#113,.F.);
#2664=ADVANCED_FACE('',(#2502),#114,.F.);
#2665=ADVANCED_FACE('',(#2503),#115,.T.);
#2666=ADVANCED_FACE('',(#2504),#116,.F.);
#2667=ADVANCED_FACE('',(#2505),#117,.F.);
#2668=ADVANCED_FACE('',(#2506),#118,.F.);
#2669=ADVANCED_FACE('',(#2507),#119,.F.);
#2670=ADVANCED_FACE('',(#2508),#120,.F.);
#2671=ADVANCED_FACE('',(#2509),#121,.T.);
#2672=CLOSED_SHELL('',(#2538,#2539,#2540,#2541,#2542,#2543,#2544,#2545,
#2546,#2547,#2548,#2549,#2550,#2551,#2552,#2553,#2554,#2555,#2556,#2557,
#2558,#2559,#2560,#2561,#2562,#2563,#2564,#2565,#2566,#2567,#2568,#2569,
#2570,#2571,#2572,#2573,#2574,#2575,#2576,#2577,#2578,#2579,#2580,#2581,
#2582,#2583,#2584,#2585,#2586,#2587,#2588,#2589,#2590,#2591,#2592,#2593,
#2594,#2595,#2596,#2597,#2598,#2599,#2600,#2601,#2602,#2603,#2604,#2605,
#2606,#2607,#2608,#2609,#2610,#2611,#2612,#2613,#2614,#2615,#2616,#2617,
#2618,#2619,#2620,#2621,#2622,#2623,#2624,#2625,#2626,#2627,#2628,#2629,
#2630,#2631,#2632,#2633,#2634,#2635,#2636,#2637,#2638,#2639,#2640,#2641,
#2642,#2643,#2644,#2645,#2646,#2647,#2648,#2649,#2650,#2651,#2652,#2653,
#2654,#2655,#2656,#2657,#2658,#2659));
#2673=CLOSED_SHELL('',(#2660,#2661,#2662,#2663,#2664,#2665));
#2674=CLOSED_SHELL('',(#2666,#2667,#2668,#2669,#2670,#2671));
#2675=STYLED_ITEM('',(#2678),#2697);
#2676=STYLED_ITEM('',(#2679),#2698);
#2677=STYLED_ITEM('',(#2680),#2699);
#2678=PRESENTATION_STYLE_ASSIGNMENT((#2681));
#2679=PRESENTATION_STYLE_ASSIGNMENT((#2682));
#2680=PRESENTATION_STYLE_ASSIGNMENT((#2683));
#2681=SURFACE_STYLE_USAGE(.BOTH.,#2684);
#2682=SURFACE_STYLE_USAGE(.BOTH.,#2685);
#2683=SURFACE_STYLE_USAGE(.BOTH.,#2686);
#2684=SURFACE_SIDE_STYLE('',(#2687));
#2685=SURFACE_SIDE_STYLE('',(#2688));
#2686=SURFACE_SIDE_STYLE('',(#2689));
#2687=SURFACE_STYLE_FILL_AREA(#2690);
#2688=SURFACE_STYLE_FILL_AREA(#2691);
#2689=SURFACE_STYLE_FILL_AREA(#2692);
#2690=FILL_AREA_STYLE('',(#2693));
#2691=FILL_AREA_STYLE('',(#2694));
#2692=FILL_AREA_STYLE('',(#2695));
#2693=FILL_AREA_STYLE_COLOUR('',#2696);
#2694=FILL_AREA_STYLE_COLOUR('',#2696);
#2695=FILL_AREA_STYLE_COLOUR('',#2696);
#2696=COLOUR_RGB('',0.615686274509804,0.811764705882353,0.929411764705882);
#2697=MANIFOLD_SOLID_BREP('Finger mold - main',#2672);
#2698=MANIFOLD_SOLID_BREP('Finger mold - side',#2673);
#2699=MANIFOLD_SOLID_BREP('Finger mold - side',#2674);
#2700=SHAPE_DEFINITION_REPRESENTATION(#4980,#2703);
#2701=SHAPE_DEFINITION_REPRESENTATION(#4981,#2704);
#2702=SHAPE_DEFINITION_REPRESENTATION(#4982,#2705);
#2703=SHAPE_REPRESENTATION('Finger mold - main',(#2706),#4965);
#2704=SHAPE_REPRESENTATION('Finger mold - side',(#2801),#4966);
#2705=SHAPE_REPRESENTATION('Finger mold - side',(#2808),#4967);
#2706=AXIS2_PLACEMENT_3D('',#3361,#2815,#2816);
#2707=AXIS2_PLACEMENT_3D('',#3900,#2845,#2846);
#2708=AXIS2_PLACEMENT_3D('',#3909,#2851,#2852);
#2709=AXIS2_PLACEMENT_3D('',#3918,#2857,#2858);
#2710=AXIS2_PLACEMENT_3D('',#3921,#2861,#2862);
#2711=AXIS2_PLACEMENT_3D('',#3935,#2870,#2871);
#2712=AXIS2_PLACEMENT_3D('',#3944,#2876,#2877);
#2713=AXIS2_PLACEMENT_3D('',#3953,#2882,#2883);
#2714=AXIS2_PLACEMENT_3D('',#3962,#2888,#2889);
#2715=AXIS2_PLACEMENT_3D('',#3971,#2894,#2895);
#2716=AXIS2_PLACEMENT_3D('',#3980,#2900,#2901);
#2717=AXIS2_PLACEMENT_3D('',#3989,#2906,#2907);
#2718=AXIS2_PLACEMENT_3D('',#3998,#2912,#2913);
#2719=AXIS2_PLACEMENT_3D('',#4007,#2918,#2919);
#2720=AXIS2_PLACEMENT_3D('',#4016,#2924,#2925);
#2721=AXIS2_PLACEMENT_3D('',#4025,#2930,#2931);
#2722=AXIS2_PLACEMENT_3D('',#4034,#2936,#2937);
#2723=AXIS2_PLACEMENT_3D('',#4043,#2942,#2943);
#2724=AXIS2_PLACEMENT_3D('',#4052,#2948,#2949);
#2725=AXIS2_PLACEMENT_3D('',#4066,#2957,#2958);
#2726=AXIS2_PLACEMENT_3D('',#4075,#2963,#2964);
#2727=AXIS2_PLACEMENT_3D('',#4084,#2969,#2970);
#2728=AXIS2_PLACEMENT_3D('',#4093,#2975,#2976);
#2729=AXIS2_PLACEMENT_3D('',#4102,#2981,#2982);
#2730=AXIS2_PLACEMENT_3D('',#4111,#2987,#2988);
#2731=AXIS2_PLACEMENT_3D('',#4120,#2993,#2994);
#2732=AXIS2_PLACEMENT_3D('',#4129,#2999,#3000);
#2733=AXIS2_PLACEMENT_3D('',#4138,#3005,#3006);
#2734=AXIS2_PLACEMENT_3D('',#4147,#3011,#3012);
#2735=AXIS2_PLACEMENT_3D('',#4156,#3017,#3018);
#2736=AXIS2_PLACEMENT_3D('',#4165,#3023,#3024);
#2737=AXIS2_PLACEMENT_3D('',#4174,#3029,#3030);
#2738=AXIS2_PLACEMENT_3D('',#4183,#3035,#3036);
#2739=AXIS2_PLACEMENT_3D('',#4189,#3040,#3041);
#2740=AXIS2_PLACEMENT_3D('',#4195,#3045,#3046);
#2741=AXIS2_PLACEMENT_3D('',#4201,#3050,#3051);
#2742=AXIS2_PLACEMENT_3D('',#4207,#3055,#3056);
#2743=AXIS2_PLACEMENT_3D('',#4213,#3060,#3061);
#2744=AXIS2_PLACEMENT_3D('',#4219,#3065,#3066);
#2745=AXIS2_PLACEMENT_3D('',#4225,#3070,#3071);
#2746=AXIS2_PLACEMENT_3D('',#4231,#3075,#3076);
#2747=AXIS2_PLACEMENT_3D('',#4237,#3080,#3081);
#2748=AXIS2_PLACEMENT_3D('',#4243,#3085,#3086);
#2749=AXIS2_PLACEMENT_3D('',#4249,#3090,#3091);
#2750=AXIS2_PLACEMENT_3D('',#4255,#3095,#3096);
#2751=AXIS2_PLACEMENT_3D('',#4261,#3100,#3101);
#2752=AXIS2_PLACEMENT_3D('',#4267,#3105,#3106);
#2753=AXIS2_PLACEMENT_3D('',#4273,#3110,#3111);
#2754=AXIS2_PLACEMENT_3D('',#4279,#3115,#3116);
#2755=AXIS2_PLACEMENT_3D('',#4285,#3120,#3121);
#2756=AXIS2_PLACEMENT_3D('',#4291,#3125,#3126);
#2757=AXIS2_PLACEMENT_3D('',#4297,#3130,#3131);
#2758=AXIS2_PLACEMENT_3D('',#4303,#3135,#3136);
#2759=AXIS2_PLACEMENT_3D('',#4309,#3140,#3141);
#2760=AXIS2_PLACEMENT_3D('',#4315,#3145,#3146);
#2761=AXIS2_PLACEMENT_3D('',#4321,#3150,#3151);
#2762=AXIS2_PLACEMENT_3D('',#4327,#3155,#3156);
#2763=AXIS2_PLACEMENT_3D('',#4333,#3160,#3161);
#2764=AXIS2_PLACEMENT_3D('',#4339,#3165,#3166);
#2765=AXIS2_PLACEMENT_3D('',#4433,#3172,#3173);
#2766=AXIS2_PLACEMENT_3D('',#4437,#3176,#3177);
#2767=AXIS2_PLACEMENT_3D('',#4441,#3180,#3181);
#2768=AXIS2_PLACEMENT_3D('',#4445,#3184,#3185);
#2769=AXIS2_PLACEMENT_3D('',#4819,#3188,#3189);
#2770=AXIS2_PLACEMENT_3D('',#4822,#3192,#3193);
#2771=AXIS2_PLACEMENT_3D('',#4825,#3196,#3197);
#2772=AXIS2_PLACEMENT_3D('',#4828,#3200,#3201);
#2773=AXIS2_PLACEMENT_3D('',#4831,#3204,#3205);
#2774=AXIS2_PLACEMENT_3D('',#4834,#3208,#3209);
#2775=AXIS2_PLACEMENT_3D('',#4837,#3212,#3213);
#2776=AXIS2_PLACEMENT_3D('',#4840,#3216,#3217);
#2777=AXIS2_PLACEMENT_3D('',#4843,#3220,#3221);
#2778=AXIS2_PLACEMENT_3D('',#4846,#3224,#3225);
#2779=AXIS2_PLACEMENT_3D('',#4849,#3228,#3229);
#2780=AXIS2_PLACEMENT_3D('',#4852,#3232,#3233);
#2781=AXIS2_PLACEMENT_3D('',#4855,#3236,#3237);
#2782=AXIS2_PLACEMENT_3D('',#4858,#3240,#3241);
#2783=AXIS2_PLACEMENT_3D('',#4861,#3244,#3245);
#2784=AXIS2_PLACEMENT_3D('',#4864,#3248,#3249);
#2785=AXIS2_PLACEMENT_3D('',#4867,#3252,#3253);
#2786=AXIS2_PLACEMENT_3D('',#4870,#3256,#3257);
#2787=AXIS2_PLACEMENT_3D('',#4873,#3260,#3261);
#2788=AXIS2_PLACEMENT_3D('',#4876,#3264,#3265);
#2789=AXIS2_PLACEMENT_3D('',#4879,#3268,#3269);
#2790=AXIS2_PLACEMENT_3D('',#4882,#3272,#3273);
#2791=AXIS2_PLACEMENT_3D('',#4885,#3276,#3277);
#2792=AXIS2_PLACEMENT_3D('',#4888,#3280,#3281);
#2793=AXIS2_PLACEMENT_3D('',#4891,#3284,#3285);
#2794=AXIS2_PLACEMENT_3D('',#4894,#3288,#3289);
#2795=AXIS2_PLACEMENT_3D('',#4897,#3292,#3293);
#2796=AXIS2_PLACEMENT_3D('',#4901,#3297,#3298);
#2797=AXIS2_PLACEMENT_3D('',#4903,#3300,#3301);
#2798=AXIS2_PLACEMENT_3D('',#4905,#3303,#3304);
#2799=AXIS2_PLACEMENT_3D('',#4906,#3305,#3306);
#2800=AXIS2_PLACEMENT_3D('',#4907,#3307,#3308);
#2801=AXIS2_PLACEMENT_3D('',#4908,#3309,#3310);
#2802=AXIS2_PLACEMENT_3D('',#4909,#3311,#3312);
#2803=AXIS2_PLACEMENT_3D('',#4918,#3317,#3318);
#2804=AXIS2_PLACEMENT_3D('',#4924,#3322,#3323);
#2805=AXIS2_PLACEMENT_3D('',#4930,#3327,#3328);
#2806=AXIS2_PLACEMENT_3D('',#4933,#3331,#3332);
#2807=AXIS2_PLACEMENT_3D('',#4934,#3333,#3334);
#2808=AXIS2_PLACEMENT_3D('',#4935,#3335,#3336);
#2809=AXIS2_PLACEMENT_3D('',#4936,#3337,#3338);
#2810=AXIS2_PLACEMENT_3D('',#4945,#3343,#3344);
#2811=AXIS2_PLACEMENT_3D('',#4954,#3349,#3350);
#2812=AXIS2_PLACEMENT_3D('',#4957,#3353,#3354);
#2813=AXIS2_PLACEMENT_3D('',#4960,#3357,#3358);
#2814=AXIS2_PLACEMENT_3D('',#4961,#3359,#3360);
#2815=DIRECTION('',(0.,0.,1.));
#2816=DIRECTION('',(1.,0.,0.));
#2817=DIRECTION('',(0.,1.,0.));
#2818=DIRECTION('',(0.,1.,0.));
#2819=DIRECTION('',(0.,1.,0.));
#2820=DIRECTION('',(0.,1.,0.));
#2821=DIRECTION('',(0.,1.,0.));
#2822=DIRECTION('',(0.,1.,0.));
#2823=DIRECTION('',(0.,1.,0.));
#2824=DIRECTION('',(0.,1.,0.));
#2825=DIRECTION('',(0.,1.,0.));
#2826=DIRECTION('',(0.,1.,0.));
#2827=DIRECTION('',(0.,1.,0.));
#2828=DIRECTION('',(0.,1.,0.));
#2829=DIRECTION('',(0.,1.,0.));
#2830=DIRECTION('',(0.,1.,0.));
#2831=DIRECTION('',(0.,1.,0.));
#2832=DIRECTION('',(0.,1.,0.));
#2833=DIRECTION('',(0.,1.,0.));
#2834=DIRECTION('',(0.,1.,0.));
#2835=DIRECTION('',(0.,1.,0.));
#2836=DIRECTION('',(0.,1.,0.));
#2837=DIRECTION('',(0.,1.,0.));
#2838=DIRECTION('',(0.,1.,0.));
#2839=DIRECTION('',(0.,1.,0.));
#2840=DIRECTION('',(0.,1.,0.));
#2841=DIRECTION('',(0.,1.,0.));
#2842=DIRECTION('',(0.,1.,0.));
#2843=DIRECTION('',(0.,1.,0.));
#2844=DIRECTION('',(0.,1.,0.));
#2845=DIRECTION('',(-1.,-6.67201336914157E-17,0.));
#2846=DIRECTION('',(6.67201336914157E-17,-1.,0.));
#2847=DIRECTION('',(6.67201336914157E-17,-1.,0.));
#2848=DIRECTION('',(0.,0.,1.));
#2849=DIRECTION('',(-6.67201336914157E-17,1.,-6.39004401359241E-18));
#2850=DIRECTION('',(0.,0.,-1.));
#2851=DIRECTION('',(-1.,0.,0.));
#2852=DIRECTION('',(0.,0.,1.));
#2853=DIRECTION('',(0.,0.,1.));
#2854=DIRECTION('',(0.,-1.,0.));
#2855=DIRECTION('',(0.,0.,-1.));
#2856=DIRECTION('',(0.,1.,0.));
#2857=DIRECTION('',(0.,0.,1.));
#2858=DIRECTION('',(1.,0.,0.));
#2859=DIRECTION('',(1.,0.,0.));
#2860=DIRECTION('',(-1.,0.,0.));
#2861=DIRECTION('',(0.0953375989015336,0.,-0.9954449970921));
#2862=DIRECTION('',(-0.9954449970921,0.,-0.0953375989015336));
#2863=DIRECTION('',(-0.9954449970921,0.,-0.0953375989015336));
#2864=DIRECTION('',(0.9954449970921,0.,0.0953375989015336));
#2865=DIRECTION('',(0.,-1.,0.));
#2866=DIRECTION('',(-0.9954449970921,0.,-0.0953375989015336));
#2867=DIRECTION('',(0.,1.,0.));
#2868=DIRECTION('',(-0.9954449970921,0.,-0.0953375989015336));
#2869=DIRECTION('',(0.,1.,0.));
#2870=DIRECTION('',(0.0953375989015336,0.,-0.9954449970921));
#2871=DIRECTION('',(-0.9954449970921,0.,-0.0953375989015336));
#2872=DIRECTION('',(-0.9954449970921,0.,-0.0953375989015336));
#2873=DIRECTION('',(0.,1.,0.));
#2874=DIRECTION('',(-0.9954449970921,0.,-0.0953375989015336));
#2875=DIRECTION('',(0.,1.,0.));
#2876=DIRECTION('',(0.0953375989015336,0.,-0.9954449970921));
#2877=DIRECTION('',(-0.9954449970921,0.,-0.0953375989015336));
#2878=DIRECTION('',(-0.9954449970921,0.,-0.0953375989015336));
#2879=DIRECTION('',(0.,1.,0.));
#2880=DIRECTION('',(-0.9954449970921,0.,-0.0953375989015336));
#2881=DIRECTION('',(0.,1.,0.));
#2882=DIRECTION('',(0.0953375989015336,0.,-0.9954449970921));
#2883=DIRECTION('',(-0.9954449970921,0.,-0.0953375989015336));
#2884=DIRECTION('',(-0.9954449970921,0.,-0.0953375989015336));
#2885=DIRECTION('',(0.,1.,0.));
#2886=DIRECTION('',(-0.9954449970921,0.,-0.0953375989015336));
#2887=DIRECTION('',(0.,1.,0.));
#2888=DIRECTION('',(0.0953375989015336,0.,-0.9954449970921));
#2889=DIRECTION('',(-0.9954449970921,0.,-0.0953375989015336));
#2890=DIRECTION('',(-0.9954449970921,0.,-0.0953375989015336));
#2891=DIRECTION('',(0.,1.,0.));
#2892=DIRECTION('',(-0.9954449970921,0.,-0.0953375989015336));
#2893=DIRECTION('',(0.,1.,0.));
#2894=DIRECTION('',(0.0953375989015336,0.,-0.9954449970921));
#2895=DIRECTION('',(-0.9954449970921,0.,-0.0953375989015336));
#2896=DIRECTION('',(-0.9954449970921,0.,-0.0953375989015336));
#2897=DIRECTION('',(0.,1.,0.));
#2898=DIRECTION('',(-0.9954449970921,0.,-0.0953375989015336));
#2899=DIRECTION('',(0.,1.,0.));
#2900=DIRECTION('',(0.0953375989015336,0.,-0.9954449970921));
#2901=DIRECTION('',(-0.9954449970921,0.,-0.0953375989015336));
#2902=DIRECTION('',(-0.9954449970921,0.,-0.0953375989015336));
#2903=DIRECTION('',(0.,1.,0.));
#2904=DIRECTION('',(-0.9954449970921,0.,-0.0953375989015336));
#2905=DIRECTION('',(0.,1.,0.));
#2906=DIRECTION('',(0.0953375989015336,0.,-0.9954449970921));
#2907=DIRECTION('',(-0.9954449970921,0.,-0.0953375989015336));
#2908=DIRECTION('',(-0.9954449970921,0.,-0.0953375989015336));
#2909=DIRECTION('',(0.,1.,0.));
#2910=DIRECTION('',(-0.9954449970921,0.,-0.0953375989015336));
#2911=DIRECTION('',(0.,1.,0.));
#2912=DIRECTION('',(0.0953375989015336,0.,-0.9954449970921));
#2913=DIRECTION('',(-0.9954449970921,0.,-0.0953375989015336));
#2914=DIRECTION('',(-0.9954449970921,0.,-0.0953375989015336));
#2915=DIRECTION('',(0.,1.,0.));
#2916=DIRECTION('',(-0.9954449970921,0.,-0.0953375989015336));
#2917=DIRECTION('',(0.,1.,0.));
#2918=DIRECTION('',(0.0953375989015336,0.,-0.9954449970921));
#2919=DIRECTION('',(-0.9954449970921,0.,-0.0953375989015336));
#2920=DIRECTION('',(-0.9954449970921,0.,-0.0953375989015336));
#2921=DIRECTION('',(0.,1.,0.));
#2922=DIRECTION('',(-0.9954449970921,0.,-0.0953375989015336));
#2923=DIRECTION('',(0.,1.,0.));
#2924=DIRECTION('',(0.0953375989015336,0.,-0.9954449970921));
#2925=DIRECTION('',(-0.9954449970921,0.,-0.0953375989015336));
#2926=DIRECTION('',(-0.9954449970921,0.,-0.0953375989015336));
#2927=DIRECTION('',(0.,1.,0.));
#2928=DIRECTION('',(-0.9954449970921,0.,-0.0953375989015336));
#2929=DIRECTION('',(0.,1.,0.));
#2930=DIRECTION('',(0.0953375989015336,0.,-0.9954449970921));
#2931=DIRECTION('',(-0.9954449970921,0.,-0.0953375989015336));
#2932=DIRECTION('',(-0.9954449970921,0.,-0.0953375989015336));
#2933=DIRECTION('',(0.,1.,0.));
#2934=DIRECTION('',(-0.9954449970921,0.,-0.0953375989015336));
#2935=DIRECTION('',(0.,1.,0.));
#2936=DIRECTION('',(0.0953375989015336,0.,-0.9954449970921));
#2937=DIRECTION('',(-0.9954449970921,0.,-0.0953375989015336));
#2938=DIRECTION('',(-0.9954449970921,0.,-0.0953375989015336));
#2939=DIRECTION('',(0.,1.,0.));
#2940=DIRECTION('',(-0.9954449970921,0.,-0.0953375989015336));
#2941=DIRECTION('',(0.,1.,0.));
#2942=DIRECTION('',(0.0953375989015336,0.,-0.9954449970921));
#2943=DIRECTION('',(-0.9954449970921,0.,-0.0953375989015336));
#2944=DIRECTION('',(-0.9954449970921,0.,-0.0953375989015336));
#2945=DIRECTION('',(0.,1.,0.));
#2946=DIRECTION('',(-0.9954449970921,0.,-0.0953375989015336));
#2947=DIRECTION('',(0.,1.,0.));
#2948=DIRECTION('',(0.0953375989015336,0.,-0.9954449970921));
#2949=DIRECTION('',(-0.9954449970921,0.,-0.0953375989015336));
#2950=DIRECTION('',(-0.9954449970921,0.,-0.0953375989015336));
#2951=DIRECTION('',(0.,1.,0.));
#2952=DIRECTION('',(-0.9954449970921,0.,-0.0953375989015336));
#2953=DIRECTION('',(0.,1.,0.));
#2954=DIRECTION('',(-0.9954449970921,0.,-0.0953375989015336));
#2955=DIRECTION('',(0.,-1.,0.));
#2956=DIRECTION('',(0.9954449970921,0.,0.0953375989015336));
#2957=DIRECTION('',(0.0953375989015336,0.,-0.9954449970921));
#2958=DIRECTION('',(-0.9954449970921,0.,-0.0953375989015336));
#2959=DIRECTION('',(0.9954449970921,0.,0.0953375989015336));
#2960=DIRECTION('',(0.,-1.,0.));
#2961=DIRECTION('',(-0.9954449970921,0.,-0.0953375989015336));
#2962=DIRECTION('',(0.,-1.,0.));
#2963=DIRECTION('',(0.0953375989015336,0.,-0.9954449970921));
#2964=DIRECTION('',(-0.9954449970921,0.,-0.0953375989015336));
#2965=DIRECTION('',(0.9954449970921,0.,0.0953375989015336));
#2966=DIRECTION('',(0.,-1.,0.));
#2967=DIRECTION('',(-0.9954449970921,0.,-0.0953375989015336));
#2968=DIRECTION('',(0.,-1.,0.));
#2969=DIRECTION('',(0.0953375989015336,0.,-0.9954449970921));
#2970=DIRECTION('',(-0.9954449970921,0.,-0.0953375989015336));
#2971=DIRECTION('',(0.9954449970921,0.,0.0953375989015336));
#2972=DIRECTION('',(0.,-1.,0.));
#2973=DIRECTION('',(-0.9954449970921,0.,-0.0953375989015336));
#2974=DIRECTION('',(0.,-1.,0.));
#2975=DIRECTION('',(0.0953375989015336,0.,-0.9954449970921));
#2976=DIRECTION('',(-0.9954449970921,0.,-0.0953375989015336));
#2977=DIRECTION('',(0.9954449970921,0.,0.0953375989015336));
#2978=DIRECTION('',(0.,-1.,0.));
#2979=DIRECTION('',(-0.9954449970921,0.,-0.0953375989015336));
#2980=DIRECTION('',(0.,-1.,0.));
#2981=DIRECTION('',(0.0953375989015336,0.,-0.9954449970921));
#2982=DIRECTION('',(-0.9954449970921,0.,-0.0953375989015336));
#2983=DIRECTION('',(0.9954449970921,0.,0.0953375989015336));
#2984=DIRECTION('',(0.,-1.,0.));
#2985=DIRECTION('',(-0.9954449970921,0.,-0.0953375989015336));
#2986=DIRECTION('',(0.,-1.,0.));
#2987=DIRECTION('',(0.0953375989015336,0.,-0.9954449970921));
#2988=DIRECTION('',(-0.9954449970921,0.,-0.0953375989015336));
#2989=DIRECTION('',(0.9954449970921,0.,0.0953375989015336));
#2990=DIRECTION('',(0.,-1.,0.));
#2991=DIRECTION('',(-0.9954449970921,0.,-0.0953375989015336));
#2992=DIRECTION('',(0.,-1.,0.));
#2993=DIRECTION('',(0.0953375989015336,0.,-0.9954449970921));
#2994=DIRECTION('',(-0.9954449970921,0.,-0.0953375989015336));
#2995=DIRECTION('',(0.9954449970921,0.,0.0953375989015336));
#2996=DIRECTION('',(0.,-1.,0.));
#2997=DIRECTION('',(-0.9954449970921,0.,-0.0953375989015336));
#2998=DIRECTION('',(0.,-1.,0.));
#2999=DIRECTION('',(0.0953375989015336,0.,-0.9954449970921));
#3000=DIRECTION('',(-0.9954449970921,0.,-0.0953375989015336));
#3001=DIRECTION('',(0.9954449970921,0.,0.0953375989015336));
#3002=DIRECTION('',(0.,-1.,0.));
#3003=DIRECTION('',(-0.9954449970921,0.,-0.0953375989015336));
#3004=DIRECTION('',(0.,-1.,0.));
#3005=DIRECTION('',(0.0953375989015336,0.,-0.9954449970921));
#3006=DIRECTION('',(-0.9954449970921,0.,-0.0953375989015336));
#3007=DIRECTION('',(0.9954449970921,0.,0.0953375989015336));
#3008=DIRECTION('',(0.,-1.,0.));
#3009=DIRECTION('',(-0.9954449970921,0.,-0.0953375989015336));
#3010=DIRECTION('',(0.,-1.,0.));
#3011=DIRECTION('',(0.0953375989015336,0.,-0.9954449970921));
#3012=DIRECTION('',(-0.9954449970921,0.,-0.0953375989015336));
#3013=DIRECTION('',(0.9954449970921,0.,0.0953375989015336));
#3014=DIRECTION('',(0.,-1.,0.));
#3015=DIRECTION('',(-0.9954449970921,0.,-0.0953375989015336));
#3016=DIRECTION('',(0.,-1.,0.));
#3017=DIRECTION('',(0.0953375989015336,0.,-0.9954449970921));
#3018=DIRECTION('',(-0.9954449970921,0.,-0.0953375989015336));
#3019=DIRECTION('',(0.9954449970921,0.,0.0953375989015336));
#3020=DIRECTION('',(0.,-1.,0.));
#3021=DIRECTION('',(-0.9954449970921,0.,-0.0953375989015336));
#3022=DIRECTION('',(0.,-1.,0.));
#3023=DIRECTION('',(0.0953375989015336,0.,-0.9954449970921));
#3024=DIRECTION('',(-0.9954449970921,0.,-0.0953375989015336));
#3025=DIRECTION('',(0.9954449970921,0.,0.0953375989015336));
#3026=DIRECTION('',(0.,-1.,0.));
#3027=DIRECTION('',(-0.9954449970921,0.,-0.0953375989015336));
#3028=DIRECTION('',(0.,-1.,0.));
#3029=DIRECTION('',(0.0953375989015336,0.,-0.9954449970921));
#3030=DIRECTION('',(-0.9954449970921,0.,-0.0953375989015336));
#3031=DIRECTION('',(0.9954449970921,0.,0.0953375989015336));
#3032=DIRECTION('',(0.,-1.,0.));
#3033=DIRECTION('',(-0.9954449970921,0.,-0.0953375989015336));
#3034=DIRECTION('',(0.,-1.,0.));
#3035=DIRECTION('',(1.,0.,0.));
#3036=DIRECTION('',(0.,0.,-1.));
#3037=DIRECTION('',(0.,0.,1.));
#3038=DIRECTION('',(0.,-1.,0.));
#3039=DIRECTION('',(0.,0.,1.));
#3040=DIRECTION('',(1.,0.,0.));
#3041=DIRECTION('',(0.,0.,-1.));
#3042=DIRECTION('',(0.,-1.,0.));
#3043=DIRECTION('',(0.,0.,1.));
#3044=DIRECTION('',(0.,0.,1.));
#3045=DIRECTION('',(1.,0.,0.));
#3046=DIRECTION('',(0.,0.,-1.));
#3047=DIRECTION('',(0.,0.,1.));
#3048=DIRECTION('',(0.,-1.,0.));
#3049=DIRECTION('',(0.,0.,1.));
#3050=DIRECTION('',(1.,0.,0.));
#3051=DIRECTION('',(0.,0.,-1.));
#3052=DIRECTION('',(0.,-1.,0.));
#3053=DIRECTION('',(0.,0.,1.));
#3054=DIRECTION('',(0.,0.,1.));
#3055=DIRECTION('',(1.,0.,0.));
#3056=DIRECTION('',(0.,0.,-1.));
#3057=DIRECTION('',(0.,0.,1.));
#3058=DIRECTION('',(0.,-1.,0.));
#3059=DIRECTION('',(0.,0.,1.));
#3060=DIRECTION('',(1.,0.,0.));
#3061=DIRECTION('',(0.,0.,-1.));
#3062=DIRECTION('',(0.,-1.,0.));
#3063=DIRECTION('',(0.,0.,1.));
#3064=DIRECTION('',(0.,0.,1.));
#3065=DIRECTION('',(1.,0.,0.));
#3066=DIRECTION('',(0.,0.,-1.));
#3067=DIRECTION('',(0.,0.,1.));
#3068=DIRECTION('',(0.,-1.,0.));
#3069=DIRECTION('',(0.,0.,1.));
#3070=DIRECTION('',(1.,0.,0.));
#3071=DIRECTION('',(0.,0.,-1.));
#3072=DIRECTION('',(0.,-1.,0.));
#3073=DIRECTION('',(0.,0.,1.));
#3074=DIRECTION('',(0.,0.,1.));
#3075=DIRECTION('',(1.,0.,0.));
#3076=DIRECTION('',(0.,0.,-1.));
#3077=DIRECTION('',(0.,0.,1.));
#3078=DIRECTION('',(0.,-1.,0.));
#3079=DIRECTION('',(0.,0.,1.));
#3080=DIRECTION('',(1.,0.,0.));
#3081=DIRECTION('',(0.,0.,-1.));
#3082=DIRECTION('',(0.,-1.,0.));
#3083=DIRECTION('',(0.,0.,1.));
#3084=DIRECTION('',(0.,0.,1.));
#3085=DIRECTION('',(1.,0.,0.));
#3086=DIRECTION('',(0.,0.,-1.));
#3087=DIRECTION('',(0.,0.,1.));
#3088=DIRECTION('',(0.,-1.,0.));
#3089=DIRECTION('',(0.,0.,1.));
#3090=DIRECTION('',(1.,0.,0.));
#3091=DIRECTION('',(0.,0.,-1.));
#3092=DIRECTION('',(0.,-1.,0.));
#3093=DIRECTION('',(0.,0.,1.));
#3094=DIRECTION('',(0.,0.,1.));
#3095=DIRECTION('',(1.,0.,0.));
#3096=DIRECTION('',(0.,0.,-1.));
#3097=DIRECTION('',(0.,0.,1.));
#3098=DIRECTION('',(0.,-1.,0.));
#3099=DIRECTION('',(0.,0.,1.));
#3100=DIRECTION('',(1.,0.,0.));
#3101=DIRECTION('',(0.,0.,-1.));
#3102=DIRECTION('',(0.,-1.,0.));
#3103=DIRECTION('',(0.,0.,1.));
#3104=DIRECTION('',(0.,0.,1.));
#3105=DIRECTION('',(1.,0.,0.));
#3106=DIRECTION('',(0.,0.,-1.));
#3107=DIRECTION('',(0.,0.,1.));
#3108=DIRECTION('',(0.,-1.,0.));
#3109=DIRECTION('',(0.,0.,1.));
#3110=DIRECTION('',(1.,0.,0.));
#3111=DIRECTION('',(0.,0.,-1.));
#3112=DIRECTION('',(0.,-1.,0.));
#3113=DIRECTION('',(0.,0.,1.));
#3114=DIRECTION('',(0.,0.,1.));
#3115=DIRECTION('',(1.,0.,0.));
#3116=DIRECTION('',(0.,0.,-1.));
#3117=DIRECTION('',(0.,0.,1.));
#3118=DIRECTION('',(0.,-1.,0.));
#3119=DIRECTION('',(0.,0.,1.));
#3120=DIRECTION('',(1.,0.,0.));
#3121=DIRECTION('',(0.,0.,-1.));
#3122=DIRECTION('',(0.,-1.,0.));
#3123=DIRECTION('',(0.,0.,1.));
#3124=DIRECTION('',(0.,0.,1.));
#3125=DIRECTION('',(1.,0.,0.));
#3126=DIRECTION('',(0.,0.,-1.));
#3127=DIRECTION('',(0.,0.,1.));
#3128=DIRECTION('',(0.,-1.,0.));
#3129=DIRECTION('',(0.,0.,1.));
#3130=DIRECTION('',(1.,0.,0.));
#3131=DIRECTION('',(0.,0.,-1.));
#3132=DIRECTION('',(0.,-1.,0.));
#3133=DIRECTION('',(0.,0.,1.));
#3134=DIRECTION('',(0.,0.,1.));
#3135=DIRECTION('',(1.,0.,0.));
#3136=DIRECTION('',(0.,0.,-1.));
#3137=DIRECTION('',(0.,0.,1.));
#3138=DIRECTION('',(0.,-1.,0.));
#3139=DIRECTION('',(0.,0.,1.));
#3140=DIRECTION('',(1.,0.,0.));
#3141=DIRECTION('',(0.,0.,-1.));
#3142=DIRECTION('',(0.,-1.,0.));
#3143=DIRECTION('',(0.,0.,1.));
#3144=DIRECTION('',(0.,0.,1.));
#3145=DIRECTION('',(1.,0.,0.));
#3146=DIRECTION('',(0.,0.,-1.));
#3147=DIRECTION('',(0.,0.,1.));
#3148=DIRECTION('',(0.,-1.,0.));
#3149=DIRECTION('',(0.,0.,1.));
#3150=DIRECTION('',(1.,0.,0.));
#3151=DIRECTION('',(0.,0.,-1.));
#3152=DIRECTION('',(0.,-1.,0.));
#3153=DIRECTION('',(0.,0.,1.));
#3154=DIRECTION('',(0.,0.,1.));
#3155=DIRECTION('',(1.,0.,0.));
#3156=DIRECTION('',(0.,0.,-1.));
#3157=DIRECTION('',(0.,0.,1.));
#3158=DIRECTION('',(0.,-1.,0.));
#3159=DIRECTION('',(0.,0.,1.));
#3160=DIRECTION('',(1.,0.,0.));
#3161=DIRECTION('',(0.,0.,-1.));
#3162=DIRECTION('',(0.,-1.,0.));
#3163=DIRECTION('',(0.,0.,1.));
#3164=DIRECTION('',(0.,0.,1.));
#3165=DIRECTION('',(0.,1.,0.));
#3166=DIRECTION('',(0.,0.,1.));
#3167=DIRECTION('',(0.,0.,1.));
#3168=DIRECTION('',(-1.,0.,-1.2288741779846E-16));
#3169=DIRECTION('',(0.,0.,-1.));
#3170=DIRECTION('',(0.,0.,1.));
#3171=DIRECTION('',(0.,0.,1.));
#3172=DIRECTION('',(1.,0.,0.));
#3173=DIRECTION('',(0.,0.,-1.));
#3174=DIRECTION('',(0.,-1.,0.));
#3175=DIRECTION('',(0.,0.,1.));
#3176=DIRECTION('',(1.,0.,0.));
#3177=DIRECTION('',(0.,0.,-1.));
#3178=DIRECTION('',(0.,0.,1.));
#3179=DIRECTION('',(0.,-1.,0.));
#3180=DIRECTION('',(-1.,0.,0.));
#3181=DIRECTION('',(0.,0.,1.));
#3182=DIRECTION('',(0.,-1.,0.));
#3183=DIRECTION('',(0.,0.,-1.));
#3184=DIRECTION('',(1.,0.,0.));
#3185=DIRECTION('',(0.,0.,-1.));
#3186=DIRECTION('',(0.,0.,1.));
#3187=DIRECTION('',(0.,-1.,0.));
#3188=DIRECTION('',(1.,0.,0.));
#3189=DIRECTION('',(0.,0.,-1.));
#3190=DIRECTION('',(0.,0.,1.));
#3191=DIRECTION('',(0.,0.,1.));
#3192=DIRECTION('',(1.,0.,0.));
#3193=DIRECTION('',(0.,0.,-1.));
#3194=DIRECTION('',(0.,0.,1.));
#3195=DIRECTION('',(0.,0.,1.));
#3196=DIRECTION('',(1.,0.,0.));
#3197=DIRECTION('',(0.,0.,-1.));
#3198=DIRECTION('',(0.,0.,1.));
#3199=DIRECTION('',(0.,0.,1.));
#3200=DIRECTION('',(1.,0.,0.));
#3201=DIRECTION('',(0.,0.,-1.));
#3202=DIRECTION('',(0.,0.,1.));
#3203=DIRECTION('',(0.,0.,1.));
#3204=DIRECTION('',(1.,0.,0.));
#3205=DIRECTION('',(0.,0.,-1.));
#3206=DIRECTION('',(0.,0.,1.));
#3207=DIRECTION('',(0.,0.,1.));
#3208=DIRECTION('',(1.,0.,0.));
#3209=DIRECTION('',(0.,0.,-1.));
#3210=DIRECTION('',(0.,0.,1.));
#3211=DIRECTION('',(0.,0.,1.));
#3212=DIRECTION('',(1.,0.,0.));
#3213=DIRECTION('',(0.,0.,-1.));
#3214=DIRECTION('',(0.,0.,1.));
#3215=DIRECTION('',(0.,0.,1.));
#3216=DIRECTION('',(1.,0.,0.));
#3217=DIRECTION('',(0.,0.,-1.));
#3218=DIRECTION('',(0.,0.,1.));
#3219=DIRECTION('',(0.,0.,1.));
#3220=DIRECTION('',(1.,0.,0.));
#3221=DIRECTION('',(0.,0.,-1.));
#3222=DIRECTION('',(0.,0.,1.));
#3223=DIRECTION('',(0.,0.,1.));
#3224=DIRECTION('',(1.,0.,0.));
#3225=DIRECTION('',(0.,0.,-1.));
#3226=DIRECTION('',(0.,0.,1.));
#3227=DIRECTION('',(0.,0.,1.));
#3228=DIRECTION('',(1.,0.,0.));
#3229=DIRECTION('',(0.,0.,-1.));
#3230=DIRECTION('',(0.,0.,1.));
#3231=DIRECTION('',(0.,0.,1.));
#3232=DIRECTION('',(1.,0.,0.));
#3233=DIRECTION('',(0.,0.,-1.));
#3234=DIRECTION('',(0.,0.,1.));
#3235=DIRECTION('',(0.,0.,1.));
#3236=DIRECTION('',(1.,0.,0.));
#3237=DIRECTION('',(0.,0.,-1.));
#3238=DIRECTION('',(0.,0.,1.));
#3239=DIRECTION('',(0.,0.,1.));
#3240=DIRECTION('',(1.,0.,0.));
#3241=DIRECTION('',(0.,0.,-1.));
#3242=DIRECTION('',(0.,0.,1.));
#3243=DIRECTION('',(0.,0.,1.));
#3244=DIRECTION('',(1.,0.,0.));
#3245=DIRECTION('',(0.,0.,-1.));
#3246=DIRECTION('',(0.,0.,1.));
#3247=DIRECTION('',(0.,0.,1.));
#3248=DIRECTION('',(1.,0.,0.));
#3249=DIRECTION('',(0.,0.,-1.));
#3250=DIRECTION('',(0.,0.,1.));
#3251=DIRECTION('',(0.,0.,1.));
#3252=DIRECTION('',(1.,0.,0.));
#3253=DIRECTION('',(0.,0.,-1.));
#3254=DIRECTION('',(0.,0.,1.));
#3255=DIRECTION('',(0.,0.,1.));
#3256=DIRECTION('',(1.,0.,0.));
#3257=DIRECTION('',(0.,0.,-1.));
#3258=DIRECTION('',(0.,0.,1.));
#3259=DIRECTION('',(0.,0.,1.));
#3260=DIRECTION('',(1.,0.,0.));
#3261=DIRECTION('',(0.,0.,-1.));
#3262=DIRECTION('',(0.,0.,1.));
#3263=DIRECTION('',(0.,0.,1.));
#3264=DIRECTION('',(1.,0.,0.));
#3265=DIRECTION('',(0.,0.,-1.));
#3266=DIRECTION('',(0.,0.,1.));
#3267=DIRECTION('',(0.,0.,1.));
#3268=DIRECTION('',(1.,0.,0.));
#3269=DIRECTION('',(0.,0.,-1.));
#3270=DIRECTION('',(0.,0.,1.));
#3271=DIRECTION('',(0.,0.,1.));
#3272=DIRECTION('',(1.,0.,0.));
#3273=DIRECTION('',(0.,0.,-1.));
#3274=DIRECTION('',(0.,0.,1.));
#3275=DIRECTION('',(0.,0.,1.));
#3276=DIRECTION('',(1.,0.,0.));
#3277=DIRECTION('',(0.,0.,-1.));
#3278=DIRECTION('',(0.,0.,1.));
#3279=DIRECTION('',(0.,0.,1.));
#3280=DIRECTION('',(1.,0.,0.));
#3281=DIRECTION('',(0.,0.,-1.));
#3282=DIRECTION('',(0.,0.,1.));
#3283=DIRECTION('',(0.,0.,1.));
#3284=DIRECTION('',(1.,0.,0.));
#3285=DIRECTION('',(0.,0.,-1.));
#3286=DIRECTION('',(0.,0.,1.));
#3287=DIRECTION('',(0.,0.,1.));
#3288=DIRECTION('',(1.,0.,0.));
#3289=DIRECTION('',(0.,0.,-1.));
#3290=DIRECTION('',(0.,0.,1.));
#3291=DIRECTION('',(0.,0.,1.));
#3292=DIRECTION('',(0.,-1.,0.));
#3293=DIRECTION('',(0.,0.,1.));
#3294=DIRECTION('',(0.,0.,1.));
#3295=DIRECTION('',(0.,0.,1.));
#3296=DIRECTION('',(-1.,0.,-1.2288741779846E-16));
#3297=DIRECTION('',(1.,0.,0.));
#3298=DIRECTION('',(0.,0.,-1.));
#3299=DIRECTION('',(0.,0.,1.));
#3300=DIRECTION('',(1.,0.,0.));
#3301=DIRECTION('',(0.,0.,-1.));
#3302=DIRECTION('',(0.,0.,1.));
#3303=DIRECTION('',(0.,1.,0.));
#3304=DIRECTION('',(0.,0.,1.));
#3305=DIRECTION('',(0.,-1.,0.));
#3306=DIRECTION('',(0.,0.,1.));
#3307=DIRECTION('',(0.,0.,1.));
#3308=DIRECTION('',(1.,0.,0.));
#3309=DIRECTION('',(0.,0.,1.));
#3310=DIRECTION('',(1.,0.,0.));
#3311=DIRECTION('',(0.,-1.,0.));
#3312=DIRECTION('',(0.,0.,-1.));
#3313=DIRECTION('',(0.,0.,1.));
#3314=DIRECTION('',(-0.9954449970921,0.,-0.0953375989015336));
#3315=DIRECTION('',(0.,0.,1.));
#3316=DIRECTION('',(1.,0.,0.));
#3317=DIRECTION('',(0.,0.,1.));
#3318=DIRECTION('',(1.,0.,0.));
#3319=DIRECTION('',(0.,-1.,0.));
#3320=DIRECTION('',(-1.,0.,0.));
#3321=DIRECTION('',(6.67201336914157E-17,-1.,0.));
#3322=DIRECTION('',(0.,1.,0.));
#3323=DIRECTION('',(0.,0.,1.));
#3324=DIRECTION('',(0.,0.,-1.));
#3325=DIRECTION('',(0.9954449970921,0.,0.0953375989015336));
#3326=DIRECTION('',(0.,0.,-1.));
#3327=DIRECTION('',(0.0953375989015336,0.,-0.9954449970921));
#3328=DIRECTION('',(-0.9954449970921,0.,-0.0953375989015336));
#3329=DIRECTION('',(-6.67201336914157E-17,1.,-6.39004401359241E-18));
#3330=DIRECTION('',(0.,1.,0.));
#3331=DIRECTION('',(-1.,0.,0.));
#3332=DIRECTION('',(0.,0.,1.));
#3333=DIRECTION('',(-1.,-6.67201336914157E-17,0.));
#3334=DIRECTION('',(6.67201336914157E-17,-1.,0.));
#3335=DIRECTION('',(0.,0.,1.));
#3336=DIRECTION('',(1.,0.,0.));
#3337=DIRECTION('',(0.,1.,0.));
#3338=DIRECTION('',(0.,0.,-1.));
#3339=DIRECTION('',(0.,0.,1.));
#3340=DIRECTION('',(1.,0.,0.));
#3341=DIRECTION('',(0.,0.,1.));
#3342=DIRECTION('',(-0.9954449970921,0.,-0.0953375989015336));
#3343=DIRECTION('',(0.,-1.,0.));
#3344=DIRECTION('',(0.,0.,1.));
#3345=DIRECTION('',(0.9954449970921,0.,0.0953375989015336));
#3346=DIRECTION('',(0.,0.,1.));
#3347=DIRECTION('',(1.,0.,0.));
#3348=DIRECTION('',(0.,0.,1.));
#3349=DIRECTION('',(0.0953375989015336,0.,-0.9954449970921));
#3350=DIRECTION('',(-0.9954449970921,0.,-0.0953375989015336));
#3351=DIRECTION('',(0.,1.,0.));
#3352=DIRECTION('',(-6.67201336914157E-17,1.,-6.39004401359241E-18));
#3353=DIRECTION('',(0.,0.,1.));
#3354=DIRECTION('',(1.,0.,0.));
#3355=DIRECTION('',(6.67201336914157E-17,-1.,0.));
#3356=DIRECTION('',(0.,-1.,0.));
#3357=DIRECTION('',(-1.,0.,0.));
#3358=DIRECTION('',(0.,0.,1.));
#3359=DIRECTION('',(-1.,-6.67201336914157E-17,0.));
#3360=DIRECTION('',(6.67201336914157E-17,-1.,0.));
#3361=CARTESIAN_POINT('',(0.,0.,0.));
#3362=CARTESIAN_POINT('',(0.05392,-0.021,-0.00295881221624921));
#3363=CARTESIAN_POINT('',(0.05392,-0.043,-0.00295881221624921));
#3364=CARTESIAN_POINT('',(0.0545663634131919,-0.021,-0.00374008021012399));
#3365=CARTESIAN_POINT('',(0.0545663634131919,-0.043,-0.00374008021012399));
#3366=CARTESIAN_POINT('',(0.0551707935748834,-0.021,-0.00488963864654521));
#3367=CARTESIAN_POINT('',(0.0551707935748834,-0.043,-0.00488963864654521));
#3368=CARTESIAN_POINT('',(0.0547587433433895,-0.021,-0.00573150364717842));
#3369=CARTESIAN_POINT('',(0.0547587433433895,-0.043,-0.00573150364717842));
#3370=CARTESIAN_POINT('',(0.0537987291014842,-0.021,-0.00605913068424611));
#3371=CARTESIAN_POINT('',(0.0537987291014842,-0.043,-0.00605913068424611));
#3372=CARTESIAN_POINT('',(0.052974508839324,-0.021,-0.00619898595777628));
#3373=CARTESIAN_POINT('',(0.052974508839324,-0.043,-0.00619898595777628));
#3374=CARTESIAN_POINT('',(0.0522062468863323,-0.021,-0.00607943718240064));
#3375=CARTESIAN_POINT('',(0.0522062468863323,-0.043,-0.00607943718240064));
#3376=CARTESIAN_POINT('',(0.0514298115513082,-0.021,-0.00567165935415908));
#3377=CARTESIAN_POINT('',(0.0514298115513082,-0.043,-0.00567165935415908));
#3378=CARTESIAN_POINT('',(0.0511307196025699,-0.021,-0.00476173540034596));
#3379=CARTESIAN_POINT('',(0.0511307196025699,-0.043,-0.00476173540034596));
#3380=CARTESIAN_POINT('',(0.0516168277585269,-0.021,-0.00366637419861857));
#3381=CARTESIAN_POINT('',(0.0516168277585269,-0.043,-0.00366637419861857));
#3382=CARTESIAN_POINT('',(0.05212,-0.021,-0.00295881221624921));
#3383=CARTESIAN_POINT('',(0.05212,-0.043,-0.00295881221624921));
#3384=CARTESIAN_POINT('',(0.05392,-0.043,-0.00295881221624921));
#3385=CARTESIAN_POINT('',(0.05392,-0.043,-0.00295881221624921));
#3386=CARTESIAN_POINT('',(0.05392,-0.021,-0.00295881221624921));
#3387=CARTESIAN_POINT('',(0.05392,-0.021,-0.00295881221624921));
#3388=CARTESIAN_POINT('',(0.055787202826389,-0.021,-0.00521572493215674));
#3389=CARTESIAN_POINT('',(0.0540044585763917,-0.021,-0.00615769467852305));
#3390=CARTESIAN_POINT('',(0.0519391020214362,-0.021,-0.00625764385381112));
#3391=CARTESIAN_POINT('',(0.0506664452160133,-0.021,-0.00500280435188264));
#3392=CARTESIAN_POINT('',(0.05212,-0.021,-0.00295881221624921));
#3393=CARTESIAN_POINT('',(0.05212,-0.021,-0.00295881221624921));
#3394=CARTESIAN_POINT('',(0.05212,-0.043,-0.00295881221624921));
#3395=CARTESIAN_POINT('',(0.05212,-0.043,-0.00295881221624921));
#3396=CARTESIAN_POINT('',(0.05392,-0.043,-0.00295881221624921));
#3397=CARTESIAN_POINT('',(0.055787202826389,-0.043,-0.00521572493215674));
#3398=CARTESIAN_POINT('',(0.0540044585763917,-0.043,-0.00615769467852305));
#3399=CARTESIAN_POINT('',(0.0519391020214362,-0.043,-0.00625764385381112));
#3400=CARTESIAN_POINT('',(0.0506664452160133,-0.043,-0.00500280435188264));
#3401=CARTESIAN_POINT('',(0.05212,-0.043,-0.00295881221624921));
#3402=CARTESIAN_POINT('',(0.06694,-0.021,-0.00295881221624921));
#3403=CARTESIAN_POINT('',(0.06694,-0.043,-0.00295881221624921));
#3404=CARTESIAN_POINT('',(0.0662914905093062,-0.021,-0.0036818913026904));
#3405=CARTESIAN_POINT('',(0.0662914905093062,-0.043,-0.0036818913026904));
#3406=CARTESIAN_POINT('',(0.0656872286194899,-0.021,-0.00478477910484067));
#3407=CARTESIAN_POINT('',(0.0656872286194899,-0.043,-0.00478477910484067));
#3408=CARTESIAN_POINT('',(0.0661038418366342,-0.021,-0.00567463456728824));
#3409=CARTESIAN_POINT('',(0.0661038418366342,-0.043,-0.00567463456728824));
#3410=CARTESIAN_POINT('',(0.0670624553027564,-0.021,-0.00607384310726517));
#3411=CARTESIAN_POINT('',(0.0670624553027564,-0.043,-0.00607384310726517));
#3412=CARTESIAN_POINT('',(0.0678732985710255,-0.021,-0.00622609926888922));
#3413=CARTESIAN_POINT('',(0.0678732985710255,-0.043,-0.00622609926888922));
#3414=CARTESIAN_POINT('',(0.0686431815361363,-0.021,-0.00608559951668918));
#3415=CARTESIAN_POINT('',(0.0686431815361363,-0.043,-0.00608559951668918));
#3416=CARTESIAN_POINT('',(0.0694674191107943,-0.021,-0.0056399878248971));
#3417=CARTESIAN_POINT('',(0.0694674191107943,-0.043,-0.0056399878248971));
#3418=CARTESIAN_POINT('',(0.0698013492452175,-0.021,-0.0047107297578023));
#3419=CARTESIAN_POINT('',(0.0698013492452175,-0.043,-0.0047107297578023));
#3420=CARTESIAN_POINT('',(0.0692836965703186,-0.021,-0.0036392193441048));
#3421=CARTESIAN_POINT('',(0.0692836965703186,-0.043,-0.0036392193441048));
#3422=CARTESIAN_POINT('',(0.06874,-0.021,-0.00295881221624921));
#3423=CARTESIAN_POINT('',(0.06874,-0.043,-0.00295881221624921));
#3424=CARTESIAN_POINT('',(0.06874,-0.043,-0.00295881221624921));
#3425=CARTESIAN_POINT('',(0.06874,-0.043,-0.00295881221624921));
#3426=CARTESIAN_POINT('',(0.06874,-0.021,-0.00295881221624921));
#3427=CARTESIAN_POINT('',(0.06694,-0.021,-0.00295881221624921));
#3428=CARTESIAN_POINT('',(0.0650665976241077,-0.021,-0.00504762987880596));
#3429=CARTESIAN_POINT('',(0.0668715491699536,-0.021,-0.0062074761273344));
#3430=CARTESIAN_POINT('',(0.0688790424402662,-0.021,-0.00626534151689281));
#3431=CARTESIAN_POINT('',(0.0703106207252413,-0.021,-0.00492435990397072));
#3432=CARTESIAN_POINT('',(0.06874,-0.021,-0.00295881221624921));
#3433=CARTESIAN_POINT('',(0.06694,-0.021,-0.00295881221624921));
#3434=CARTESIAN_POINT('',(0.06694,-0.043,-0.00295881221624921));
#3435=CARTESIAN_POINT('',(0.06694,-0.043,-0.00295881221624921));
#3436=CARTESIAN_POINT('',(0.06694,-0.043,-0.00295881221624921));
#3437=CARTESIAN_POINT('',(0.0650665976241077,-0.043,-0.00504762987880596));
#3438=CARTESIAN_POINT('',(0.0668715491699536,-0.043,-0.0062074761273344));
#3439=CARTESIAN_POINT('',(0.0688790424402662,-0.043,-0.00626534151689281));
#3440=CARTESIAN_POINT('',(0.0703106207252413,-0.043,-0.00492435990397072));
#3441=CARTESIAN_POINT('',(0.06874,-0.043,-0.00295881221624921));
#3442=CARTESIAN_POINT('',(0.00778,-0.021,-0.00295881221624921));
#3443=CARTESIAN_POINT('',(0.00778,-0.043,-0.00295881221624921));
#3444=CARTESIAN_POINT('',(0.00851834835239131,-0.021,-0.00438762004436713));
#3445=CARTESIAN_POINT('',(0.00851834835239131,-0.043,-0.00438762004436713));
#3446=CARTESIAN_POINT('',(0.00861473909936219,-0.021,-0.00553052077987195));
#3447=CARTESIAN_POINT('',(0.00861473909936219,-0.043,-0.00553052077987195));
#3448=CARTESIAN_POINT('',(0.00773527630852521,-0.021,-0.00607605224692308));
#3449=CARTESIAN_POINT('',(0.00773527630852521,-0.043,-0.00607605224692308));
#3450=CARTESIAN_POINT('',(0.00683102691367427,-0.021,-0.00622864728419982));
#3451=CARTESIAN_POINT('',(0.00683102691367427,-0.043,-0.00622864728419982));
#3452=CARTESIAN_POINT('',(0.00598695976212207,-0.021,-0.00608523815856902));
#3453=CARTESIAN_POINT('',(0.00598695976212207,-0.043,-0.00608523815856902));
#3454=CARTESIAN_POINT('',(0.00537136822676052,-0.021,-0.00549133460079901));
#3455=CARTESIAN_POINT('',(0.00537136822676052,-0.043,-0.00549133460079901));
#3456=CARTESIAN_POINT('',(0.00555003197067023,-0.021,-0.00432108659245579));
#3457=CARTESIAN_POINT('',(0.00555003197067023,-0.043,-0.00432108659245579));
#3458=CARTESIAN_POINT('',(0.00598,-0.021,-0.00295881221624921));
#3459=CARTESIAN_POINT('',(0.00598,-0.043,-0.00295881221624921));
#3460=CARTESIAN_POINT('',(0.00778,-0.043,-0.00295881221624921));
#3461=CARTESIAN_POINT('',(0.00778,-0.043,-0.00295881221624921));
#3462=CARTESIAN_POINT('',(0.00778,-0.021,-0.00295881221624921));
#3463=CARTESIAN_POINT('',(0.00778,-0.021,-0.00295881221624921));
#3464=CARTESIAN_POINT('',(0.00884646361961963,-0.021,-0.00502256919922399));
#3465=CARTESIAN_POINT('',(0.00824409524654369,-0.021,-0.00621652863963548));
#3466=CARTESIAN_POINT('',(0.00541205752027603,-0.021,-0.00626164004582735));
#3467=CARTESIAN_POINT('',(0.00535895810372618,-0.021,-0.00492646888868447));
#3468=CARTESIAN_POINT('',(0.00598,-0.021,-0.00295881221624921));
#3469=CARTESIAN_POINT('',(0.00598,-0.021,-0.00295881221624921));
#3470=CARTESIAN_POINT('',(0.00598,-0.043,-0.00295881221624921));
#3471=CARTESIAN_POINT('',(0.00598,-0.043,-0.00295881221624921));
#3472=CARTESIAN_POINT('',(0.00778,-0.043,-0.00295881221624921));
#3473=CARTESIAN_POINT('',(0.00884646361961963,-0.043,-0.00502256919922399));
#3474=CARTESIAN_POINT('',(0.00824409524654369,-0.043,-0.00621652863963548));
#3475=CARTESIAN_POINT('',(0.00541205752027603,-0.043,-0.00626164004582735));
#3476=CARTESIAN_POINT('',(0.00535895810372618,-0.043,-0.00492646888868447));
#3477=CARTESIAN_POINT('',(0.00598,-0.043,-0.00295881221624921));
#3478=CARTESIAN_POINT('',(0.00422,-0.021,-0.00295881221624921));
#3479=CARTESIAN_POINT('',(0.00422,-0.043,-0.00295881221624921));
#3480=CARTESIAN_POINT('',(0.00442956967905425,-0.021,-0.00364654419585318));
#3481=CARTESIAN_POINT('',(0.00442956967905425,-0.043,-0.00364654419585318));
#3482=CARTESIAN_POINT('',(0.00470955566838454,-0.021,-0.00472046394521007));
#3483=CARTESIAN_POINT('',(0.00470955566838454,-0.043,-0.00472046394521007));
#3484=CARTESIAN_POINT('',(0.00469601115256783,-0.021,-0.00563855826071653));
#3485=CARTESIAN_POINT('',(0.00469601115256783,-0.043,-0.00563855826071653));
#3486=CARTESIAN_POINT('',(0.00421796053171747,-0.021,-0.00608257040393293));
#3487=CARTESIAN_POINT('',(0.00421796053171747,-0.043,-0.00608257040393293));
#3488=CARTESIAN_POINT('',(0.00329728795128954,-0.021,-0.00624688257792604));
#3489=CARTESIAN_POINT('',(0.00329728795128954,-0.043,-0.00624688257792604));
#3490=CARTESIAN_POINT('',(0.0024045532784618,-0.021,-0.00609287345758277));
#3491=CARTESIAN_POINT('',(0.0024045532784618,-0.043,-0.00609287345758277));
#3492=CARTESIAN_POINT('',(0.00201815679466453,-0.021,-0.00560819463243739));
#3493=CARTESIAN_POINT('',(0.00201815679466453,-0.043,-0.00560819463243739));
#3494=CARTESIAN_POINT('',(0.00206100815844451,-0.021,-0.00465556875759321));
#3495=CARTESIAN_POINT('',(0.00206100815844451,-0.043,-0.00465556875759321));
#3496=CARTESIAN_POINT('',(0.00228192036029984,-0.021,-0.00360914744802019));
#3497=CARTESIAN_POINT('',(0.00228192036029984,-0.043,-0.00360914744802019));
#3498=CARTESIAN_POINT('',(0.00242,-0.021,-0.00295881221624921));
#3499=CARTESIAN_POINT('',(0.00242,-0.043,-0.00295881221624921));
#3500=CARTESIAN_POINT('',(0.00422,-0.021,-0.00295881221624921));
#3501=CARTESIAN_POINT('',(0.00482540106241957,-0.021,-0.0049455198019605));
#3502=CARTESIAN_POINT('',(0.00487230370546849,-0.021,-0.00623308274010352));
#3503=CARTESIAN_POINT('',(0.00171954767912591,-0.021,-0.00628379467021642));
#3504=CARTESIAN_POINT('',(0.00202111805796414,-0.021,-0.00483748875962985));
#3505=CARTESIAN_POINT('',(0.00242,-0.021,-0.00295881221624921));
#3506=CARTESIAN_POINT('',(0.00242,-0.021,-0.00295881221624921));
#3507=CARTESIAN_POINT('',(0.00422,-0.021,-0.00295881221624921));
#3508=CARTESIAN_POINT('',(0.00242,-0.043,-0.00295881221624921));
#3509=CARTESIAN_POINT('',(0.00242,-0.043,-0.00295881221624921));
#3510=CARTESIAN_POINT('',(0.00422,-0.043,-0.00295881221624921));
#3511=CARTESIAN_POINT('',(0.00482540106241957,-0.043,-0.0049455198019605));
#3512=CARTESIAN_POINT('',(0.00487230370546849,-0.043,-0.00623308274010352));
#3513=CARTESIAN_POINT('',(0.00171954767912591,-0.043,-0.00628379467021642));
#3514=CARTESIAN_POINT('',(0.00202111805796414,-0.043,-0.00483748875962985));
#3515=CARTESIAN_POINT('',(0.00242,-0.043,-0.00295881221624921));
#3516=CARTESIAN_POINT('',(0.00422,-0.043,-0.00295881221624921));
#3517=CARTESIAN_POINT('',(0.00422,-0.043,-0.00295881221624921));
#3518=CARTESIAN_POINT('',(0.0009,-0.021,-0.00295881221624921));
#3519=CARTESIAN_POINT('',(0.0009,-0.043,-0.00295881221624921));
#3520=CARTESIAN_POINT('',(0.00104557894375223,-0.021,-0.00356508304460795));
#3521=CARTESIAN_POINT('',(0.00104557894375223,-0.043,-0.00356508304460795));
#3522=CARTESIAN_POINT('',(0.00126921775596192,-0.021,-0.00457413099289548));
#3523=CARTESIAN_POINT('',(0.00126921775596192,-0.043,-0.00457413099289548));
#3524=CARTESIAN_POINT('',(0.00130102364904104,-0.021,-0.00556009571028007));
#3525=CARTESIAN_POINT('',(0.00130102364904104,-0.043,-0.00556009571028007));
#3526=CARTESIAN_POINT('',(0.000912433739807651,-0.021,-0.0061033247011432));
#3527=CARTESIAN_POINT('',(0.000912433739807651,-0.043,-0.0061033247011432));
#3528=CARTESIAN_POINT('',(4.21758019634236E-5,-0.021,-0.00628159710659886));
#3529=CARTESIAN_POINT('',(4.21758019634236E-5,-0.043,-0.00628159710659886));
#3530=CARTESIAN_POINT('',(-0.000879962249085884,-0.021,-0.00609884615649903));
#3531=CARTESIAN_POINT('',(-0.000879962249085884,-0.043,-0.00609884615649903));
#3532=CARTESIAN_POINT('',(-0.00143875198409276,-0.021,-0.00557329421136809));
#3533=CARTESIAN_POINT('',(-0.00143875198409276,-0.043,-0.00557329421136809));
#3534=CARTESIAN_POINT('',(-0.00151167206618855,-0.021,-0.00460233971671774));
#3535=CARTESIAN_POINT('',(-0.00151167206618855,-0.043,-0.00460233971671774));
#3536=CARTESIAN_POINT('',(-0.00117833445958406,-0.021,-0.00358133871117139));
#3537=CARTESIAN_POINT('',(-0.00117833445958406,-0.043,-0.00358133871117139));
#3538=CARTESIAN_POINT('',(-0.0009,-0.021,-0.00295881221624921));
#3539=CARTESIAN_POINT('',(-0.0009,-0.043,-0.00295881221624921));
#3540=CARTESIAN_POINT('',(0.0009,-0.021,-0.00295881221624921));
#3541=CARTESIAN_POINT('',(0.00132054579465526,-0.021,-0.00471019631560341));
#3542=CARTESIAN_POINT('',(0.00156937447420046,-0.021,-0.00630625716003484));
#3543=CARTESIAN_POINT('',(-0.00147996349705581,-0.021,-0.00628421363287079));
#3544=CARTESIAN_POINT('',(-0.00170404750487092,-0.021,-0.00475715538836746));
#3545=CARTESIAN_POINT('',(-0.0009,-0.021,-0.00295881221624921));
#3546=CARTESIAN_POINT('',(-0.0009,-0.021,-0.00295881221624921));
#3547=CARTESIAN_POINT('',(0.0009,-0.021,-0.00295881221624921));
#3548=CARTESIAN_POINT('',(-0.0009,-0.043,-0.00295881221624921));
#3549=CARTESIAN_POINT('',(-0.0009,-0.043,-0.00295881221624921));
#3550=CARTESIAN_POINT('',(0.0009,-0.043,-0.00295881221624921));
#3551=CARTESIAN_POINT('',(0.00132054579465526,-0.043,-0.00471019631560341));
#3552=CARTESIAN_POINT('',(0.00156937447420046,-0.043,-0.00630625716003484));
#3553=CARTESIAN_POINT('',(-0.00147996349705581,-0.043,-0.00628421363287079));
#3554=CARTESIAN_POINT('',(-0.00170404750487092,-0.043,-0.00475715538836746));
#3555=CARTESIAN_POINT('',(-0.0009,-0.043,-0.00295881221624921));
#3556=CARTESIAN_POINT('',(0.0009,-0.043,-0.00295881221624921));
#3557=CARTESIAN_POINT('',(0.0009,-0.043,-0.00295881221624921));
#3558=CARTESIAN_POINT('',(0.05927,-0.021,-0.00295881221624921));
#3559=CARTESIAN_POINT('',(0.05927,-0.043,-0.00295881221624921));
#3560=CARTESIAN_POINT('',(0.0586683303625179,-0.021,-0.0036159426627597));
#3561=CARTESIAN_POINT('',(0.0586683303625179,-0.043,-0.0036159426627597));
#3562=CARTESIAN_POINT('',(0.0581045385042221,-0.021,-0.0046726320278079));
#3563=CARTESIAN_POINT('',(0.0581045385042221,-0.043,-0.0046726320278079));
#3564=CARTESIAN_POINT('',(0.0584868107652809,-0.021,-0.00562677530141947));
#3565=CARTESIAN_POINT('',(0.0584868107652809,-0.043,-0.00562677530141947));
#3566=CARTESIAN_POINT('',(0.0593815980244542,-0.021,-0.0060927917958002));
#3567=CARTESIAN_POINT('',(0.0593815980244542,-0.043,-0.0060927917958002));
#3568=CARTESIAN_POINT('',(0.0601612123122825,-0.021,-0.0062100781082718));
#3569=CARTESIAN_POINT('',(0.0601612123122825,-0.043,-0.0062100781082718));
#3570=CARTESIAN_POINT('',(0.0609516362637655,-0.021,-0.00605431600714014));
#3571=CARTESIAN_POINT('',(0.0609516362637655,-0.043,-0.00605431600714014));
#3572=CARTESIAN_POINT('',(0.0618818861069052,-0.021,-0.00574016542674789));
#3573=CARTESIAN_POINT('',(0.0618818861069052,-0.043,-0.00574016542674789));
#3574=CARTESIAN_POINT('',(0.0622859789172578,-0.021,-0.00491497702654914));
#3575=CARTESIAN_POINT('',(0.0622859789172578,-0.043,-0.00491497702654914));
#3576=CARTESIAN_POINT('',(0.0616993303804105,-0.021,-0.00375559731419581));
#3577=CARTESIAN_POINT('',(0.0616993303804105,-0.043,-0.00375559731419581));
#3578=CARTESIAN_POINT('',(0.06107,-0.021,-0.00295881221624921));
#3579=CARTESIAN_POINT('',(0.06107,-0.043,-0.00295881221624921));
#3580=CARTESIAN_POINT('',(0.06107,-0.043,-0.00295881221624921));
#3581=CARTESIAN_POINT('',(0.06107,-0.043,-0.00295881221624921));
#3582=CARTESIAN_POINT('',(0.06107,-0.021,-0.00295881221624921));
#3583=CARTESIAN_POINT('',(0.05927,-0.021,-0.00295881221624921));
#3584=CARTESIAN_POINT('',(0.0575319077368394,-0.021,-0.0048571186518988));
#3585=CARTESIAN_POINT('',(0.0591832419043981,-0.021,-0.00631411619526095));
#3586=CARTESIAN_POINT('',(0.0611381285566462,-0.021,-0.00612473724297351));
#3587=CARTESIAN_POINT('',(0.0628879981122879,-0.021,-0.00526055045908007));
#3588=CARTESIAN_POINT('',(0.06107,-0.021,-0.00295881221624921));
#3589=CARTESIAN_POINT('',(0.05927,-0.021,-0.00295881221624921));
#3590=CARTESIAN_POINT('',(0.05927,-0.043,-0.00295881221624921));
#3591=CARTESIAN_POINT('',(0.05927,-0.043,-0.00295881221624921));
#3592=CARTESIAN_POINT('',(0.05927,-0.043,-0.00295881221624921));
#3593=CARTESIAN_POINT('',(0.0575319077368394,-0.043,-0.0048571186518988));
#3594=CARTESIAN_POINT('',(0.0591832419043981,-0.043,-0.00631411619526095));
#3595=CARTESIAN_POINT('',(0.0611381285566462,-0.043,-0.00612473724297351));
#3596=CARTESIAN_POINT('',(0.0628879981122879,-0.043,-0.00526055045908007));
#3597=CARTESIAN_POINT('',(0.06107,-0.043,-0.00295881221624921));
#3598=CARTESIAN_POINT('',(0.01159,-0.021,-0.00295881221624921));
#3599=CARTESIAN_POINT('',(0.01159,-0.043,-0.00295881221624921));
#3600=CARTESIAN_POINT('',(0.0122459729067211,-0.021,-0.00431482602020154));
#3601=CARTESIAN_POINT('',(0.0122459729067211,-0.043,-0.00431482602020154));
#3602=CARTESIAN_POINT('',(0.0123541790918211,-0.021,-0.0054871958025467));
#3603=CARTESIAN_POINT('',(0.0123541790918211,-0.043,-0.0054871958025467));
#3604=CARTESIAN_POINT('',(0.0115542645170823,-0.021,-0.00608605367168036));
#3605=CARTESIAN_POINT('',(0.0115542645170823,-0.043,-0.00608605367168036));
#3606=CARTESIAN_POINT('',(0.0106895662676568,-0.021,-0.00622964150958493));
#3607=CARTESIAN_POINT('',(0.0106895662676568,-0.043,-0.00622964150958493));
#3608=CARTESIAN_POINT('',(0.00982540102497771,-0.021,-0.00607600339689184));
#3609=CARTESIAN_POINT('',(0.00982540102497771,-0.043,-0.00607600339689184));
#3610=CARTESIAN_POINT('',(0.00902782343788918,-0.021,-0.00553006926821618));
#3611=CARTESIAN_POINT('',(0.00902782343788918,-0.043,-0.00553006926821618));
#3612=CARTESIAN_POINT('',(0.0091367582774895,-0.021,-0.00438762004436712));
#3613=CARTESIAN_POINT('',(0.0091367582774895,-0.043,-0.00438762004436712));
#3614=CARTESIAN_POINT('',(0.00979,-0.021,-0.00295881221624921));
#3615=CARTESIAN_POINT('',(0.00979,-0.043,-0.00295881221624921));
#3616=CARTESIAN_POINT('',(0.01159,-0.043,-0.00295881221624921));
#3617=CARTESIAN_POINT('',(0.01159,-0.043,-0.00295881221624921));
#3618=CARTESIAN_POINT('',(0.01159,-0.021,-0.00295881221624921));
#3619=CARTESIAN_POINT('',(0.01159,-0.021,-0.00295881221624921));
#3620=CARTESIAN_POINT('',(0.0125374812779205,-0.021,-0.00491742617527482));
#3621=CARTESIAN_POINT('',(0.0120577926660168,-0.021,-0.00626481658648854));
#3622=CARTESIAN_POINT('',(0.00932128760628865,-0.021,-0.00621546034991675));
#3623=CARTESIAN_POINT('',(0.00884646361961963,-0.021,-0.00502256919922399));
#3624=CARTESIAN_POINT('',(0.00979,-0.021,-0.00295881221624921));
#3625=CARTESIAN_POINT('',(0.00979,-0.021,-0.00295881221624921));
#3626=CARTESIAN_POINT('',(0.00979,-0.043,-0.00295881221624921));
#3627=CARTESIAN_POINT('',(0.00979,-0.043,-0.00295881221624921));
#3628=CARTESIAN_POINT('',(0.01159,-0.043,-0.00295881221624921));
#3629=CARTESIAN_POINT('',(0.0125374812779205,-0.043,-0.00491742617527482));
#3630=CARTESIAN_POINT('',(0.0120577926660168,-0.043,-0.00626481658648854));
#3631=CARTESIAN_POINT('',(0.00932128760628865,-0.043,-0.00621546034991675));
#3632=CARTESIAN_POINT('',(0.00884646361961963,-0.043,-0.00502256919922399));
#3633=CARTESIAN_POINT('',(0.00979,-0.043,-0.00295881221624921));
#3634=CARTESIAN_POINT('',(0.01568,-0.021,-0.00295881221624921));
#3635=CARTESIAN_POINT('',(0.01568,-0.043,-0.00295881221624921));
#3636=CARTESIAN_POINT('',(0.016436753484674,-0.021,-0.00433514357603219));
#3637=CARTESIAN_POINT('',(0.016436753484674,-0.043,-0.00433514357603219));
#3638=CARTESIAN_POINT('',(0.0165124649154378,-0.021,-0.00549537762876028));
#3639=CARTESIAN_POINT('',(0.0165124649154378,-0.043,-0.00549537762876028));
#3640=CARTESIAN_POINT('',(0.0156313163530784,-0.021,-0.00608283907360406));
#3641=CARTESIAN_POINT('',(0.0156313163530784,-0.043,-0.00608283907360406));
#3642=CARTESIAN_POINT('',(0.0147599043900796,-0.021,-0.00623797516261545));
#3643=CARTESIAN_POINT('',(0.0147599043900796,-0.043,-0.00623797516261545));
#3644=CARTESIAN_POINT('',(0.0139131876010264,-0.021,-0.00608564420797422));
#3645=CARTESIAN_POINT('',(0.0139131876010264,-0.043,-0.00608564420797422));
#3646=CARTESIAN_POINT('',(0.0131403159355723,-0.021,-0.00548341120648348));
#3647=CARTESIAN_POINT('',(0.0131403159355723,-0.043,-0.00548341120648348));
#3648=CARTESIAN_POINT('',(0.0132497872572784,-0.021,-0.00431482602020154));
#3649=CARTESIAN_POINT('',(0.0132497872572784,-0.043,-0.00431482602020154));
#3650=CARTESIAN_POINT('',(0.01388,-0.021,-0.00295881221624921));
#3651=CARTESIAN_POINT('',(0.01388,-0.043,-0.00295881221624921));
#3652=CARTESIAN_POINT('',(0.01568,-0.043,-0.00295881221624921));
#3653=CARTESIAN_POINT('',(0.01568,-0.043,-0.00295881221624921));
#3654=CARTESIAN_POINT('',(0.01568,-0.021,-0.00295881221624921));
#3655=CARTESIAN_POINT('',(0.01568,-0.021,-0.00295881221624921));
#3656=CARTESIAN_POINT('',(0.0167730478246635,-0.021,-0.00494677266743235));
#3657=CARTESIAN_POINT('',(0.0161005873995679,-0.021,-0.00624208629218721));
#3658=CARTESIAN_POINT('',(0.0134167999401758,-0.021,-0.00625586212205283));
#3659=CARTESIAN_POINT('',(0.0129697264677892,-0.021,-0.00491742617527482));
#3660=CARTESIAN_POINT('',(0.01388,-0.021,-0.00295881221624921));
#3661=CARTESIAN_POINT('',(0.01388,-0.021,-0.00295881221624921));
#3662=CARTESIAN_POINT('',(0.01388,-0.043,-0.00295881221624921));
#3663=CARTESIAN_POINT('',(0.01388,-0.043,-0.00295881221624921));
#3664=CARTESIAN_POINT('',(0.01568,-0.043,-0.00295881221624921));
#3665=CARTESIAN_POINT('',(0.0167730478246635,-0.043,-0.00494677266743235));
#3666=CARTESIAN_POINT('',(0.0161005873995679,-0.043,-0.00624208629218721));
#3667=CARTESIAN_POINT('',(0.0134167999401758,-0.043,-0.00625586212205283));
#3668=CARTESIAN_POINT('',(0.0129697264677892,-0.043,-0.00491742617527482));
#3669=CARTESIAN_POINT('',(0.01388,-0.043,-0.00295881221624921));
#3670=CARTESIAN_POINT('',(0.02007,-0.021,-0.00295881221624921));
#3671=CARTESIAN_POINT('',(0.02007,-0.043,-0.00295881221624921));
#3672=CARTESIAN_POINT('',(0.0208560221104658,-0.021,-0.00437393618098793));
#3673=CARTESIAN_POINT('',(0.0208560221104658,-0.043,-0.00437393618098793));
#3674=CARTESIAN_POINT('',(0.0209168962715364,-0.021,-0.00552304784458454));
#3675=CARTESIAN_POINT('',(0.0209168962715364,-0.043,-0.00552304784458454));
#3676=CARTESIAN_POINT('',(0.0200169717005385,-0.021,-0.00607800495212582));
#3677=CARTESIAN_POINT('',(0.0200169717005385,-0.043,-0.00607800495212582));
#3678=CARTESIAN_POINT('',(0.0191560853265915,-0.021,-0.00622735593888796));
#3679=CARTESIAN_POINT('',(0.0191560853265915,-0.043,-0.00622735593888796));
#3680=CARTESIAN_POINT('',(0.0183122984724689,-0.021,-0.00608228967636332));
#3681=CARTESIAN_POINT('',(0.0183122984724689,-0.043,-0.00608228967636332));
#3682=CARTESIAN_POINT('',(0.0174873473739905,-0.021,-0.00550476964012096));
#3683=CARTESIAN_POINT('',(0.0174873473739905,-0.043,-0.00550476964012096));
#3684=CARTESIAN_POINT('',(0.0175715976783395,-0.021,-0.0043429019728443));
#3685=CARTESIAN_POINT('',(0.0175715976783395,-0.043,-0.0043429019728443));
#3686=CARTESIAN_POINT('',(0.01827,-0.021,-0.00295881221624921));
#3687=CARTESIAN_POINT('',(0.01827,-0.043,-0.00295881221624921));
#3688=CARTESIAN_POINT('',(0.02007,-0.043,-0.00295881221624921));
#3689=CARTESIAN_POINT('',(0.02007,-0.043,-0.00295881221624921));
#3690=CARTESIAN_POINT('',(0.02007,-0.021,-0.00295881221624921));
#3691=CARTESIAN_POINT('',(0.02007,-0.021,-0.00295881221624921));
#3692=CARTESIAN_POINT('',(0.0212053231605563,-0.021,-0.00500280435188264));
#3693=CARTESIAN_POINT('',(0.0204641011297356,-0.021,-0.00622719419739824));
#3694=CARTESIAN_POINT('',(0.0178463928610971,-0.021,-0.00624823619550885));
#3695=CARTESIAN_POINT('',(0.0172612340624903,-0.021,-0.00495797882495934));
#3696=CARTESIAN_POINT('',(0.01827,-0.021,-0.00295881221624921));
#3697=CARTESIAN_POINT('',(0.01827,-0.021,-0.00295881221624921));
#3698=CARTESIAN_POINT('',(0.01827,-0.043,-0.00295881221624921));
#3699=CARTESIAN_POINT('',(0.01827,-0.043,-0.00295881221624921));
#3700=CARTESIAN_POINT('',(0.02007,-0.043,-0.00295881221624921));
#3701=CARTESIAN_POINT('',(0.0212053231605563,-0.043,-0.00500280435188264));
#3702=CARTESIAN_POINT('',(0.0204641011297356,-0.043,-0.00622719419739824));
#3703=CARTESIAN_POINT('',(0.0178463928610971,-0.043,-0.00624823619550885));
#3704=CARTESIAN_POINT('',(0.0172612340624903,-0.043,-0.00495797882495934));
#3705=CARTESIAN_POINT('',(0.01827,-0.043,-0.00295881221624921));
#3706=CARTESIAN_POINT('',(0.02478,-0.021,-0.00295881221624921));
#3707=CARTESIAN_POINT('',(0.02478,-0.043,-0.00295881221624921));
#3708=CARTESIAN_POINT('',(0.0256147089975163,-0.021,-0.0044437629940873));
#3709=CARTESIAN_POINT('',(0.0256147089975163,-0.043,-0.0044437629940873));
#3710=CARTESIAN_POINT('',(0.0256525221046336,-0.021,-0.00557088823996688));
#3711=CARTESIAN_POINT('',(0.0256525221046336,-0.043,-0.00557088823996688));
#3712=CARTESIAN_POINT('',(0.0247199198606544,-0.021,-0.00606909080332387));
#3713=CARTESIAN_POINT('',(0.0247199198606544,-0.043,-0.00606909080332387));
#3714=CARTESIAN_POINT('',(0.0238727997798135,-0.021,-0.00621257059975035));
#3715=CARTESIAN_POINT('',(0.0238727997798135,-0.043,-0.00621257059975035));
#3716=CARTESIAN_POINT('',(0.0230345279345154,-0.021,-0.00607980261391763));
#3717=CARTESIAN_POINT('',(0.0230345279345154,-0.043,-0.00607980261391763));
#3718=CARTESIAN_POINT('',(0.0221407211041573,-0.021,-0.00552519272880792));
#3719=CARTESIAN_POINT('',(0.0221407211041573,-0.043,-0.00552519272880792));
#3720=CARTESIAN_POINT('',(0.0221906303182959,-0.021,-0.00436617747372821));
#3721=CARTESIAN_POINT('',(0.0221906303182959,-0.043,-0.00436617747372821));
#3722=CARTESIAN_POINT('',(0.02298,-0.021,-0.00295881221624921));
#3723=CARTESIAN_POINT('',(0.02298,-0.043,-0.00295881221624921));
#3724=CARTESIAN_POINT('',(0.02478,-0.043,-0.00295881221624921));
#3725=CARTESIAN_POINT('',(0.02478,-0.043,-0.00295881221624921));
#3726=CARTESIAN_POINT('',(0.02478,-0.021,-0.00295881221624921));
#3727=CARTESIAN_POINT('',(0.02478,-0.021,-0.00295881221624921));
#3728=CARTESIAN_POINT('',(0.0259856460557367,-0.021,-0.00510366156325621));
#3729=CARTESIAN_POINT('',(0.0251338755143077,-0.021,-0.00619573657263794));
#3730=CARTESIAN_POINT('',(0.0226108564476585,-0.021,-0.00624834156791446));
#3731=CARTESIAN_POINT('',(0.0218398416381081,-0.021,-0.00499159774594795));
#3732=CARTESIAN_POINT('',(0.02298,-0.021,-0.00295881221624921));
#3733=CARTESIAN_POINT('',(0.02298,-0.021,-0.00295881221624921));
#3734=CARTESIAN_POINT('',(0.02298,-0.043,-0.00295881221624921));
#3735=CARTESIAN_POINT('',(0.02298,-0.043,-0.00295881221624921));
#3736=CARTESIAN_POINT('',(0.02478,-0.043,-0.00295881221624921));
#3737=CARTESIAN_POINT('',(0.0259856460557367,-0.043,-0.00510366156325621));
#3738=CARTESIAN_POINT('',(0.0251338755143077,-0.043,-0.00619573657263794));
#3739=CARTESIAN_POINT('',(0.0226108564476585,-0.043,-0.00624834156791446));
#3740=CARTESIAN_POINT('',(0.0218398416381081,-0.043,-0.00499159774594795));
#3741=CARTESIAN_POINT('',(0.02298,-0.043,-0.00295881221624921));
#3742=CARTESIAN_POINT('',(0.02982,-0.021,-0.00295881221624921));
#3743=CARTESIAN_POINT('',(0.02982,-0.043,-0.00295881221624921));
#3744=CARTESIAN_POINT('',(0.0305764930865634,-0.021,-0.00438945328505976));
#3745=CARTESIAN_POINT('',(0.0305764930865634,-0.043,-0.00438945328505976));
#3746=CARTESIAN_POINT('',(0.030632937658452,-0.021,-0.00554337477903735));
#3747=CARTESIAN_POINT('',(0.030632937658452,-0.043,-0.00554337477903735));
#3748=CARTESIAN_POINT('',(0.0297692520716846,-0.021,-0.00607707845819272));
#3749=CARTESIAN_POINT('',(0.0297692520716846,-0.043,-0.00607707845819272));
#3750=CARTESIAN_POINT('',(0.0289425854156353,-0.021,-0.00620269429006521));
#3751=CARTESIAN_POINT('',(0.0289425854156353,-0.043,-0.00620269429006521));
#3752=CARTESIAN_POINT('',(0.0280880935954065,-0.021,-0.00606429166244218));
#3753=CARTESIAN_POINT('',(0.0280880935954065,-0.043,-0.00606429166244218));
#3754=CARTESIAN_POINT('',(0.0273493850650272,-0.021,-0.00571444365287277));
#3755=CARTESIAN_POINT('',(0.0273493850650272,-0.043,-0.00571444365287277));
#3756=CARTESIAN_POINT('',(0.0271144389900021,-0.021,-0.00485545014739243));
#3757=CARTESIAN_POINT('',(0.0271144389900021,-0.043,-0.00485545014739243));
#3758=CARTESIAN_POINT('',(0.0275706904100474,-0.021,-0.00372068390764612));
#3759=CARTESIAN_POINT('',(0.0275706904100474,-0.043,-0.00372068390764612));
#3760=CARTESIAN_POINT('',(0.02802,-0.021,-0.00295881221624921));
#3761=CARTESIAN_POINT('',(0.02802,-0.043,-0.00295881221624921));
#3762=CARTESIAN_POINT('',(0.02982,-0.043,-0.00295881221624921));
#3763=CARTESIAN_POINT('',(0.02982,-0.043,-0.00295881221624921));
#3764=CARTESIAN_POINT('',(0.02982,-0.021,-0.00295881221624921));
#3765=CARTESIAN_POINT('',(0.02982,-0.021,-0.00295881221624921));
#3766=CARTESIAN_POINT('',(0.0309126717080099,-0.021,-0.0050252171153443));
#3767=CARTESIAN_POINT('',(0.0301949192624569,-0.021,-0.00624315117656364));
#3768=CARTESIAN_POINT('',(0.0276929417729352,-0.021,-0.00618002539272336));
#3769=CARTESIAN_POINT('',(0.0267220426602733,-0.021,-0.00515969324770648));
#3770=CARTESIAN_POINT('',(0.02802,-0.021,-0.00295881221624921));
#3771=CARTESIAN_POINT('',(0.02802,-0.021,-0.00295881221624921));
#3772=CARTESIAN_POINT('',(0.02802,-0.043,-0.00295881221624921));
#3773=CARTESIAN_POINT('',(0.02802,-0.043,-0.00295881221624921));
#3774=CARTESIAN_POINT('',(0.02982,-0.043,-0.00295881221624921));
#3775=CARTESIAN_POINT('',(0.0309126717080099,-0.043,-0.0050252171153443));
#3776=CARTESIAN_POINT('',(0.0301949192624569,-0.043,-0.00624315117656364));
#3777=CARTESIAN_POINT('',(0.0276929417729352,-0.043,-0.00618002539272336));
#3778=CARTESIAN_POINT('',(0.0267220426602733,-0.043,-0.00515969324770648));
#3779=CARTESIAN_POINT('',(0.02802,-0.043,-0.00295881221624921));
#3780=CARTESIAN_POINT('',(0.03523,-0.021,-0.00295881221624921));
#3781=CARTESIAN_POINT('',(0.03523,-0.043,-0.00295881221624921));
#3782=CARTESIAN_POINT('',(0.035818211197738,-0.021,-0.00362758159366284));
#3783=CARTESIAN_POINT('',(0.035818211197738,-0.043,-0.00362758159366284));
#3784=CARTESIAN_POINT('',(0.0363767071656048,-0.021,-0.00469141716527689));
#3785=CARTESIAN_POINT('',(0.0363767071656048,-0.043,-0.00469141716527689));
#3786=CARTESIAN_POINT('',(0.0360136622088306,-0.021,-0.00563272594591539));
#3787=CARTESIAN_POINT('',(0.0360136622088306,-0.043,-0.00563272594591539));
#3788=CARTESIAN_POINT('',(0.0351236723873398,-0.021,-0.00608910556936924));
#3789=CARTESIAN_POINT('',(0.0351236723873398,-0.043,-0.00608910556936924));
#3790=CARTESIAN_POINT('',(0.0343066687806397,-0.021,-0.00621993715496873));
#3791=CARTESIAN_POINT('',(0.0343066687806397,-0.043,-0.00621993715496873));
#3792=CARTESIAN_POINT('',(0.0335183647183532,-0.021,-0.00606559279328643));
#3793=CARTESIAN_POINT('',(0.0335183647183532,-0.043,-0.00606559279328643));
#3794=CARTESIAN_POINT('',(0.0327225276879258,-0.021,-0.00570201930466642));
#3795=CARTESIAN_POINT('',(0.0327225276879258,-0.043,-0.00570201930466642));
#3796=CARTESIAN_POINT('',(0.0324174160622508,-0.021,-0.00483951558999117));
#3797=CARTESIAN_POINT('',(0.0324174160622508,-0.043,-0.00483951558999117));
#3798=CARTESIAN_POINT('',(0.0329152277866313,-0.021,-0.00371292535561021));
#3799=CARTESIAN_POINT('',(0.0329152277866313,-0.043,-0.00371292535561021));
#3800=CARTESIAN_POINT('',(0.03343,-0.021,-0.00295881221624921));
#3801=CARTESIAN_POINT('',(0.03343,-0.043,-0.00295881221624921));
#3802=CARTESIAN_POINT('',(0.03523,-0.043,-0.00295881221624921));
#3803=CARTESIAN_POINT('',(0.03523,-0.043,-0.00295881221624921));
#3804=CARTESIAN_POINT('',(0.03523,-0.021,-0.00295881221624921));
#3805=CARTESIAN_POINT('',(0.03523,-0.021,-0.00295881221624921));
#3806=CARTESIAN_POINT('',(0.0369292137681591,-0.021,-0.00489074098298211));
#3807=CARTESIAN_POINT('',(0.0353695112901743,-0.021,-0.00628774239154164));
#3808=CARTESIAN_POINT('',(0.0332410274779377,-0.021,-0.0061720118229164));
#3809=CARTESIAN_POINT('',(0.0319429354289997,-0.021,-0.00513728048424482));
#3810=CARTESIAN_POINT('',(0.03343,-0.021,-0.00295881221624921));
#3811=CARTESIAN_POINT('',(0.03343,-0.021,-0.00295881221624921));
#3812=CARTESIAN_POINT('',(0.03343,-0.043,-0.00295881221624921));
#3813=CARTESIAN_POINT('',(0.03343,-0.043,-0.00295881221624921));
#3814=CARTESIAN_POINT('',(0.03523,-0.043,-0.00295881221624921));
#3815=CARTESIAN_POINT('',(0.0369292137681591,-0.043,-0.00489074098298211));
#3816=CARTESIAN_POINT('',(0.0353695112901743,-0.043,-0.00628774239154164));
#3817=CARTESIAN_POINT('',(0.0332410274779377,-0.043,-0.0061720118229164));
#3818=CARTESIAN_POINT('',(0.0319429354289997,-0.043,-0.00513728048424482));
#3819=CARTESIAN_POINT('',(0.03343,-0.043,-0.00295881221624921));
#3820=CARTESIAN_POINT('',(0.04103,-0.021,-0.00295881221624921));
#3821=CARTESIAN_POINT('',(0.04103,-0.043,-0.00295881221624921));
#3822=CARTESIAN_POINT('',(0.0415585212514083,-0.021,-0.00368189130269039));
#3823=CARTESIAN_POINT('',(0.0415585212514083,-0.043,-0.00368189130269039));
#3824=CARTESIAN_POINT('',(0.0420698122516917,-0.021,-0.00478583820520296));
#3825=CARTESIAN_POINT('',(0.0420698122516917,-0.043,-0.00478583820520296));
#3826=CARTESIAN_POINT('',(0.0417569854622856,-0.021,-0.00567725918438679));
#3827=CARTESIAN_POINT('',(0.0417569854622856,-0.043,-0.00567725918438679));
#3828=CARTESIAN_POINT('',(0.0409389917578937,-0.021,-0.00607420283600769));
#3829=CARTESIAN_POINT('',(0.0409389917578937,-0.043,-0.00607420283600769));
#3830=CARTESIAN_POINT('',(0.0401298065706873,-0.021,-0.00621870475191018));
#3831=CARTESIAN_POINT('',(0.0401298065706873,-0.043,-0.00621870475191018));
#3832=CARTESIAN_POINT('',(0.0393208593193155,-0.021,-0.00607954668957511));
#3833=CARTESIAN_POINT('',(0.0393208593193155,-0.043,-0.00607954668957511));
#3834=CARTESIAN_POINT('',(0.0385036461960576,-0.021,-0.00566151057345902));
#3835=CARTESIAN_POINT('',(0.0385036461960576,-0.043,-0.00566151057345902));
#3836=CARTESIAN_POINT('',(0.0381912997074984,-0.021,-0.00475217921519467));
#3837=CARTESIAN_POINT('',(0.0381912997074984,-0.043,-0.00475217921519467));
#3838=CARTESIAN_POINT('',(0.0387020876002789,-0.021,-0.00366249484498871));
#3839=CARTESIAN_POINT('',(0.0387020876002789,-0.043,-0.00366249484498871));
#3840=CARTESIAN_POINT('',(0.03923,-0.021,-0.00295881221624921));
#3841=CARTESIAN_POINT('',(0.03923,-0.043,-0.00295881221624921));
#3842=CARTESIAN_POINT('',(0.04103,-0.043,-0.00295881221624921));
#3843=CARTESIAN_POINT('',(0.04103,-0.043,-0.00295881221624921));
#3844=CARTESIAN_POINT('',(0.04103,-0.021,-0.00295881221624921));
#3845=CARTESIAN_POINT('',(0.04103,-0.021,-0.00295881221624921));
#3846=CARTESIAN_POINT('',(0.0425567825410521,-0.021,-0.00504762987880595));
#3847=CARTESIAN_POINT('',(0.0412255988197061,-0.021,-0.00621541948371877));
#3848=CARTESIAN_POINT('',(0.0390339911180531,-0.021,-0.0062417220866028));
#3849=CARTESIAN_POINT('',(0.0377049762985853,-0.021,-0.00499159774594795));
#3850=CARTESIAN_POINT('',(0.03923,-0.021,-0.00295881221624921));
#3851=CARTESIAN_POINT('',(0.03923,-0.021,-0.00295881221624921));
#3852=CARTESIAN_POINT('',(0.03923,-0.043,-0.00295881221624921));
#3853=CARTESIAN_POINT('',(0.03923,-0.043,-0.00295881221624921));
#3854=CARTESIAN_POINT('',(0.04103,-0.043,-0.00295881221624921));
#3855=CARTESIAN_POINT('',(0.0425567825410521,-0.043,-0.00504762987880595));
#3856=CARTESIAN_POINT('',(0.0412255988197061,-0.043,-0.00621541948371877));
#3857=CARTESIAN_POINT('',(0.0390339911180531,-0.043,-0.0062417220866028));
#3858=CARTESIAN_POINT('',(0.0377049762985853,-0.043,-0.00499159774594795));
#3859=CARTESIAN_POINT('',(0.03923,-0.043,-0.00295881221624921));
#3860=CARTESIAN_POINT('',(0.04725,-0.021,-0.00295881221624921));
#3861=CARTESIAN_POINT('',(0.04725,-0.043,-0.00295881221624921));
#3862=CARTESIAN_POINT('',(0.0478154613702323,-0.021,-0.00365861564658266));
#3863=CARTESIAN_POINT('',(0.0478154613702323,-0.043,-0.00365861564658266));
#3864=CARTESIAN_POINT('',(0.048356217785285,-0.021,-0.00474438847844817));
#3865=CARTESIAN_POINT('',(0.048356217785285,-0.043,-0.00474438847844817));
#3866=CARTESIAN_POINT('',(0.0480126848945843,-0.021,-0.00565573630979365));
#3867=CARTESIAN_POINT('',(0.0480126848945843,-0.043,-0.00565573630979365));
#3868=CARTESIAN_POINT('',(0.047149596646355,-0.021,-0.00608025570588696));
#3869=CARTESIAN_POINT('',(0.047149596646355,-0.043,-0.00608025570588696));
#3870=CARTESIAN_POINT('',(0.0463337290924517,-0.021,-0.00622609926888922));
#3871=CARTESIAN_POINT('',(0.0463337290924517,-0.043,-0.00622609926888922));
#3872=CARTESIAN_POINT('',(0.0455378762504509,-0.021,-0.00607918691806739));
#3873=CARTESIAN_POINT('',(0.0455378762504509,-0.043,-0.00607918691806739));
#3874=CARTESIAN_POINT('',(0.0447404490092678,-0.021,-0.00565888608239169));
#3875=CARTESIAN_POINT('',(0.0447404490092678,-0.043,-0.00565888608239169));
#3876=CARTESIAN_POINT('',(0.0444373181164107,-0.021,-0.00475112038419479));
#3877=CARTESIAN_POINT('',(0.0444373181164107,-0.043,-0.00475112038419479));
#3878=CARTESIAN_POINT('',(0.0449357540809048,-0.021,-0.00366249500021252));
#3879=CARTESIAN_POINT('',(0.0449357540809048,-0.043,-0.00366249500021252));
#3880=CARTESIAN_POINT('',(0.04545,-0.021,-0.00295881221624921));
#3881=CARTESIAN_POINT('',(0.04545,-0.043,-0.00295881221624921));
#3882=CARTESIAN_POINT('',(0.04725,-0.043,-0.00295881221624921));
#3883=CARTESIAN_POINT('',(0.04725,-0.043,-0.00295881221624921));
#3884=CARTESIAN_POINT('',(0.04725,-0.021,-0.00295881221624921));
#3885=CARTESIAN_POINT('',(0.04725,-0.021,-0.00295881221624921));
#3886=CARTESIAN_POINT('',(0.048883494481839,-0.021,-0.00498039158842099));
#3887=CARTESIAN_POINT('',(0.047412776890797,-0.021,-0.00623903912450032));
#3888=CARTESIAN_POINT('',(0.0452527294499198,-0.021,-0.00623377851972689));
#3889=CARTESIAN_POINT('',(0.0439644557782877,-0.021,-0.00499159819435568));
#3890=CARTESIAN_POINT('',(0.04545,-0.021,-0.00295881221624921));
#3891=CARTESIAN_POINT('',(0.04545,-0.021,-0.00295881221624921));
#3892=CARTESIAN_POINT('',(0.04545,-0.043,-0.00295881221624921));
#3893=CARTESIAN_POINT('',(0.04545,-0.043,-0.00295881221624921));
#3894=CARTESIAN_POINT('',(0.04725,-0.043,-0.00295881221624921));
#3895=CARTESIAN_POINT('',(0.048883494481839,-0.043,-0.00498039158842099));
#3896=CARTESIAN_POINT('',(0.047412776890797,-0.043,-0.00623903912450032));
#3897=CARTESIAN_POINT('',(0.0452527294499198,-0.043,-0.00623377851972689));
#3898=CARTESIAN_POINT('',(0.0439644557782877,-0.043,-0.00499159819435568));
#3899=CARTESIAN_POINT('',(0.04545,-0.043,-0.00295881221624921));
#3900=CARTESIAN_POINT('',(-0.0059,1.7347234759768E-18,-0.009));
#3901=CARTESIAN_POINT('',(-0.0059,1.7347234759768E-18,-0.009));
#3902=CARTESIAN_POINT('',(-0.0059,0.011,-0.009));
#3903=CARTESIAN_POINT('',(-0.0059,-0.043,-0.009));
#3904=CARTESIAN_POINT('',(-0.0059,-0.043,-0.009));
#3905=CARTESIAN_POINT('',(-0.0059,-0.043,0.000521130754687429));
#3906=CARTESIAN_POINT('',(-0.0059,1.68597108669984E-18,0.000521130754687429));
#3907=CARTESIAN_POINT('',(-0.0059,0.011,0.000521130754687429));
#3908=CARTESIAN_POINT('',(-0.0059,0.011,-0.009));
#3909=CARTESIAN_POINT('',(0.07374,0.,-0.009));
#3910=CARTESIAN_POINT('',(0.07374,-0.043,-0.009));
#3911=CARTESIAN_POINT('',(0.07374,-0.043,-0.009));
#3912=CARTESIAN_POINT('',(0.07374,-0.043,0.00814856009402606));
#3913=CARTESIAN_POINT('',(0.07374,0.,-0.009));
#3914=CARTESIAN_POINT('',(0.07374,0.011,-0.009));
#3915=CARTESIAN_POINT('',(0.07374,0.011,-0.009));
#3916=CARTESIAN_POINT('',(0.07374,0.011,0.00814856009402606));
#3917=CARTESIAN_POINT('',(0.07374,0.,0.00814856009402606));
#3918=CARTESIAN_POINT('',(0.03392,0.,-0.009));
#3919=CARTESIAN_POINT('',(0.03392,-0.043,-0.009));
#3920=CARTESIAN_POINT('',(0.03392,0.011,-0.009));
#3921=CARTESIAN_POINT('',(0.0348111114005986,0.0125,0.00442019059313556));
#3922=CARTESIAN_POINT('',(0.0348111114005986,-0.043,0.00442019059313556));
#3923=CARTESIAN_POINT('',(0.06874,-0.043,0.00766969084871349));
#3924=CARTESIAN_POINT('',(0.0348111114005986,0.011,0.00442019059313556));
#3925=CARTESIAN_POINT('',(0.06874,0.011,0.00766969084871349));
#3926=CARTESIAN_POINT('',(0.06874,0.,0.00766969084871349));
#3927=CARTESIAN_POINT('',(0.06874,-0.011,0.00766969084871349));
#3928=CARTESIAN_POINT('',(0.0348111114005986,-0.011,0.00442019059313556));
#3929=CARTESIAN_POINT('',(0.07274,-0.011,0.00805278624496355));
#3930=CARTESIAN_POINT('',(0.07274,-0.016,0.00805278624496355));
#3931=CARTESIAN_POINT('',(0.07274,-0.021,0.00805278624496355));
#3932=CARTESIAN_POINT('',(0.0348111114005986,-0.021,0.00442019059313556));
#3933=CARTESIAN_POINT('',(0.06874,-0.021,0.00766969084871349));
#3934=CARTESIAN_POINT('',(0.06874,-0.032,0.00766969084871349));
#3935=CARTESIAN_POINT('',(0.0348111114005986,0.0125,0.00442019059313556));
#3936=CARTESIAN_POINT('',(0.0348111114005986,-0.043,0.00442019059313556));
#3937=CARTESIAN_POINT('',(0.06694,-0.043,0.00749729792040096));
#3938=CARTESIAN_POINT('',(0.06107,-0.043,0.006935105426404));
#3939=CARTESIAN_POINT('',(0.06694,-0.032,0.00749729792040096));
#3940=CARTESIAN_POINT('',(0.06694,-0.021,0.00749729792040096));
#3941=CARTESIAN_POINT('',(0.0348111114005986,-0.021,0.00442019059313556));
#3942=CARTESIAN_POINT('',(0.06107,-0.021,0.006935105426404));
#3943=CARTESIAN_POINT('',(0.06107,-0.032,0.00693510542640401));
#3944=CARTESIAN_POINT('',(0.0348111114005986,0.0125,0.00442019059313556));
#3945=CARTESIAN_POINT('',(0.0348111114005986,-0.043,0.00442019059313556));
#3946=CARTESIAN_POINT('',(0.05927,-0.043,0.00676271249809148));
#3947=CARTESIAN_POINT('',(0.05392,-0.043,0.00625032240560703));
#3948=CARTESIAN_POINT('',(0.05927,-0.032,0.00676271249809148));
#3949=CARTESIAN_POINT('',(0.05927,-0.021,0.00676271249809148));
#3950=CARTESIAN_POINT('',(0.0348111114005986,-0.021,0.00442019059313556));
#3951=CARTESIAN_POINT('',(0.05392,-0.021,0.00625032240560703));
#3952=CARTESIAN_POINT('',(0.05392,-0.032,0.00625032240560703));
#3953=CARTESIAN_POINT('',(0.0348111114005986,0.0125,0.00442019059313556));
#3954=CARTESIAN_POINT('',(0.0348111114005986,-0.043,0.00442019059313556));
#3955=CARTESIAN_POINT('',(0.05212,-0.043,0.0060779294772945));
#3956=CARTESIAN_POINT('',(0.04725,-0.043,0.00561151083236006));
#3957=CARTESIAN_POINT('',(0.05212,-0.032,0.0060779294772945));
#3958=CARTESIAN_POINT('',(0.05212,-0.021,0.0060779294772945));
#3959=CARTESIAN_POINT('',(0.0348111114005986,-0.021,0.00442019059313556));
#3960=CARTESIAN_POINT('',(0.04725,-0.021,0.00561151083236006));
#3961=CARTESIAN_POINT('',(0.04725,-0.032,0.00561151083236006));
#3962=CARTESIAN_POINT('',(0.0348111114005986,0.0125,0.00442019059313556));
#3963=CARTESIAN_POINT('',(0.0348111114005986,-0.043,0.00442019059313556));
#3964=CARTESIAN_POINT('',(0.04545,-0.043,0.00543911790404753));
#3965=CARTESIAN_POINT('',(0.04103,-0.043,0.00501579749119122));
#3966=CARTESIAN_POINT('',(0.04545,-0.032,0.00543911790404753));
#3967=CARTESIAN_POINT('',(0.04545,-0.021,0.00543911790404753));
#3968=CARTESIAN_POINT('',(0.0348111114005986,-0.021,0.00442019059313556));
#3969=CARTESIAN_POINT('',(0.04103,-0.021,0.00501579749119122));
#3970=CARTESIAN_POINT('',(0.04103,-0.032,0.00501579749119122));
#3971=CARTESIAN_POINT('',(0.0348111114005986,0.0125,0.00442019059313556));
#3972=CARTESIAN_POINT('',(0.0348111114005986,-0.043,0.00442019059313556));
#3973=CARTESIAN_POINT('',(0.03923,-0.043,0.00484340456287869));
#3974=CARTESIAN_POINT('',(0.03523,-0.043,0.00446030916662864));
#3975=CARTESIAN_POINT('',(0.03923,-0.032,0.00484340456287869));
#3976=CARTESIAN_POINT('',(0.03923,-0.021,0.00484340456287869));
#3977=CARTESIAN_POINT('',(0.0348111114005986,-0.021,0.00442019059313556));
#3978=CARTESIAN_POINT('',(0.03523,-0.021,0.00446030916662864));
#3979=CARTESIAN_POINT('',(0.03523,-0.032,0.00446030916662864));
#3980=CARTESIAN_POINT('',(0.0348111114005986,0.0125,0.00442019059313556));
#3981=CARTESIAN_POINT('',(0.0348111114005986,-0.043,0.00442019059313556));
#3982=CARTESIAN_POINT('',(0.03343,-0.043,0.00428791623831611));
#3983=CARTESIAN_POINT('',(0.02982,-0.043,0.00394217264320043));
#3984=CARTESIAN_POINT('',(0.03343,-0.032,0.00428791623831611));
#3985=CARTESIAN_POINT('',(0.03343,-0.021,0.00428791623831611));
#3986=CARTESIAN_POINT('',(0.0348111114005986,-0.021,0.00442019059313556));
#3987=CARTESIAN_POINT('',(0.02982,-0.021,0.00394217264320043));
#3988=CARTESIAN_POINT('',(0.02982,-0.032,0.00394217264320043));
#3989=CARTESIAN_POINT('',(0.0348111114005986,0.0125,0.00442019059313556));
#3990=CARTESIAN_POINT('',(0.0348111114005986,-0.043,0.00442019059313556));
#3991=CARTESIAN_POINT('',(0.02802,-0.043,0.00376977971488791));
#3992=CARTESIAN_POINT('',(0.02478,-0.043,0.00345947244392536));
#3993=CARTESIAN_POINT('',(0.02802,-0.032,0.00376977971488791));
#3994=CARTESIAN_POINT('',(0.02802,-0.021,0.00376977971488791));
#3995=CARTESIAN_POINT('',(0.0348111114005986,-0.021,0.00442019059313556));
#3996=CARTESIAN_POINT('',(0.02478,-0.021,0.00345947244392536));
#3997=CARTESIAN_POINT('',(0.02478,-0.032,0.00345947244392536));
#3998=CARTESIAN_POINT('',(0.0348111114005986,0.0125,0.00442019059313556));
#3999=CARTESIAN_POINT('',(0.0348111114005986,-0.043,0.00442019059313556));
#4000=CARTESIAN_POINT('',(0.02298,-0.043,0.00328707951561284));
#4001=CARTESIAN_POINT('',(0.02007,-0.043,0.00300837761484093));
#4002=CARTESIAN_POINT('',(0.02298,-0.032,0.00328707951561284));
#4003=CARTESIAN_POINT('',(0.02298,-0.021,0.00328707951561284));
#4004=CARTESIAN_POINT('',(0.0348111114005986,-0.021,0.00442019059313556));
#4005=CARTESIAN_POINT('',(0.02007,-0.021,0.00300837761484092));
#4006=CARTESIAN_POINT('',(0.02007,-0.032,0.00300837761484092));
#4007=CARTESIAN_POINT('',(0.0348111114005986,0.0125,0.00442019059313556));
#4008=CARTESIAN_POINT('',(0.0348111114005986,-0.043,0.00442019059313556));
#4009=CARTESIAN_POINT('',(0.01827,-0.043,0.0028359846865284));
#4010=CARTESIAN_POINT('',(0.01568,-0.043,0.00258793041745649));
#4011=CARTESIAN_POINT('',(0.01827,-0.032,0.0028359846865284));
#4012=CARTESIAN_POINT('',(0.01827,-0.021,0.0028359846865284));
#4013=CARTESIAN_POINT('',(0.0348111114005986,-0.021,0.00442019059313556));
#4014=CARTESIAN_POINT('',(0.01568,-0.021,0.00258793041745649));
#4015=CARTESIAN_POINT('',(0.01568,-0.032,0.00258793041745649));
#4016=CARTESIAN_POINT('',(0.0348111114005986,0.0125,0.00442019059313556));
#4017=CARTESIAN_POINT('',(0.0348111114005986,-0.043,0.00442019059313556));
#4018=CARTESIAN_POINT('',(0.01388,-0.043,0.00241553748914396));
#4019=CARTESIAN_POINT('',(0.01159,-0.043,0.0021962153747908));
#4020=CARTESIAN_POINT('',(0.01388,-0.032,0.00241553748914396));
#4021=CARTESIAN_POINT('',(0.01388,-0.021,0.00241553748914396));
#4022=CARTESIAN_POINT('',(0.0348111114005986,-0.021,0.00442019059313556));
#4023=CARTESIAN_POINT('',(0.01159,-0.021,0.0021962153747908));
#4024=CARTESIAN_POINT('',(0.01159,-0.032,0.0021962153747908));
#4025=CARTESIAN_POINT('',(0.0348111114005986,0.0125,0.00442019059313556));
#4026=CARTESIAN_POINT('',(0.0348111114005986,-0.043,0.00442019059313556));
#4027=CARTESIAN_POINT('',(0.00979,-0.043,0.00202382244647828));
#4028=CARTESIAN_POINT('',(0.00778,-0.043,0.00183131700986263));
#4029=CARTESIAN_POINT('',(0.00979,-0.032,0.00202382244647828));
#4030=CARTESIAN_POINT('',(0.00979,-0.021,0.00202382244647828));
#4031=CARTESIAN_POINT('',(0.0348111114005986,-0.021,0.00442019059313556));
#4032=CARTESIAN_POINT('',(0.00778,-0.021,0.00183131700986262));
#4033=CARTESIAN_POINT('',(0.00778,-0.032,0.00183131700986263));
#4034=CARTESIAN_POINT('',(0.0348111114005986,0.0125,0.00442019059313556));
#4035=CARTESIAN_POINT('',(0.0348111114005986,-0.043,0.00442019059313556));
#4036=CARTESIAN_POINT('',(0.00598,-0.043,0.0016589240815501));
#4037=CARTESIAN_POINT('',(0.00422,-0.043,0.00149036210720007));
#4038=CARTESIAN_POINT('',(0.00598,-0.032,0.0016589240815501));
#4039=CARTESIAN_POINT('',(0.00598,-0.021,0.0016589240815501));
#4040=CARTESIAN_POINT('',(0.0348111114005986,-0.021,0.00442019059313556));
#4041=CARTESIAN_POINT('',(0.00422,-0.021,0.00149036210720007));
#4042=CARTESIAN_POINT('',(0.00422,-0.032,0.00149036210720007));
#4043=CARTESIAN_POINT('',(0.0348111114005986,0.0125,0.00442019059313556));
#4044=CARTESIAN_POINT('',(0.0348111114005986,-0.043,0.00442019059313556));
#4045=CARTESIAN_POINT('',(0.00242,-0.043,0.00131796917888755));
#4046=CARTESIAN_POINT('',(0.0009,-0.043,0.00117239292831253));
#4047=CARTESIAN_POINT('',(0.00242,-0.032,0.00131796917888755));
#4048=CARTESIAN_POINT('',(0.00242,-0.021,0.00131796917888755));
#4049=CARTESIAN_POINT('',(0.0348111114005986,-0.021,0.00442019059313556));
#4050=CARTESIAN_POINT('',(0.0009,-0.021,0.00117239292831252));
#4051=CARTESIAN_POINT('',(0.0009,-0.032,0.00117239292831252));
#4052=CARTESIAN_POINT('',(0.0348111114005986,0.0125,0.00442019059313556));
#4053=CARTESIAN_POINT('',(0.0348111114005986,-0.043,0.00442019059313556));
#4054=CARTESIAN_POINT('',(-0.0009,-0.043,0.001));
#4055=CARTESIAN_POINT('',(-0.0009,-0.032,0.001));
#4056=CARTESIAN_POINT('',(-0.0009,-0.021,0.001));
#4057=CARTESIAN_POINT('',(0.0348111114005986,-0.021,0.00442019059313556));
#4058=CARTESIAN_POINT('',(-0.0049,-0.021,0.000616904603749943));
#4059=CARTESIAN_POINT('',(-0.0049,-0.016,0.000616904603749943));
#4060=CARTESIAN_POINT('',(-0.0049,-0.011,0.000616904603749943));
#4061=CARTESIAN_POINT('',(0.0348111114005986,-0.011,0.00442019059313556));
#4062=CARTESIAN_POINT('',(-0.0009,-0.011,0.001));
#4063=CARTESIAN_POINT('',(-0.0009,0.,0.001));
#4064=CARTESIAN_POINT('',(-0.0009,0.011,0.001));
#4065=CARTESIAN_POINT('',(0.0348111114005986,0.011,0.00442019059313556));
#4066=CARTESIAN_POINT('',(0.0348111114005986,0.0125,0.00442019059313556));
#4067=CARTESIAN_POINT('',(0.0348111114005986,0.011,0.00442019059313556));
#4068=CARTESIAN_POINT('',(0.0009,0.011,0.00117239292831253));
#4069=CARTESIAN_POINT('',(0.00242,0.011,0.00131796917888755));
#4070=CARTESIAN_POINT('',(0.0009,0.,0.00117239292831252));
#4071=CARTESIAN_POINT('',(0.0009,-0.011,0.00117239292831252));
#4072=CARTESIAN_POINT('',(0.0348111114005986,-0.011,0.00442019059313556));
#4073=CARTESIAN_POINT('',(0.00242,-0.011,0.00131796917888755));
#4074=CARTESIAN_POINT('',(0.00242,0.,0.00131796917888755));
#4075=CARTESIAN_POINT('',(0.0348111114005986,0.0125,0.00442019059313556));
#4076=CARTESIAN_POINT('',(0.0348111114005986,0.011,0.00442019059313556));
#4077=CARTESIAN_POINT('',(0.00422,0.011,0.00149036210720007));
#4078=CARTESIAN_POINT('',(0.00598,0.011,0.0016589240815501));
#4079=CARTESIAN_POINT('',(0.00422,0.,0.00149036210720007));
#4080=CARTESIAN_POINT('',(0.00422,-0.011,0.00149036210720007));
#4081=CARTESIAN_POINT('',(0.0348111114005986,-0.011,0.00442019059313556));
#4082=CARTESIAN_POINT('',(0.00598,-0.011,0.0016589240815501));
#4083=CARTESIAN_POINT('',(0.00598,0.,0.0016589240815501));
#4084=CARTESIAN_POINT('',(0.0348111114005986,0.0125,0.00442019059313556));
#4085=CARTESIAN_POINT('',(0.0348111114005986,0.011,0.00442019059313556));
#4086=CARTESIAN_POINT('',(0.00778,0.011,0.00183131700986263));
#4087=CARTESIAN_POINT('',(0.00979,0.011,0.00202382244647828));
#4088=CARTESIAN_POINT('',(0.00778,0.,0.00183131700986263));
#4089=CARTESIAN_POINT('',(0.00778,-0.011,0.00183131700986262));
#4090=CARTESIAN_POINT('',(0.0348111114005986,-0.011,0.00442019059313556));
#4091=CARTESIAN_POINT('',(0.00979,-0.011,0.00202382244647828));
#4092=CARTESIAN_POINT('',(0.00979,0.,0.00202382244647828));
#4093=CARTESIAN_POINT('',(0.0348111114005986,0.0125,0.00442019059313556));
#4094=CARTESIAN_POINT('',(0.0348111114005986,0.011,0.00442019059313556));
#4095=CARTESIAN_POINT('',(0.01159,0.011,0.0021962153747908));
#4096=CARTESIAN_POINT('',(0.01388,0.011,0.00241553748914396));
#4097=CARTESIAN_POINT('',(0.01159,0.,0.0021962153747908));
#4098=CARTESIAN_POINT('',(0.01159,-0.011,0.0021962153747908));
#4099=CARTESIAN_POINT('',(0.0348111114005986,-0.011,0.00442019059313556));
#4100=CARTESIAN_POINT('',(0.01388,-0.011,0.00241553748914396));
#4101=CARTESIAN_POINT('',(0.01388,0.,0.00241553748914396));
#4102=CARTESIAN_POINT('',(0.0348111114005986,0.0125,0.00442019059313556));
#4103=CARTESIAN_POINT('',(0.0348111114005986,0.011,0.00442019059313556));
#4104=CARTESIAN_POINT('',(0.01568,0.011,0.00258793041745649));
#4105=CARTESIAN_POINT('',(0.01827,0.011,0.0028359846865284));
#4106=CARTESIAN_POINT('',(0.01568,0.,0.00258793041745649));
#4107=CARTESIAN_POINT('',(0.01568,-0.011,0.00258793041745649));
#4108=CARTESIAN_POINT('',(0.0348111114005986,-0.011,0.00442019059313556));
#4109=CARTESIAN_POINT('',(0.01827,-0.011,0.0028359846865284));
#4110=CARTESIAN_POINT('',(0.01827,0.,0.0028359846865284));
#4111=CARTESIAN_POINT('',(0.0348111114005986,0.0125,0.00442019059313556));
#4112=CARTESIAN_POINT('',(0.0348111114005986,0.011,0.00442019059313556));
#4113=CARTESIAN_POINT('',(0.02007,0.011,0.00300837761484093));
#4114=CARTESIAN_POINT('',(0.02298,0.011,0.00328707951561284));
#4115=CARTESIAN_POINT('',(0.02007,0.,0.00300837761484092));
#4116=CARTESIAN_POINT('',(0.02007,-0.011,0.00300837761484092));
#4117=CARTESIAN_POINT('',(0.0348111114005986,-0.011,0.00442019059313556));
#4118=CARTESIAN_POINT('',(0.02298,-0.011,0.00328707951561284));
#4119=CARTESIAN_POINT('',(0.02298,0.,0.00328707951561284));
#4120=CARTESIAN_POINT('',(0.0348111114005986,0.0125,0.00442019059313556));
#4121=CARTESIAN_POINT('',(0.0348111114005986,0.011,0.00442019059313556));
#4122=CARTESIAN_POINT('',(0.02478,0.011,0.00345947244392536));
#4123=CARTESIAN_POINT('',(0.02802,0.011,0.00376977971488791));
#4124=CARTESIAN_POINT('',(0.02478,0.,0.00345947244392536));
#4125=CARTESIAN_POINT('',(0.02478,-0.011,0.00345947244392536));
#4126=CARTESIAN_POINT('',(0.0348111114005986,-0.011,0.00442019059313556));
#4127=CARTESIAN_POINT('',(0.02802,-0.011,0.00376977971488791));
#4128=CARTESIAN_POINT('',(0.02802,0.,0.00376977971488791));
#4129=CARTESIAN_POINT('',(0.0348111114005986,0.0125,0.00442019059313556));
#4130=CARTESIAN_POINT('',(0.0348111114005986,0.011,0.00442019059313556));
#4131=CARTESIAN_POINT('',(0.02982,0.011,0.00394217264320043));
#4132=CARTESIAN_POINT('',(0.03343,0.011,0.00428791623831611));
#4133=CARTESIAN_POINT('',(0.02982,0.,0.00394217264320043));
#4134=CARTESIAN_POINT('',(0.02982,-0.011,0.00394217264320043));
#4135=CARTESIAN_POINT('',(0.0348111114005986,-0.011,0.00442019059313556));
#4136=CARTESIAN_POINT('',(0.03343,-0.011,0.00428791623831611));
#4137=CARTESIAN_POINT('',(0.03343,0.,0.00428791623831611));
#4138=CARTESIAN_POINT('',(0.0348111114005986,0.0125,0.00442019059313556));
#4139=CARTESIAN_POINT('',(0.0348111114005986,0.011,0.00442019059313556));
#4140=CARTESIAN_POINT('',(0.03523,0.011,0.00446030916662864));
#4141=CARTESIAN_POINT('',(0.03923,0.011,0.00484340456287869));
#4142=CARTESIAN_POINT('',(0.03523,0.,0.00446030916662864));
#4143=CARTESIAN_POINT('',(0.03523,-0.011,0.00446030916662864));
#4144=CARTESIAN_POINT('',(0.0348111114005986,-0.011,0.00442019059313556));
#4145=CARTESIAN_POINT('',(0.03923,-0.011,0.00484340456287869));
#4146=CARTESIAN_POINT('',(0.03923,0.,0.00484340456287869));
#4147=CARTESIAN_POINT('',(0.0348111114005986,0.0125,0.00442019059313556));
#4148=CARTESIAN_POINT('',(0.0348111114005986,0.011,0.00442019059313556));
#4149=CARTESIAN_POINT('',(0.04103,0.011,0.00501579749119122));
#4150=CARTESIAN_POINT('',(0.04545,0.011,0.00543911790404753));
#4151=CARTESIAN_POINT('',(0.04103,0.,0.00501579749119122));
#4152=CARTESIAN_POINT('',(0.04103,-0.011,0.00501579749119122));
#4153=CARTESIAN_POINT('',(0.0348111114005986,-0.011,0.00442019059313556));
#4154=CARTESIAN_POINT('',(0.04545,-0.011,0.00543911790404753));
#4155=CARTESIAN_POINT('',(0.04545,0.,0.00543911790404753));
#4156=CARTESIAN_POINT('',(0.0348111114005986,0.0125,0.00442019059313556));
#4157=CARTESIAN_POINT('',(0.0348111114005986,0.011,0.00442019059313556));
#4158=CARTESIAN_POINT('',(0.04725,0.011,0.00561151083236006));
#4159=CARTESIAN_POINT('',(0.05212,0.011,0.0060779294772945));
#4160=CARTESIAN_POINT('',(0.04725,0.,0.00561151083236006));
#4161=CARTESIAN_POINT('',(0.04725,-0.011,0.00561151083236006));
#4162=CARTESIAN_POINT('',(0.0348111114005986,-0.011,0.00442019059313556));
#4163=CARTESIAN_POINT('',(0.05212,-0.011,0.0060779294772945));
#4164=CARTESIAN_POINT('',(0.05212,0.,0.0060779294772945));
#4165=CARTESIAN_POINT('',(0.0348111114005986,0.0125,0.00442019059313556));
#4166=CARTESIAN_POINT('',(0.0348111114005986,0.011,0.00442019059313556));
#4167=CARTESIAN_POINT('',(0.05392,0.011,0.00625032240560703));
#4168=CARTESIAN_POINT('',(0.05927,0.011,0.00676271249809148));
#4169=CARTESIAN_POINT('',(0.05392,0.,0.00625032240560703));
#4170=CARTESIAN_POINT('',(0.05392,-0.011,0.00625032240560703));
#4171=CARTESIAN_POINT('',(0.0348111114005986,-0.011,0.00442019059313556));
#4172=CARTESIAN_POINT('',(0.05927,-0.011,0.00676271249809148));
#4173=CARTESIAN_POINT('',(0.05927,0.,0.00676271249809148));
#4174=CARTESIAN_POINT('',(0.0348111114005986,0.0125,0.00442019059313556));
#4175=CARTESIAN_POINT('',(0.0348111114005986,0.011,0.00442019059313556));
#4176=CARTESIAN_POINT('',(0.06107,0.011,0.006935105426404));
#4177=CARTESIAN_POINT('',(0.06694,0.011,0.00749729792040096));
#4178=CARTESIAN_POINT('',(0.06107,0.,0.00693510542640401));
#4179=CARTESIAN_POINT('',(0.06107,-0.011,0.006935105426404));
#4180=CARTESIAN_POINT('',(0.0348111114005986,-0.011,0.00442019059313556));
#4181=CARTESIAN_POINT('',(0.06694,-0.011,0.00749729792040096));
#4182=CARTESIAN_POINT('',(0.06694,0.,0.00749729792040096));
#4183=CARTESIAN_POINT('',(0.00242,0.,-0.006));
#4184=CARTESIAN_POINT('',(0.00242,-0.011,-0.006));
#4185=CARTESIAN_POINT('',(0.00242,-0.011,-0.00295881221624921));
#4186=CARTESIAN_POINT('',(0.00242,0.011,-0.00295881221624921));
#4187=CARTESIAN_POINT('',(0.00242,0.011,-0.00295881221624921));
#4188=CARTESIAN_POINT('',(0.00242,0.011,-0.006));
#4189=CARTESIAN_POINT('',(0.00422,0.,-0.006));
#4190=CARTESIAN_POINT('',(0.00422,0.011,-0.00295881221624921));
#4191=CARTESIAN_POINT('',(0.00422,0.011,-0.00295881221624921));
#4192=CARTESIAN_POINT('',(0.00422,-0.011,-0.00295881221624921));
#4193=CARTESIAN_POINT('',(0.00422,-0.011,-0.006));
#4194=CARTESIAN_POINT('',(0.00422,0.011,-0.006));
#4195=CARTESIAN_POINT('',(0.00598,0.,-0.006));
#4196=CARTESIAN_POINT('',(0.00598,-0.011,-0.006));
#4197=CARTESIAN_POINT('',(0.00598,-0.011,-0.00295881221624921));
#4198=CARTESIAN_POINT('',(0.00598,0.011,-0.00295881221624921));
#4199=CARTESIAN_POINT('',(0.00598,0.011,-0.00295881221624921));
#4200=CARTESIAN_POINT('',(0.00598,0.011,-0.006));
#4201=CARTESIAN_POINT('',(0.00778,0.,-0.006));
#4202=CARTESIAN_POINT('',(0.00778,0.011,-0.00295881221624921));
#4203=CARTESIAN_POINT('',(0.00778,0.011,-0.00295881221624921));
#4204=CARTESIAN_POINT('',(0.00778,-0.011,-0.00295881221624921));
#4205=CARTESIAN_POINT('',(0.00778,-0.011,-0.006));
#4206=CARTESIAN_POINT('',(0.00778,0.011,-0.006));
#4207=CARTESIAN_POINT('',(0.00979,0.,-0.006));
#4208=CARTESIAN_POINT('',(0.00979,-0.011,-0.006));
#4209=CARTESIAN_POINT('',(0.00979,-0.011,-0.00295881221624921));
#4210=CARTESIAN_POINT('',(0.00979,0.011,-0.00295881221624921));
#4211=CARTESIAN_POINT('',(0.00979,0.011,-0.00295881221624921));
#4212=CARTESIAN_POINT('',(0.00979,0.011,-0.006));
#4213=CARTESIAN_POINT('',(0.01159,0.,-0.006));
#4214=CARTESIAN_POINT('',(0.01159,0.011,-0.00295881221624921));
#4215=CARTESIAN_POINT('',(0.01159,0.011,-0.00295881221624921));
#4216=CARTESIAN_POINT('',(0.01159,-0.011,-0.00295881221624921));
#4217=CARTESIAN_POINT('',(0.01159,-0.011,-0.006));
#4218=CARTESIAN_POINT('',(0.01159,0.011,-0.006));
#4219=CARTESIAN_POINT('',(0.01388,0.,-0.006));
#4220=CARTESIAN_POINT('',(0.01388,-0.011,-0.006));
#4221=CARTESIAN_POINT('',(0.01388,-0.011,-0.00295881221624921));
#4222=CARTESIAN_POINT('',(0.01388,0.011,-0.00295881221624921));
#4223=CARTESIAN_POINT('',(0.01388,0.011,-0.00295881221624921));
#4224=CARTESIAN_POINT('',(0.01388,0.011,-0.006));
#4225=CARTESIAN_POINT('',(0.01568,0.,-0.006));
#4226=CARTESIAN_POINT('',(0.01568,0.011,-0.00295881221624921));
#4227=CARTESIAN_POINT('',(0.01568,0.011,-0.00295881221624921));
#4228=CARTESIAN_POINT('',(0.01568,-0.011,-0.00295881221624921));
#4229=CARTESIAN_POINT('',(0.01568,-0.011,-0.006));
#4230=CARTESIAN_POINT('',(0.01568,0.011,-0.006));
#4231=CARTESIAN_POINT('',(0.01827,0.,-0.006));
#4232=CARTESIAN_POINT('',(0.01827,-0.011,-0.006));
#4233=CARTESIAN_POINT('',(0.01827,-0.011,-0.00295881221624921));
#4234=CARTESIAN_POINT('',(0.01827,0.011,-0.00295881221624921));
#4235=CARTESIAN_POINT('',(0.01827,0.011,-0.00295881221624921));
#4236=CARTESIAN_POINT('',(0.01827,0.011,-0.006));
#4237=CARTESIAN_POINT('',(0.02007,0.,-0.006));
#4238=CARTESIAN_POINT('',(0.02007,0.011,-0.00295881221624921));
#4239=CARTESIAN_POINT('',(0.02007,0.011,-0.00295881221624921));
#4240=CARTESIAN_POINT('',(0.02007,-0.011,-0.00295881221624921));
#4241=CARTESIAN_POINT('',(0.02007,-0.011,-0.006));
#4242=CARTESIAN_POINT('',(0.02007,0.011,-0.006));
#4243=CARTESIAN_POINT('',(0.02298,0.,-0.006));
#4244=CARTESIAN_POINT('',(0.02298,-0.011,-0.006));
#4245=CARTESIAN_POINT('',(0.02298,-0.011,-0.00295881221624921));
#4246=CARTESIAN_POINT('',(0.02298,0.011,-0.00295881221624921));
#4247=CARTESIAN_POINT('',(0.02298,0.011,-0.00295881221624921));
#4248=CARTESIAN_POINT('',(0.02298,0.011,-0.006));
#4249=CARTESIAN_POINT('',(0.02478,0.,-0.006));
#4250=CARTESIAN_POINT('',(0.02478,0.011,-0.00295881221624921));
#4251=CARTESIAN_POINT('',(0.02478,0.011,-0.00295881221624921));
#4252=CARTESIAN_POINT('',(0.02478,-0.011,-0.00295881221624921));
#4253=CARTESIAN_POINT('',(0.02478,-0.011,-0.006));
#4254=CARTESIAN_POINT('',(0.02478,0.011,-0.006));
#4255=CARTESIAN_POINT('',(0.02802,0.,-0.006));
#4256=CARTESIAN_POINT('',(0.02802,-0.011,-0.006));
#4257=CARTESIAN_POINT('',(0.02802,-0.011,-0.00295881221624921));
#4258=CARTESIAN_POINT('',(0.02802,0.011,-0.00295881221624921));
#4259=CARTESIAN_POINT('',(0.02802,0.011,-0.00295881221624921));
#4260=CARTESIAN_POINT('',(0.02802,0.011,-0.006));
#4261=CARTESIAN_POINT('',(0.02982,0.,-0.006));
#4262=CARTESIAN_POINT('',(0.02982,0.011,-0.00295881221624921));
#4263=CARTESIAN_POINT('',(0.02982,0.011,-0.00295881221624921));
#4264=CARTESIAN_POINT('',(0.02982,-0.011,-0.00295881221624921));
#4265=CARTESIAN_POINT('',(0.02982,-0.011,-0.006));
#4266=CARTESIAN_POINT('',(0.02982,0.011,-0.006));
#4267=CARTESIAN_POINT('',(0.03343,0.,-0.006));
#4268=CARTESIAN_POINT('',(0.03343,-0.011,-0.006));
#4269=CARTESIAN_POINT('',(0.03343,-0.011,-0.00295881221624921));
#4270=CARTESIAN_POINT('',(0.03343,0.011,-0.00295881221624921));
#4271=CARTESIAN_POINT('',(0.03343,0.011,-0.00295881221624921));
#4272=CARTESIAN_POINT('',(0.03343,0.011,-0.006));
#4273=CARTESIAN_POINT('',(0.03523,0.,-0.006));
#4274=CARTESIAN_POINT('',(0.03523,0.011,-0.00295881221624921));
#4275=CARTESIAN_POINT('',(0.03523,0.011,-0.00295881221624921));
#4276=CARTESIAN_POINT('',(0.03523,-0.011,-0.00295881221624921));
#4277=CARTESIAN_POINT('',(0.03523,-0.011,-0.006));
#4278=CARTESIAN_POINT('',(0.03523,0.011,-0.006));
#4279=CARTESIAN_POINT('',(0.03923,0.,-0.006));
#4280=CARTESIAN_POINT('',(0.03923,-0.011,-0.006));
#4281=CARTESIAN_POINT('',(0.03923,-0.011,-0.00295881221624921));
#4282=CARTESIAN_POINT('',(0.03923,0.011,-0.00295881221624921));
#4283=CARTESIAN_POINT('',(0.03923,0.011,-0.00295881221624921));
#4284=CARTESIAN_POINT('',(0.03923,0.011,-0.006));
#4285=CARTESIAN_POINT('',(0.04103,0.,-0.006));
#4286=CARTESIAN_POINT('',(0.04103,0.011,-0.00295881221624921));
#4287=CARTESIAN_POINT('',(0.04103,0.011,-0.00295881221624921));
#4288=CARTESIAN_POINT('',(0.04103,-0.011,-0.00295881221624921));
#4289=CARTESIAN_POINT('',(0.04103,-0.011,-0.006));
#4290=CARTESIAN_POINT('',(0.04103,0.011,-0.006));
#4291=CARTESIAN_POINT('',(0.04545,0.,-0.006));
#4292=CARTESIAN_POINT('',(0.04545,-0.011,-0.006));
#4293=CARTESIAN_POINT('',(0.04545,-0.011,-0.00295881221624921));
#4294=CARTESIAN_POINT('',(0.04545,0.011,-0.00295881221624921));
#4295=CARTESIAN_POINT('',(0.04545,0.011,-0.00295881221624921));
#4296=CARTESIAN_POINT('',(0.04545,0.011,-0.006));
#4297=CARTESIAN_POINT('',(0.04725,0.,-0.006));
#4298=CARTESIAN_POINT('',(0.04725,0.011,-0.00295881221624921));
#4299=CARTESIAN_POINT('',(0.04725,0.011,-0.00295881221624921));
#4300=CARTESIAN_POINT('',(0.04725,-0.011,-0.00295881221624921));
#4301=CARTESIAN_POINT('',(0.04725,-0.011,-0.006));
#4302=CARTESIAN_POINT('',(0.04725,0.011,-0.006));
#4303=CARTESIAN_POINT('',(0.05212,0.,-0.006));
#4304=CARTESIAN_POINT('',(0.05212,-0.011,-0.006));
#4305=CARTESIAN_POINT('',(0.05212,-0.011,-0.00295881221624921));
#4306=CARTESIAN_POINT('',(0.05212,0.011,-0.00295881221624921));
#4307=CARTESIAN_POINT('',(0.05212,0.011,-0.00295881221624921));
#4308=CARTESIAN_POINT('',(0.05212,0.011,-0.006));
#4309=CARTESIAN_POINT('',(0.05392,0.,-0.006));
#4310=CARTESIAN_POINT('',(0.05392,0.011,-0.00295881221624921));
#4311=CARTESIAN_POINT('',(0.05392,0.011,-0.00295881221624921));
#4312=CARTESIAN_POINT('',(0.05392,-0.011,-0.00295881221624921));
#4313=CARTESIAN_POINT('',(0.05392,-0.011,-0.006));
#4314=CARTESIAN_POINT('',(0.05392,0.011,-0.006));
#4315=CARTESIAN_POINT('',(0.05927,0.,-0.006));
#4316=CARTESIAN_POINT('',(0.05927,-0.011,-0.006));
#4317=CARTESIAN_POINT('',(0.05927,-0.011,-0.00295881221624921));
#4318=CARTESIAN_POINT('',(0.05927,0.011,-0.00295881221624921));
#4319=CARTESIAN_POINT('',(0.05927,0.011,-0.00295881221624921));
#4320=CARTESIAN_POINT('',(0.05927,0.011,-0.006));
#4321=CARTESIAN_POINT('',(0.06107,0.,-0.006));
#4322=CARTESIAN_POINT('',(0.06107,0.011,-0.00295881221624921));
#4323=CARTESIAN_POINT('',(0.06107,0.011,-0.00295881221624921));
#4324=CARTESIAN_POINT('',(0.06107,-0.011,-0.00295881221624921));
#4325=CARTESIAN_POINT('',(0.06107,-0.011,-0.006));
#4326=CARTESIAN_POINT('',(0.06107,0.011,-0.006));
#4327=CARTESIAN_POINT('',(-0.0009,0.,-0.006));
#4328=CARTESIAN_POINT('',(-0.0009,-0.011,-0.006));
#4329=CARTESIAN_POINT('',(-0.0009,-0.011,-0.00295881221624921));
#4330=CARTESIAN_POINT('',(-0.0009,0.011,-0.00295881221624921));
#4331=CARTESIAN_POINT('',(-0.0009,0.011,-0.00295881221624921));
#4332=CARTESIAN_POINT('',(-0.0009,0.011,-0.006));
#4333=CARTESIAN_POINT('',(0.0009,0.,-0.006));
#4334=CARTESIAN_POINT('',(0.0009,0.011,-0.00295881221624921));
#4335=CARTESIAN_POINT('',(0.0009,0.011,-0.00295881221624921));
#4336=CARTESIAN_POINT('',(0.0009,-0.011,-0.00295881221624921));
#4337=CARTESIAN_POINT('',(0.0009,-0.011,-0.006));
#4338=CARTESIAN_POINT('',(0.0009,0.011,-0.006));
#4339=CARTESIAN_POINT('',(0.02892,-0.011,-0.006));
#4340=CARTESIAN_POINT('',(0.00422,-0.011,-0.00295881221624921));
#4341=CARTESIAN_POINT('',(0.00482540106241957,-0.011,-0.0049455198019605));
#4342=CARTESIAN_POINT('',(0.00487230370546849,-0.011,-0.00623308274010352));
#4343=CARTESIAN_POINT('',(0.00171954767912591,-0.011,-0.00628379467021642));
#4344=CARTESIAN_POINT('',(0.00202111805796414,-0.011,-0.00483748875962985));
#4345=CARTESIAN_POINT('',(0.00242,-0.011,-0.00295881221624921));
#4346=CARTESIAN_POINT('',(0.0009,-0.011,-0.00295881221624921));
#4347=CARTESIAN_POINT('',(0.00132054579465526,-0.011,-0.00471019631560341));
#4348=CARTESIAN_POINT('',(0.00156937447420046,-0.011,-0.00630625716003484));
#4349=CARTESIAN_POINT('',(-0.00147996349705581,-0.011,-0.00628421363287079));
#4350=CARTESIAN_POINT('',(-0.00170404750487092,-0.011,-0.00475715538836746));
#4351=CARTESIAN_POINT('',(-0.0009,-0.011,-0.00295881221624921));
#4352=CARTESIAN_POINT('',(-0.0049,-0.011,-0.003));
#4353=CARTESIAN_POINT('',(-0.0049,-0.011,-0.00625));
#4354=CARTESIAN_POINT('',(0.03392,-0.011,-0.00625));
#4355=CARTESIAN_POINT('',(0.07274,-0.011,-0.00625));
#4356=CARTESIAN_POINT('',(0.07274,-0.011,-0.003));
#4357=CARTESIAN_POINT('',(0.06874,-0.011,-0.006));
#4358=CARTESIAN_POINT('',(0.06874,-0.011,-0.00295881221624921));
#4359=CARTESIAN_POINT('',(0.06694,-0.011,-0.00295881221624921));
#4360=CARTESIAN_POINT('',(0.0650665976241077,-0.011,-0.00504762987880596));
#4361=CARTESIAN_POINT('',(0.0668715491699536,-0.011,-0.0062074761273344));
#4362=CARTESIAN_POINT('',(0.0688790424402662,-0.011,-0.00626534151689281));
#4363=CARTESIAN_POINT('',(0.0703106207252413,-0.011,-0.00492435990397072));
#4364=CARTESIAN_POINT('',(0.06874,-0.011,-0.00295881221624921));
#4365=CARTESIAN_POINT('',(0.06694,-0.011,-0.00295881221624921));
#4366=CARTESIAN_POINT('',(0.06694,-0.011,-0.006));
#4367=CARTESIAN_POINT('',(0.05927,-0.011,-0.00295881221624921));
#4368=CARTESIAN_POINT('',(0.0575319077368394,-0.011,-0.0048571186518988));
#4369=CARTESIAN_POINT('',(0.0591832419043981,-0.011,-0.00631411619526095));
#4370=CARTESIAN_POINT('',(0.0611381285566462,-0.011,-0.00612473724297351));
#4371=CARTESIAN_POINT('',(0.0628879981122879,-0.011,-0.00526055045908007));
#4372=CARTESIAN_POINT('',(0.06107,-0.011,-0.00295881221624921));
#4373=CARTESIAN_POINT('',(0.05392,-0.011,-0.00295881221624921));
#4374=CARTESIAN_POINT('',(0.055787202826389,-0.011,-0.00521572493215674));
#4375=CARTESIAN_POINT('',(0.0540044585763917,-0.011,-0.00615769467852305));
#4376=CARTESIAN_POINT('',(0.0519391020214362,-0.011,-0.00625764385381112));
#4377=CARTESIAN_POINT('',(0.0506664452160133,-0.011,-0.00500280435188264));
#4378=CARTESIAN_POINT('',(0.05212,-0.011,-0.00295881221624921));
#4379=CARTESIAN_POINT('',(0.04725,-0.011,-0.00295881221624921));
#4380=CARTESIAN_POINT('',(0.048883494481839,-0.011,-0.00498039158842099));
#4381=CARTESIAN_POINT('',(0.047412776890797,-0.011,-0.00623903912450032));
#4382=CARTESIAN_POINT('',(0.0452527294499198,-0.011,-0.00623377851972689));
#4383=CARTESIAN_POINT('',(0.0439644557782877,-0.011,-0.00499159819435568));
#4384=CARTESIAN_POINT('',(0.04545,-0.011,-0.00295881221624921));
#4385=CARTESIAN_POINT('',(0.04103,-0.011,-0.00295881221624921));
#4386=CARTESIAN_POINT('',(0.0425567825410521,-0.011,-0.00504762987880595));
#4387=CARTESIAN_POINT('',(0.0412255988197061,-0.011,-0.00621541948371877));
#4388=CARTESIAN_POINT('',(0.0390339911180531,-0.011,-0.0062417220866028));
#4389=CARTESIAN_POINT('',(0.0377049762985853,-0.011,-0.00499159774594795));
#4390=CARTESIAN_POINT('',(0.03923,-0.011,-0.00295881221624921));
#4391=CARTESIAN_POINT('',(0.03523,-0.011,-0.00295881221624921));
#4392=CARTESIAN_POINT('',(0.0369292137681591,-0.011,-0.00489074098298211));
#4393=CARTESIAN_POINT('',(0.0353695112901743,-0.011,-0.00628774239154164));
#4394=CARTESIAN_POINT('',(0.0332410274779377,-0.011,-0.0061720118229164));
#4395=CARTESIAN_POINT('',(0.0319429354289997,-0.011,-0.00513728048424482));
#4396=CARTESIAN_POINT('',(0.03343,-0.011,-0.00295881221624921));
#4397=CARTESIAN_POINT('',(0.02982,-0.011,-0.00295881221624921));
#4398=CARTESIAN_POINT('',(0.0309126717080099,-0.011,-0.0050252171153443));
#4399=CARTESIAN_POINT('',(0.0301949192624569,-0.011,-0.00624315117656364));
#4400=CARTESIAN_POINT('',(0.0276929417729352,-0.011,-0.00618002539272336));
#4401=CARTESIAN_POINT('',(0.0267220426602733,-0.011,-0.00515969324770648));
#4402=CARTESIAN_POINT('',(0.02802,-0.011,-0.00295881221624921));
#4403=CARTESIAN_POINT('',(0.02478,-0.011,-0.00295881221624921));
#4404=CARTESIAN_POINT('',(0.0259856460557367,-0.011,-0.00510366156325621));
#4405=CARTESIAN_POINT('',(0.0251338755143077,-0.011,-0.00619573657263794));
#4406=CARTESIAN_POINT('',(0.0226108564476585,-0.011,-0.00624834156791446));
#4407=CARTESIAN_POINT('',(0.0218398416381081,-0.011,-0.00499159774594795));
#4408=CARTESIAN_POINT('',(0.02298,-0.011,-0.00295881221624921));
#4409=CARTESIAN_POINT('',(0.02007,-0.011,-0.00295881221624921));
#4410=CARTESIAN_POINT('',(0.0212053231605563,-0.011,-0.00500280435188264));
#4411=CARTESIAN_POINT('',(0.0204641011297356,-0.011,-0.00622719419739824));
#4412=CARTESIAN_POINT('',(0.0178463928610971,-0.011,-0.00624823619550885));
#4413=CARTESIAN_POINT('',(0.0172612340624903,-0.011,-0.00495797882495934));
#4414=CARTESIAN_POINT('',(0.01827,-0.011,-0.00295881221624921));
#4415=CARTESIAN_POINT('',(0.01568,-0.011,-0.00295881221624921));
#4416=CARTESIAN_POINT('',(0.0167730478246635,-0.011,-0.00494677266743235));
#4417=CARTESIAN_POINT('',(0.0161005873995679,-0.011,-0.00624208629218721));
#4418=CARTESIAN_POINT('',(0.0134167999401758,-0.011,-0.00625586212205283));
#4419=CARTESIAN_POINT('',(0.0129697264677892,-0.011,-0.00491742617527482));
#4420=CARTESIAN_POINT('',(0.01388,-0.011,-0.00295881221624921));
#4421=CARTESIAN_POINT('',(0.01159,-0.011,-0.00295881221624921));
#4422=CARTESIAN_POINT('',(0.0125374812779205,-0.011,-0.00491742617527482));
#4423=CARTESIAN_POINT('',(0.0120577926660168,-0.011,-0.00626481658648854));
#4424=CARTESIAN_POINT('',(0.00932128760628865,-0.011,-0.00621546034991675));
#4425=CARTESIAN_POINT('',(0.00884646361961963,-0.011,-0.00502256919922399));
#4426=CARTESIAN_POINT('',(0.00979,-0.011,-0.00295881221624921));
#4427=CARTESIAN_POINT('',(0.00778,-0.011,-0.00295881221624921));
#4428=CARTESIAN_POINT('',(0.00884646361961963,-0.011,-0.00502256919922399));
#4429=CARTESIAN_POINT('',(0.00824409524654369,-0.011,-0.00621652863963548));
#4430=CARTESIAN_POINT('',(0.00541205752027603,-0.011,-0.00626164004582735));
#4431=CARTESIAN_POINT('',(0.00535895810372618,-0.011,-0.00492646888868447));
#4432=CARTESIAN_POINT('',(0.00598,-0.011,-0.00295881221624921));
#4433=CARTESIAN_POINT('',(0.06694,0.,-0.006));
#4434=CARTESIAN_POINT('',(0.06694,0.011,-0.00295881221624921));
#4435=CARTESIAN_POINT('',(0.06694,0.011,-0.00295881221624921));
#4436=CARTESIAN_POINT('',(0.06694,0.011,-0.006));
#4437=CARTESIAN_POINT('',(0.06874,0.,-0.006));
#4438=CARTESIAN_POINT('',(0.06874,0.011,-0.006));
#4439=CARTESIAN_POINT('',(0.06874,0.011,-0.00295881221624921));
#4440=CARTESIAN_POINT('',(0.06874,0.011,-0.00295881221624921));
#4441=CARTESIAN_POINT('',(0.07274,-0.010998,-0.003));
#4442=CARTESIAN_POINT('',(0.07274,-0.016,-0.00625));
#4443=CARTESIAN_POINT('',(0.07274,-0.021,-0.00625));
#4444=CARTESIAN_POINT('',(0.07274,-0.021,-0.003));
#4445=CARTESIAN_POINT('',(-0.0049,-0.010998,-0.003));
#4446=CARTESIAN_POINT('',(-0.0049,-0.021,-0.003));
#4447=CARTESIAN_POINT('',(-0.0049,-0.021,-0.00625));
#4448=CARTESIAN_POINT('',(-0.0049,-0.010998,-0.00625));
#4449=CARTESIAN_POINT('',(0.05392,0.011,-0.00295881221624921));
#4450=CARTESIAN_POINT('',(0.05392,-0.011,-0.00295881221624921));
#4451=CARTESIAN_POINT('',(0.0545663634131919,0.011,-0.00374008021012399));
#4452=CARTESIAN_POINT('',(0.0545663634131919,-0.011,-0.00374008021012399));
#4453=CARTESIAN_POINT('',(0.0551707935748834,0.011,-0.00488963864654521));
#4454=CARTESIAN_POINT('',(0.0551707935748834,-0.011,-0.00488963864654521));
#4455=CARTESIAN_POINT('',(0.0547587433433895,0.011,-0.00573150364717842));
#4456=CARTESIAN_POINT('',(0.0547587433433895,-0.011,-0.00573150364717842));
#4457=CARTESIAN_POINT('',(0.0537987291014842,0.011,-0.00605913068424611));
#4458=CARTESIAN_POINT('',(0.0537987291014842,-0.011,-0.00605913068424611));
#4459=CARTESIAN_POINT('',(0.052974508839324,0.011,-0.00619898595777628));
#4460=CARTESIAN_POINT('',(0.052974508839324,-0.011,-0.00619898595777628));
#4461=CARTESIAN_POINT('',(0.0522062468863323,0.011,-0.00607943718240064));
#4462=CARTESIAN_POINT('',(0.0522062468863323,-0.011,-0.00607943718240064));
#4463=CARTESIAN_POINT('',(0.0514298115513082,0.011,-0.00567165935415908));
#4464=CARTESIAN_POINT('',(0.0514298115513082,-0.011,-0.00567165935415908));
#4465=CARTESIAN_POINT('',(0.0511307196025699,0.011,-0.00476173540034596));
#4466=CARTESIAN_POINT('',(0.0511307196025699,-0.011,-0.00476173540034596));
#4467=CARTESIAN_POINT('',(0.0516168277585269,0.011,-0.00366637419861857));
#4468=CARTESIAN_POINT('',(0.0516168277585269,-0.011,-0.00366637419861857));
#4469=CARTESIAN_POINT('',(0.05212,0.011,-0.00295881221624921));
#4470=CARTESIAN_POINT('',(0.05212,-0.011,-0.00295881221624921));
#4471=CARTESIAN_POINT('',(0.05392,0.011,-0.00295881221624921));
#4472=CARTESIAN_POINT('',(0.055787202826389,0.011,-0.00521572493215674));
#4473=CARTESIAN_POINT('',(0.0540044585763917,0.011,-0.00615769467852305));
#4474=CARTESIAN_POINT('',(0.0519391020214362,0.011,-0.00625764385381112));
#4475=CARTESIAN_POINT('',(0.0506664452160133,0.011,-0.00500280435188264));
#4476=CARTESIAN_POINT('',(0.05212,0.011,-0.00295881221624921));
#4477=CARTESIAN_POINT('',(0.06694,0.011,-0.00295881221624921));
#4478=CARTESIAN_POINT('',(0.06694,-0.011,-0.00295881221624921));
#4479=CARTESIAN_POINT('',(0.0662914905093062,0.011,-0.0036818913026904));
#4480=CARTESIAN_POINT('',(0.0662914905093062,-0.011,-0.0036818913026904));
#4481=CARTESIAN_POINT('',(0.0656872286194899,0.011,-0.00478477910484067));
#4482=CARTESIAN_POINT('',(0.0656872286194899,-0.011,-0.00478477910484067));
#4483=CARTESIAN_POINT('',(0.0661038418366342,0.011,-0.00567463456728824));
#4484=CARTESIAN_POINT('',(0.0661038418366342,-0.011,-0.00567463456728824));
#4485=CARTESIAN_POINT('',(0.0670624553027564,0.011,-0.00607384310726517));
#4486=CARTESIAN_POINT('',(0.0670624553027564,-0.011,-0.00607384310726517));
#4487=CARTESIAN_POINT('',(0.0678732985710255,0.011,-0.00622609926888922));
#4488=CARTESIAN_POINT('',(0.0678732985710255,-0.011,-0.00622609926888922));
#4489=CARTESIAN_POINT('',(0.0686431815361363,0.011,-0.00608559951668918));
#4490=CARTESIAN_POINT('',(0.0686431815361363,-0.011,-0.00608559951668918));
#4491=CARTESIAN_POINT('',(0.0694674191107943,0.011,-0.0056399878248971));
#4492=CARTESIAN_POINT('',(0.0694674191107943,-0.011,-0.0056399878248971));
#4493=CARTESIAN_POINT('',(0.0698013492452175,0.011,-0.0047107297578023));
#4494=CARTESIAN_POINT('',(0.0698013492452175,-0.011,-0.0047107297578023));
#4495=CARTESIAN_POINT('',(0.0692836965703186,0.011,-0.0036392193441048));
#4496=CARTESIAN_POINT('',(0.0692836965703186,-0.011,-0.0036392193441048));
#4497=CARTESIAN_POINT('',(0.06874,0.011,-0.00295881221624921));
#4498=CARTESIAN_POINT('',(0.06874,-0.011,-0.00295881221624921));
#4499=CARTESIAN_POINT('',(0.06694,0.011,-0.00295881221624921));
#4500=CARTESIAN_POINT('',(0.0650665976241077,0.011,-0.00504762987880596));
#4501=CARTESIAN_POINT('',(0.0668715491699536,0.011,-0.0062074761273344));
#4502=CARTESIAN_POINT('',(0.0688790424402662,0.011,-0.00626534151689281));
#4503=CARTESIAN_POINT('',(0.0703106207252413,0.011,-0.00492435990397072));
#4504=CARTESIAN_POINT('',(0.06874,0.011,-0.00295881221624921));
#4505=CARTESIAN_POINT('',(0.00778,0.011,-0.00295881221624921));
#4506=CARTESIAN_POINT('',(0.00778,-0.011,-0.00295881221624921));
#4507=CARTESIAN_POINT('',(0.00851834835239131,0.011,-0.00438762004436713));
#4508=CARTESIAN_POINT('',(0.00851834835239131,-0.011,-0.00438762004436713));
#4509=CARTESIAN_POINT('',(0.00861473909936219,0.011,-0.00553052077987195));
#4510=CARTESIAN_POINT('',(0.00861473909936219,-0.011,-0.00553052077987195));
#4511=CARTESIAN_POINT('',(0.00773527630852521,0.011,-0.00607605224692308));
#4512=CARTESIAN_POINT('',(0.00773527630852521,-0.011,-0.00607605224692308));
#4513=CARTESIAN_POINT('',(0.00683102691367427,0.011,-0.00622864728419982));
#4514=CARTESIAN_POINT('',(0.00683102691367427,-0.011,-0.00622864728419982));
#4515=CARTESIAN_POINT('',(0.00598695976212207,0.011,-0.00608523815856902));
#4516=CARTESIAN_POINT('',(0.00598695976212207,-0.011,-0.00608523815856902));
#4517=CARTESIAN_POINT('',(0.00537136822676052,0.011,-0.00549133460079901));
#4518=CARTESIAN_POINT('',(0.00537136822676052,-0.011,-0.00549133460079901));
#4519=CARTESIAN_POINT('',(0.00555003197067023,0.011,-0.00432108659245579));
#4520=CARTESIAN_POINT('',(0.00555003197067023,-0.011,-0.00432108659245579));
#4521=CARTESIAN_POINT('',(0.00598,0.011,-0.00295881221624921));
#4522=CARTESIAN_POINT('',(0.00598,-0.011,-0.00295881221624921));
#4523=CARTESIAN_POINT('',(0.00778,0.011,-0.00295881221624921));
#4524=CARTESIAN_POINT('',(0.00884646361961963,0.011,-0.00502256919922399));
#4525=CARTESIAN_POINT('',(0.00824409524654369,0.011,-0.00621652863963548));
#4526=CARTESIAN_POINT('',(0.00541205752027603,0.011,-0.00626164004582735));
#4527=CARTESIAN_POINT('',(0.00535895810372618,0.011,-0.00492646888868447));
#4528=CARTESIAN_POINT('',(0.00598,0.011,-0.00295881221624921));
#4529=CARTESIAN_POINT('',(0.00422,0.011,-0.00295881221624921));
#4530=CARTESIAN_POINT('',(0.00422,-0.011,-0.00295881221624921));
#4531=CARTESIAN_POINT('',(0.00442956967905425,0.011,-0.00364654419585318));
#4532=CARTESIAN_POINT('',(0.00442956967905425,-0.011,-0.00364654419585318));
#4533=CARTESIAN_POINT('',(0.00470955566838454,0.011,-0.00472046394521007));
#4534=CARTESIAN_POINT('',(0.00470955566838454,-0.011,-0.00472046394521007));
#4535=CARTESIAN_POINT('',(0.00469601115256783,0.011,-0.00563855826071653));
#4536=CARTESIAN_POINT('',(0.00469601115256783,-0.011,-0.00563855826071653));
#4537=CARTESIAN_POINT('',(0.00421796053171747,0.011,-0.00608257040393293));
#4538=CARTESIAN_POINT('',(0.00421796053171747,-0.011,-0.00608257040393293));
#4539=CARTESIAN_POINT('',(0.00329728795128954,0.011,-0.00624688257792604));
#4540=CARTESIAN_POINT('',(0.00329728795128954,-0.011,-0.00624688257792604));
#4541=CARTESIAN_POINT('',(0.0024045532784618,0.011,-0.00609287345758277));
#4542=CARTESIAN_POINT('',(0.0024045532784618,-0.011,-0.00609287345758277));
#4543=CARTESIAN_POINT('',(0.00201815679466453,0.011,-0.00560819463243739));
#4544=CARTESIAN_POINT('',(0.00201815679466453,-0.011,-0.00560819463243739));
#4545=CARTESIAN_POINT('',(0.00206100815844451,0.011,-0.00465556875759321));
#4546=CARTESIAN_POINT('',(0.00206100815844451,-0.011,-0.00465556875759321));
#4547=CARTESIAN_POINT('',(0.00228192036029984,0.011,-0.00360914744802019));
#4548=CARTESIAN_POINT('',(0.00228192036029984,-0.011,-0.00360914744802019));
#4549=CARTESIAN_POINT('',(0.00242,0.011,-0.00295881221624921));
#4550=CARTESIAN_POINT('',(0.00242,-0.011,-0.00295881221624921));
#4551=CARTESIAN_POINT('',(0.00422,0.011,-0.00295881221624921));
#4552=CARTESIAN_POINT('',(0.00482540106241957,0.011,-0.0049455198019605));
#4553=CARTESIAN_POINT('',(0.00487230370546849,0.011,-0.00623308274010352));
#4554=CARTESIAN_POINT('',(0.00171954767912591,0.011,-0.00628379467021642));
#4555=CARTESIAN_POINT('',(0.00202111805796414,0.011,-0.00483748875962985));
#4556=CARTESIAN_POINT('',(0.00242,0.011,-0.00295881221624921));
#4557=CARTESIAN_POINT('',(0.0009,0.011,-0.00295881221624921));
#4558=CARTESIAN_POINT('',(0.0009,-0.011,-0.00295881221624921));
#4559=CARTESIAN_POINT('',(0.00104557894375223,0.011,-0.00356508304460795));
#4560=CARTESIAN_POINT('',(0.00104557894375223,-0.011,-0.00356508304460795));
#4561=CARTESIAN_POINT('',(0.00126921775596192,0.011,-0.00457413099289548));
#4562=CARTESIAN_POINT('',(0.00126921775596192,-0.011,-0.00457413099289548));
#4563=CARTESIAN_POINT('',(0.00130102364904104,0.011,-0.00556009571028007));
#4564=CARTESIAN_POINT('',(0.00130102364904104,-0.011,-0.00556009571028007));
#4565=CARTESIAN_POINT('',(0.000912433739807651,0.011,-0.0061033247011432));
#4566=CARTESIAN_POINT('',(0.000912433739807651,-0.011,-0.0061033247011432));
#4567=CARTESIAN_POINT('',(4.21758019634236E-5,0.011,-0.00628159710659886));
#4568=CARTESIAN_POINT('',(4.21758019634236E-5,-0.011,-0.00628159710659886));
#4569=CARTESIAN_POINT('',(-0.000879962249085884,0.011,-0.00609884615649903));
#4570=CARTESIAN_POINT('',(-0.000879962249085884,-0.011,-0.00609884615649903));
#4571=CARTESIAN_POINT('',(-0.00143875198409276,0.011,-0.00557329421136809));
#4572=CARTESIAN_POINT('',(-0.00143875198409276,-0.011,-0.00557329421136809));
#4573=CARTESIAN_POINT('',(-0.00151167206618855,0.011,-0.00460233971671774));
#4574=CARTESIAN_POINT('',(-0.00151167206618855,-0.011,-0.00460233971671774));
#4575=CARTESIAN_POINT('',(-0.00117833445958406,0.011,-0.00358133871117139));
#4576=CARTESIAN_POINT('',(-0.00117833445958406,-0.011,-0.00358133871117139));
#4577=CARTESIAN_POINT('',(-0.0009,0.011,-0.00295881221624921));
#4578=CARTESIAN_POINT('',(-0.0009,-0.011,-0.00295881221624921));
#4579=CARTESIAN_POINT('',(0.0009,0.011,-0.00295881221624921));
#4580=CARTESIAN_POINT('',(0.00132054579465526,0.011,-0.00471019631560341));
#4581=CARTESIAN_POINT('',(0.00156937447420046,0.011,-0.00630625716003484));
#4582=CARTESIAN_POINT('',(-0.00147996349705581,0.011,-0.00628421363287079));
#4583=CARTESIAN_POINT('',(-0.00170404750487092,0.011,-0.00475715538836746));
#4584=CARTESIAN_POINT('',(-0.0009,0.011,-0.00295881221624921));
#4585=CARTESIAN_POINT('',(0.05927,0.011,-0.00295881221624921));
#4586=CARTESIAN_POINT('',(0.05927,-0.011,-0.00295881221624921));
#4587=CARTESIAN_POINT('',(0.0586683303625179,0.011,-0.0036159426627597));
#4588=CARTESIAN_POINT('',(0.0586683303625179,-0.011,-0.0036159426627597));
#4589=CARTESIAN_POINT('',(0.0581045385042221,0.011,-0.0046726320278079));
#4590=CARTESIAN_POINT('',(0.0581045385042221,-0.011,-0.0046726320278079));
#4591=CARTESIAN_POINT('',(0.0584868107652809,0.011,-0.00562677530141947));
#4592=CARTESIAN_POINT('',(0.0584868107652809,-0.011,-0.00562677530141947));
#4593=CARTESIAN_POINT('',(0.0593815980244542,0.011,-0.0060927917958002));
#4594=CARTESIAN_POINT('',(0.0593815980244542,-0.011,-0.0060927917958002));
#4595=CARTESIAN_POINT('',(0.0601612123122825,0.011,-0.0062100781082718));
#4596=CARTESIAN_POINT('',(0.0601612123122825,-0.011,-0.0062100781082718));
#4597=CARTESIAN_POINT('',(0.0609516362637655,0.011,-0.00605431600714014));
#4598=CARTESIAN_POINT('',(0.0609516362637655,-0.011,-0.00605431600714014));
#4599=CARTESIAN_POINT('',(0.0618818861069052,0.011,-0.00574016542674789));
#4600=CARTESIAN_POINT('',(0.0618818861069052,-0.011,-0.00574016542674789));
#4601=CARTESIAN_POINT('',(0.0622859789172578,0.011,-0.00491497702654914));
#4602=CARTESIAN_POINT('',(0.0622859789172578,-0.011,-0.00491497702654914));
#4603=CARTESIAN_POINT('',(0.0616993303804105,0.011,-0.00375559731419581));
#4604=CARTESIAN_POINT('',(0.0616993303804105,-0.011,-0.00375559731419581));
#4605=CARTESIAN_POINT('',(0.06107,0.011,-0.00295881221624921));
#4606=CARTESIAN_POINT('',(0.06107,-0.011,-0.00295881221624921));
#4607=CARTESIAN_POINT('',(0.05927,0.011,-0.00295881221624921));
#4608=CARTESIAN_POINT('',(0.0575319077368394,0.011,-0.0048571186518988));
#4609=CARTESIAN_POINT('',(0.0591832419043981,0.011,-0.00631411619526095));
#4610=CARTESIAN_POINT('',(0.0611381285566462,0.011,-0.00612473724297351));
#4611=CARTESIAN_POINT('',(0.0628879981122879,0.011,-0.00526055045908007));
#4612=CARTESIAN_POINT('',(0.06107,0.011,-0.00295881221624921));
#4613=CARTESIAN_POINT('',(0.01159,0.011,-0.00295881221624921));
#4614=CARTESIAN_POINT('',(0.01159,-0.011,-0.00295881221624921));
#4615=CARTESIAN_POINT('',(0.0122459729067211,0.011,-0.00431482602020154));
#4616=CARTESIAN_POINT('',(0.0122459729067211,-0.011,-0.00431482602020154));
#4617=CARTESIAN_POINT('',(0.0123541790918211,0.011,-0.0054871958025467));
#4618=CARTESIAN_POINT('',(0.0123541790918211,-0.011,-0.0054871958025467));
#4619=CARTESIAN_POINT('',(0.0115542645170823,0.011,-0.00608605367168036));
#4620=CARTESIAN_POINT('',(0.0115542645170823,-0.011,-0.00608605367168036));
#4621=CARTESIAN_POINT('',(0.0106895662676568,0.011,-0.00622964150958493));
#4622=CARTESIAN_POINT('',(0.0106895662676568,-0.011,-0.00622964150958493));
#4623=CARTESIAN_POINT('',(0.00982540102497771,0.011,-0.00607600339689184));
#4624=CARTESIAN_POINT('',(0.00982540102497771,-0.011,-0.00607600339689184));
#4625=CARTESIAN_POINT('',(0.00902782343788918,0.011,-0.00553006926821618));
#4626=CARTESIAN_POINT('',(0.00902782343788918,-0.011,-0.00553006926821618));
#4627=CARTESIAN_POINT('',(0.0091367582774895,0.011,-0.00438762004436712));
#4628=CARTESIAN_POINT('',(0.0091367582774895,-0.011,-0.00438762004436712));
#4629=CARTESIAN_POINT('',(0.00979,0.011,-0.00295881221624921));
#4630=CARTESIAN_POINT('',(0.00979,-0.011,-0.00295881221624921));
#4631=CARTESIAN_POINT('',(0.01159,0.011,-0.00295881221624921));
#4632=CARTESIAN_POINT('',(0.0125374812779205,0.011,-0.00491742617527482));
#4633=CARTESIAN_POINT('',(0.0120577926660168,0.011,-0.00626481658648854));
#4634=CARTESIAN_POINT('',(0.00932128760628865,0.011,-0.00621546034991675));
#4635=CARTESIAN_POINT('',(0.00884646361961963,0.011,-0.00502256919922399));
#4636=CARTESIAN_POINT('',(0.00979,0.011,-0.00295881221624921));
#4637=CARTESIAN_POINT('',(0.01568,0.011,-0.00295881221624921));
#4638=CARTESIAN_POINT('',(0.01568,-0.011,-0.00295881221624921));
#4639=CARTESIAN_POINT('',(0.016436753484674,0.011,-0.00433514357603219));
#4640=CARTESIAN_POINT('',(0.016436753484674,-0.011,-0.00433514357603219));
#4641=CARTESIAN_POINT('',(0.0165124649154378,0.011,-0.00549537762876028));
#4642=CARTESIAN_POINT('',(0.0165124649154378,-0.011,-0.00549537762876028));
#4643=CARTESIAN_POINT('',(0.0156313163530784,0.011,-0.00608283907360406));
#4644=CARTESIAN_POINT('',(0.0156313163530784,-0.011,-0.00608283907360406));
#4645=CARTESIAN_POINT('',(0.0147599043900796,0.011,-0.00623797516261545));
#4646=CARTESIAN_POINT('',(0.0147599043900796,-0.011,-0.00623797516261545));
#4647=CARTESIAN_POINT('',(0.0139131876010264,0.011,-0.00608564420797422));
#4648=CARTESIAN_POINT('',(0.0139131876010264,-0.011,-0.00608564420797422));
#4649=CARTESIAN_POINT('',(0.0131403159355723,0.011,-0.00548341120648348));
#4650=CARTESIAN_POINT('',(0.0131403159355723,-0.011,-0.00548341120648348));
#4651=CARTESIAN_POINT('',(0.0132497872572784,0.011,-0.00431482602020154));
#4652=CARTESIAN_POINT('',(0.0132497872572784,-0.011,-0.00431482602020154));
#4653=CARTESIAN_POINT('',(0.01388,0.011,-0.00295881221624921));
#4654=CARTESIAN_POINT('',(0.01388,-0.011,-0.00295881221624921));
#4655=CARTESIAN_POINT('',(0.01568,0.011,-0.00295881221624921));
#4656=CARTESIAN_POINT('',(0.0167730478246635,0.011,-0.00494677266743235));
#4657=CARTESIAN_POINT('',(0.0161005873995679,0.011,-0.00624208629218721));
#4658=CARTESIAN_POINT('',(0.0134167999401758,0.011,-0.00625586212205283));
#4659=CARTESIAN_POINT('',(0.0129697264677892,0.011,-0.00491742617527482));
#4660=CARTESIAN_POINT('',(0.01388,0.011,-0.00295881221624921));
#4661=CARTESIAN_POINT('',(0.02007,0.011,-0.00295881221624921));
#4662=CARTESIAN_POINT('',(0.02007,-0.011,-0.00295881221624921));
#4663=CARTESIAN_POINT('',(0.0208560221104658,0.011,-0.00437393618098793));
#4664=CARTESIAN_POINT('',(0.0208560221104658,-0.011,-0.00437393618098793));
#4665=CARTESIAN_POINT('',(0.0209168962715364,0.011,-0.00552304784458454));
#4666=CARTESIAN_POINT('',(0.0209168962715364,-0.011,-0.00552304784458454));
#4667=CARTESIAN_POINT('',(0.0200169717005385,0.011,-0.00607800495212582));
#4668=CARTESIAN_POINT('',(0.0200169717005385,-0.011,-0.00607800495212582));
#4669=CARTESIAN_POINT('',(0.0191560853265915,0.011,-0.00622735593888796));
#4670=CARTESIAN_POINT('',(0.0191560853265915,-0.011,-0.00622735593888796));
#4671=CARTESIAN_POINT('',(0.0183122984724689,0.011,-0.00608228967636332));
#4672=CARTESIAN_POINT('',(0.0183122984724689,-0.011,-0.00608228967636332));
#4673=CARTESIAN_POINT('',(0.0174873473739905,0.011,-0.00550476964012096));
#4674=CARTESIAN_POINT('',(0.0174873473739905,-0.011,-0.00550476964012096));
#4675=CARTESIAN_POINT('',(0.0175715976783395,0.011,-0.0043429019728443));
#4676=CARTESIAN_POINT('',(0.0175715976783395,-0.011,-0.0043429019728443));
#4677=CARTESIAN_POINT('',(0.01827,0.011,-0.00295881221624921));
#4678=CARTESIAN_POINT('',(0.01827,-0.011,-0.00295881221624921));
#4679=CARTESIAN_POINT('',(0.02007,0.011,-0.00295881221624921));
#4680=CARTESIAN_POINT('',(0.0212053231605563,0.011,-0.00500280435188264));
#4681=CARTESIAN_POINT('',(0.0204641011297356,0.011,-0.00622719419739824));
#4682=CARTESIAN_POINT('',(0.0178463928610971,0.011,-0.00624823619550885));
#4683=CARTESIAN_POINT('',(0.0172612340624903,0.011,-0.00495797882495934));
#4684=CARTESIAN_POINT('',(0.01827,0.011,-0.00295881221624921));
#4685=CARTESIAN_POINT('',(0.02478,0.011,-0.00295881221624921));
#4686=CARTESIAN_POINT('',(0.02478,-0.011,-0.00295881221624921));
#4687=CARTESIAN_POINT('',(0.0256147089975163,0.011,-0.0044437629940873));
#4688=CARTESIAN_POINT('',(0.0256147089975163,-0.011,-0.0044437629940873));
#4689=CARTESIAN_POINT('',(0.0256525221046336,0.011,-0.00557088823996688));
#4690=CARTESIAN_POINT('',(0.0256525221046336,-0.011,-0.00557088823996688));
#4691=CARTESIAN_POINT('',(0.0247199198606544,0.011,-0.00606909080332387));
#4692=CARTESIAN_POINT('',(0.0247199198606544,-0.011,-0.00606909080332387));
#4693=CARTESIAN_POINT('',(0.0238727997798135,0.011,-0.00621257059975035));
#4694=CARTESIAN_POINT('',(0.0238727997798135,-0.011,-0.00621257059975035));
#4695=CARTESIAN_POINT('',(0.0230345279345154,0.011,-0.00607980261391763));
#4696=CARTESIAN_POINT('',(0.0230345279345154,-0.011,-0.00607980261391763));
#4697=CARTESIAN_POINT('',(0.0221407211041573,0.011,-0.00552519272880792));
#4698=CARTESIAN_POINT('',(0.0221407211041573,-0.011,-0.00552519272880792));
#4699=CARTESIAN_POINT('',(0.0221906303182959,0.011,-0.00436617747372821));
#4700=CARTESIAN_POINT('',(0.0221906303182959,-0.011,-0.00436617747372821));
#4701=CARTESIAN_POINT('',(0.02298,0.011,-0.00295881221624921));
#4702=CARTESIAN_POINT('',(0.02298,-0.011,-0.00295881221624921));
#4703=CARTESIAN_POINT('',(0.02478,0.011,-0.00295881221624921));
#4704=CARTESIAN_POINT('',(0.0259856460557367,0.011,-0.00510366156325621));
#4705=CARTESIAN_POINT('',(0.0251338755143077,0.011,-0.00619573657263794));
#4706=CARTESIAN_POINT('',(0.0226108564476585,0.011,-0.00624834156791446));
#4707=CARTESIAN_POINT('',(0.0218398416381081,0.011,-0.00499159774594795));
#4708=CARTESIAN_POINT('',(0.02298,0.011,-0.00295881221624921));
#4709=CARTESIAN_POINT('',(0.02982,0.011,-0.00295881221624921));
#4710=CARTESIAN_POINT('',(0.02982,-0.011,-0.00295881221624921));
#4711=CARTESIAN_POINT('',(0.0305764930865634,0.011,-0.00438945328505976));
#4712=CARTESIAN_POINT('',(0.0305764930865634,-0.011,-0.00438945328505976));
#4713=CARTESIAN_POINT('',(0.030632937658452,0.011,-0.00554337477903735));
#4714=CARTESIAN_POINT('',(0.030632937658452,-0.011,-0.00554337477903735));
#4715=CARTESIAN_POINT('',(0.0297692520716846,0.011,-0.00607707845819272));
#4716=CARTESIAN_POINT('',(0.0297692520716846,-0.011,-0.00607707845819272));
#4717=CARTESIAN_POINT('',(0.0289425854156353,0.011,-0.00620269429006521));
#4718=CARTESIAN_POINT('',(0.0289425854156353,-0.011,-0.00620269429006521));
#4719=CARTESIAN_POINT('',(0.0280880935954065,0.011,-0.00606429166244218));
#4720=CARTESIAN_POINT('',(0.0280880935954065,-0.011,-0.00606429166244218));
#4721=CARTESIAN_POINT('',(0.0273493850650272,0.011,-0.00571444365287277));
#4722=CARTESIAN_POINT('',(0.0273493850650272,-0.011,-0.00571444365287277));
#4723=CARTESIAN_POINT('',(0.0271144389900021,0.011,-0.00485545014739243));
#4724=CARTESIAN_POINT('',(0.0271144389900021,-0.011,-0.00485545014739243));
#4725=CARTESIAN_POINT('',(0.0275706904100474,0.011,-0.00372068390764612));
#4726=CARTESIAN_POINT('',(0.0275706904100474,-0.011,-0.00372068390764612));
#4727=CARTESIAN_POINT('',(0.02802,0.011,-0.00295881221624921));
#4728=CARTESIAN_POINT('',(0.02802,-0.011,-0.00295881221624921));
#4729=CARTESIAN_POINT('',(0.02982,0.011,-0.00295881221624921));
#4730=CARTESIAN_POINT('',(0.0309126717080099,0.011,-0.0050252171153443));
#4731=CARTESIAN_POINT('',(0.0301949192624569,0.011,-0.00624315117656364));
#4732=CARTESIAN_POINT('',(0.0276929417729352,0.011,-0.00618002539272336));
#4733=CARTESIAN_POINT('',(0.0267220426602733,0.011,-0.00515969324770648));
#4734=CARTESIAN_POINT('',(0.02802,0.011,-0.00295881221624921));
#4735=CARTESIAN_POINT('',(0.03523,0.011,-0.00295881221624921));
#4736=CARTESIAN_POINT('',(0.03523,-0.011,-0.00295881221624921));
#4737=CARTESIAN_POINT('',(0.035818211197738,0.011,-0.00362758159366284));
#4738=CARTESIAN_POINT('',(0.035818211197738,-0.011,-0.00362758159366284));
#4739=CARTESIAN_POINT('',(0.0363767071656048,0.011,-0.00469141716527689));
#4740=CARTESIAN_POINT('',(0.0363767071656048,-0.011,-0.00469141716527689));
#4741=CARTESIAN_POINT('',(0.0360136622088306,0.011,-0.00563272594591539));
#4742=CARTESIAN_POINT('',(0.0360136622088306,-0.011,-0.00563272594591539));
#4743=CARTESIAN_POINT('',(0.0351236723873398,0.011,-0.00608910556936924));
#4744=CARTESIAN_POINT('',(0.0351236723873398,-0.011,-0.00608910556936924));
#4745=CARTESIAN_POINT('',(0.0343066687806397,0.011,-0.00621993715496873));
#4746=CARTESIAN_POINT('',(0.0343066687806397,-0.011,-0.00621993715496873));
#4747=CARTESIAN_POINT('',(0.0335183647183532,0.011,-0.00606559279328643));
#4748=CARTESIAN_POINT('',(0.0335183647183532,-0.011,-0.00606559279328643));
#4749=CARTESIAN_POINT('',(0.0327225276879258,0.011,-0.00570201930466642));
#4750=CARTESIAN_POINT('',(0.0327225276879258,-0.011,-0.00570201930466642));
#4751=CARTESIAN_POINT('',(0.0324174160622508,0.011,-0.00483951558999117));
#4752=CARTESIAN_POINT('',(0.0324174160622508,-0.011,-0.00483951558999117));
#4753=CARTESIAN_POINT('',(0.0329152277866313,0.011,-0.00371292535561021));
#4754=CARTESIAN_POINT('',(0.0329152277866313,-0.011,-0.00371292535561021));
#4755=CARTESIAN_POINT('',(0.03343,0.011,-0.00295881221624921));
#4756=CARTESIAN_POINT('',(0.03343,-0.011,-0.00295881221624921));
#4757=CARTESIAN_POINT('',(0.03523,0.011,-0.00295881221624921));
#4758=CARTESIAN_POINT('',(0.0369292137681591,0.011,-0.00489074098298211));
#4759=CARTESIAN_POINT('',(0.0353695112901743,0.011,-0.00628774239154164));
#4760=CARTESIAN_POINT('',(0.0332410274779377,0.011,-0.0061720118229164));
#4761=CARTESIAN_POINT('',(0.0319429354289997,0.011,-0.00513728048424482));
#4762=CARTESIAN_POINT('',(0.03343,0.011,-0.00295881221624921));
#4763=CARTESIAN_POINT('',(0.04103,0.011,-0.00295881221624921));
#4764=CARTESIAN_POINT('',(0.04103,-0.011,-0.00295881221624921));
#4765=CARTESIAN_POINT('',(0.0415585212514083,0.011,-0.00368189130269039));
#4766=CARTESIAN_POINT('',(0.0415585212514083,-0.011,-0.00368189130269039));
#4767=CARTESIAN_POINT('',(0.0420698122516917,0.011,-0.00478583820520296));
#4768=CARTESIAN_POINT('',(0.0420698122516917,-0.011,-0.00478583820520296));
#4769=CARTESIAN_POINT('',(0.0417569854622856,0.011,-0.00567725918438679));
#4770=CARTESIAN_POINT('',(0.0417569854622856,-0.011,-0.00567725918438679));
#4771=CARTESIAN_POINT('',(0.0409389917578937,0.011,-0.00607420283600769));
#4772=CARTESIAN_POINT('',(0.0409389917578937,-0.011,-0.00607420283600769));
#4773=CARTESIAN_POINT('',(0.0401298065706873,0.011,-0.00621870475191018));
#4774=CARTESIAN_POINT('',(0.0401298065706873,-0.011,-0.00621870475191018));
#4775=CARTESIAN_POINT('',(0.0393208593193155,0.011,-0.00607954668957511));
#4776=CARTESIAN_POINT('',(0.0393208593193155,-0.011,-0.00607954668957511));
#4777=CARTESIAN_POINT('',(0.0385036461960576,0.011,-0.00566151057345902));
#4778=CARTESIAN_POINT('',(0.0385036461960576,-0.011,-0.00566151057345902));
#4779=CARTESIAN_POINT('',(0.0381912997074984,0.011,-0.00475217921519467));
#4780=CARTESIAN_POINT('',(0.0381912997074984,-0.011,-0.00475217921519467));
#4781=CARTESIAN_POINT('',(0.0387020876002789,0.011,-0.00366249484498871));
#4782=CARTESIAN_POINT('',(0.0387020876002789,-0.011,-0.00366249484498871));
#4783=CARTESIAN_POINT('',(0.03923,0.011,-0.00295881221624921));
#4784=CARTESIAN_POINT('',(0.03923,-0.011,-0.00295881221624921));
#4785=CARTESIAN_POINT('',(0.04103,0.011,-0.00295881221624921));
#4786=CARTESIAN_POINT('',(0.0425567825410521,0.011,-0.00504762987880595));
#4787=CARTESIAN_POINT('',(0.0412255988197061,0.011,-0.00621541948371877));
#4788=CARTESIAN_POINT('',(0.0390339911180531,0.011,-0.0062417220866028));
#4789=CARTESIAN_POINT('',(0.0377049762985853,0.011,-0.00499159774594795));
#4790=CARTESIAN_POINT('',(0.03923,0.011,-0.00295881221624921));
#4791=CARTESIAN_POINT('',(0.04725,0.011,-0.00295881221624921));
#4792=CARTESIAN_POINT('',(0.04725,-0.011,-0.00295881221624921));
#4793=CARTESIAN_POINT('',(0.0478154613702323,0.011,-0.00365861564658266));
#4794=CARTESIAN_POINT('',(0.0478154613702323,-0.011,-0.00365861564658266));
#4795=CARTESIAN_POINT('',(0.048356217785285,0.011,-0.00474438847844817));
#4796=CARTESIAN_POINT('',(0.048356217785285,-0.011,-0.00474438847844817));
#4797=CARTESIAN_POINT('',(0.0480126848945843,0.011,-0.00565573630979365));
#4798=CARTESIAN_POINT('',(0.0480126848945843,-0.011,-0.00565573630979365));
#4799=CARTESIAN_POINT('',(0.047149596646355,0.011,-0.00608025570588696));
#4800=CARTESIAN_POINT('',(0.047149596646355,-0.011,-0.00608025570588696));
#4801=CARTESIAN_POINT('',(0.0463337290924517,0.011,-0.00622609926888922));
#4802=CARTESIAN_POINT('',(0.0463337290924517,-0.011,-0.00622609926888922));
#4803=CARTESIAN_POINT('',(0.0455378762504509,0.011,-0.00607918691806739));
#4804=CARTESIAN_POINT('',(0.0455378762504509,-0.011,-0.00607918691806739));
#4805=CARTESIAN_POINT('',(0.0447404490092678,0.011,-0.00565888608239169));
#4806=CARTESIAN_POINT('',(0.0447404490092678,-0.011,-0.00565888608239169));
#4807=CARTESIAN_POINT('',(0.0444373181164107,0.011,-0.00475112038419479));
#4808=CARTESIAN_POINT('',(0.0444373181164107,-0.011,-0.00475112038419479));
#4809=CARTESIAN_POINT('',(0.0449357540809048,0.011,-0.00366249500021252));
#4810=CARTESIAN_POINT('',(0.0449357540809048,-0.011,-0.00366249500021252));
#4811=CARTESIAN_POINT('',(0.04545,0.011,-0.00295881221624921));
#4812=CARTESIAN_POINT('',(0.04545,-0.011,-0.00295881221624921));
#4813=CARTESIAN_POINT('',(0.04725,0.011,-0.00295881221624921));
#4814=CARTESIAN_POINT('',(0.048883494481839,0.011,-0.00498039158842099));
#4815=CARTESIAN_POINT('',(0.047412776890797,0.011,-0.00623903912450032));
#4816=CARTESIAN_POINT('',(0.0452527294499198,0.011,-0.00623377851972689));
#4817=CARTESIAN_POINT('',(0.0439644557782877,0.011,-0.00499159819435568));
#4818=CARTESIAN_POINT('',(0.04545,0.011,-0.00295881221624921));
#4819=CARTESIAN_POINT('',(0.00242,-0.032,-0.006));
#4820=CARTESIAN_POINT('',(0.00242,-0.021,-0.006));
#4821=CARTESIAN_POINT('',(0.00242,-0.043,-0.006));
#4822=CARTESIAN_POINT('',(0.00422,-0.032,-0.006));
#4823=CARTESIAN_POINT('',(0.00422,-0.043,-0.006));
#4824=CARTESIAN_POINT('',(0.00422,-0.021,-0.006));
#4825=CARTESIAN_POINT('',(0.00598,-0.032,-0.006));
#4826=CARTESIAN_POINT('',(0.00598,-0.021,-0.006));
#4827=CARTESIAN_POINT('',(0.00598,-0.043,-0.006));
#4828=CARTESIAN_POINT('',(0.00778,-0.032,-0.006));
#4829=CARTESIAN_POINT('',(0.00778,-0.043,-0.006));
#4830=CARTESIAN_POINT('',(0.00778,-0.021,-0.006));
#4831=CARTESIAN_POINT('',(0.00979,-0.032,-0.006));
#4832=CARTESIAN_POINT('',(0.00979,-0.021,-0.006));
#4833=CARTESIAN_POINT('',(0.00979,-0.043,-0.006));
#4834=CARTESIAN_POINT('',(0.01159,-0.032,-0.006));
#4835=CARTESIAN_POINT('',(0.01159,-0.043,-0.006));
#4836=CARTESIAN_POINT('',(0.01159,-0.021,-0.006));
#4837=CARTESIAN_POINT('',(0.01388,-0.032,-0.006));
#4838=CARTESIAN_POINT('',(0.01388,-0.021,-0.006));
#4839=CARTESIAN_POINT('',(0.01388,-0.043,-0.006));
#4840=CARTESIAN_POINT('',(0.01568,-0.032,-0.006));
#4841=CARTESIAN_POINT('',(0.01568,-0.043,-0.006));
#4842=CARTESIAN_POINT('',(0.01568,-0.021,-0.006));
#4843=CARTESIAN_POINT('',(0.01827,-0.032,-0.006));
#4844=CARTESIAN_POINT('',(0.01827,-0.021,-0.006));
#4845=CARTESIAN_POINT('',(0.01827,-0.043,-0.006));
#4846=CARTESIAN_POINT('',(0.02007,-0.032,-0.006));
#4847=CARTESIAN_POINT('',(0.02007,-0.043,-0.006));
#4848=CARTESIAN_POINT('',(0.02007,-0.021,-0.006));
#4849=CARTESIAN_POINT('',(0.02298,-0.032,-0.006));
#4850=CARTESIAN_POINT('',(0.02298,-0.021,-0.006));
#4851=CARTESIAN_POINT('',(0.02298,-0.043,-0.006));
#4852=CARTESIAN_POINT('',(0.02478,-0.032,-0.006));
#4853=CARTESIAN_POINT('',(0.02478,-0.043,-0.006));
#4854=CARTESIAN_POINT('',(0.02478,-0.021,-0.006));
#4855=CARTESIAN_POINT('',(0.02802,-0.032,-0.006));
#4856=CARTESIAN_POINT('',(0.02802,-0.021,-0.006));
#4857=CARTESIAN_POINT('',(0.02802,-0.043,-0.006));
#4858=CARTESIAN_POINT('',(0.02982,-0.032,-0.006));
#4859=CARTESIAN_POINT('',(0.02982,-0.043,-0.006));
#4860=CARTESIAN_POINT('',(0.02982,-0.021,-0.006));
#4861=CARTESIAN_POINT('',(0.03343,-0.032,-0.006));
#4862=CARTESIAN_POINT('',(0.03343,-0.021,-0.006));
#4863=CARTESIAN_POINT('',(0.03343,-0.043,-0.006));
#4864=CARTESIAN_POINT('',(0.03523,-0.032,-0.006));
#4865=CARTESIAN_POINT('',(0.03523,-0.043,-0.006));
#4866=CARTESIAN_POINT('',(0.03523,-0.021,-0.006));
#4867=CARTESIAN_POINT('',(0.03923,-0.032,-0.006));
#4868=CARTESIAN_POINT('',(0.03923,-0.021,-0.006));
#4869=CARTESIAN_POINT('',(0.03923,-0.043,-0.006));
#4870=CARTESIAN_POINT('',(0.04103,-0.032,-0.006));
#4871=CARTESIAN_POINT('',(0.04103,-0.043,-0.006));
#4872=CARTESIAN_POINT('',(0.04103,-0.021,-0.006));
#4873=CARTESIAN_POINT('',(0.04545,-0.032,-0.006));
#4874=CARTESIAN_POINT('',(0.04545,-0.021,-0.006));
#4875=CARTESIAN_POINT('',(0.04545,-0.043,-0.006));
#4876=CARTESIAN_POINT('',(0.04725,-0.032,-0.006));
#4877=CARTESIAN_POINT('',(0.04725,-0.043,-0.006));
#4878=CARTESIAN_POINT('',(0.04725,-0.021,-0.006));
#4879=CARTESIAN_POINT('',(0.05212,-0.032,-0.006));
#4880=CARTESIAN_POINT('',(0.05212,-0.021,-0.006));
#4881=CARTESIAN_POINT('',(0.05212,-0.043,-0.006));
#4882=CARTESIAN_POINT('',(0.05392,-0.032,-0.006));
#4883=CARTESIAN_POINT('',(0.05392,-0.043,-0.006));
#4884=CARTESIAN_POINT('',(0.05392,-0.021,-0.006));
#4885=CARTESIAN_POINT('',(0.05927,-0.032,-0.006));
#4886=CARTESIAN_POINT('',(0.05927,-0.021,-0.006));
#4887=CARTESIAN_POINT('',(0.05927,-0.043,-0.006));
#4888=CARTESIAN_POINT('',(0.06107,-0.032,-0.006));
#4889=CARTESIAN_POINT('',(0.06107,-0.043,-0.006));
#4890=CARTESIAN_POINT('',(0.06107,-0.021,-0.006));
#4891=CARTESIAN_POINT('',(-0.0009,-0.032,-0.006));
#4892=CARTESIAN_POINT('',(-0.0009,-0.021,-0.006));
#4893=CARTESIAN_POINT('',(-0.0009,-0.043,-0.006));
#4894=CARTESIAN_POINT('',(0.0009,-0.032,-0.006));
#4895=CARTESIAN_POINT('',(0.0009,-0.043,-0.006));
#4896=CARTESIAN_POINT('',(0.0009,-0.021,-0.006));
#4897=CARTESIAN_POINT('',(0.02892,-0.021,-0.006));
#4898=CARTESIAN_POINT('',(0.06694,-0.021,-0.006));
#4899=CARTESIAN_POINT('',(0.06874,-0.021,-0.006));
#4900=CARTESIAN_POINT('',(0.03392,-0.021,-0.00625));
#4901=CARTESIAN_POINT('',(0.06694,-0.032,-0.006));
#4902=CARTESIAN_POINT('',(0.06694,-0.043,-0.006));
#4903=CARTESIAN_POINT('',(0.06874,-0.032,-0.006));
#4904=CARTESIAN_POINT('',(0.06874,-0.043,-0.006));
#4905=CARTESIAN_POINT('',(0.01917,0.011,-0.006));
#4906=CARTESIAN_POINT('',(0.,-0.043,-0.006));
#4907=CARTESIAN_POINT('',(0.03392,-0.016,-0.00625));
#4908=CARTESIAN_POINT('',(0.,0.,0.));
#4909=CARTESIAN_POINT('',(0.03392,0.013,-0.009));
#4910=CARTESIAN_POINT('',(-0.0059,0.013,-0.009));
#4911=CARTESIAN_POINT('',(-0.0059,0.013,-0.009));
#4912=CARTESIAN_POINT('',(-0.0059,0.013,0.000521130754687429));
#4913=CARTESIAN_POINT('',(0.0342821240508465,0.013,0.00436952743854442));
#4914=CARTESIAN_POINT('',(0.07374,0.013,0.00814856009402606));
#4915=CARTESIAN_POINT('',(0.07374,0.013,-0.009));
#4916=CARTESIAN_POINT('',(0.07374,0.013,-0.009));
#4917=CARTESIAN_POINT('',(0.03392,0.013,-0.009));
#4918=CARTESIAN_POINT('',(0.03392,0.,-0.009));
#4919=CARTESIAN_POINT('',(0.07374,0.,-0.009));
#4920=CARTESIAN_POINT('',(0.07374,0.011,-0.009));
#4921=CARTESIAN_POINT('',(0.03392,0.011,-0.009));
#4922=CARTESIAN_POINT('',(-0.0059,0.011,-0.009));
#4923=CARTESIAN_POINT('',(-0.0059,1.7347234759768E-18,-0.009));
#4924=CARTESIAN_POINT('',(0.,0.011,-0.006));
#4925=CARTESIAN_POINT('',(0.07374,0.011,-0.009));
#4926=CARTESIAN_POINT('',(0.07374,0.011,0.00814856009402606));
#4927=CARTESIAN_POINT('',(0.00396025533843441,0.011,0.0014654853611885));
#4928=CARTESIAN_POINT('',(-0.0059,0.011,0.000521130754687429));
#4929=CARTESIAN_POINT('',(-0.0059,0.011,-0.009));
#4930=CARTESIAN_POINT('',(0.0348111114005986,0.0125,0.00442019059313556));
#4931=CARTESIAN_POINT('',(-0.0059,1.68597108669984E-18,0.000521130754687429));
#4932=CARTESIAN_POINT('',(0.07374,0.,0.00814856009402606));
#4933=CARTESIAN_POINT('',(0.07374,0.,-0.009));
#4934=CARTESIAN_POINT('',(-0.0059,1.7347234759768E-18,-0.009));
#4935=CARTESIAN_POINT('',(0.,0.,0.));
#4936=CARTESIAN_POINT('',(0.03392,-0.045,-0.009));
#4937=CARTESIAN_POINT('',(-0.0059,-0.045,-0.009));
#4938=CARTESIAN_POINT('',(-0.0059,-0.045,-0.009));
#4939=CARTESIAN_POINT('',(-0.0059,-0.045,0.000521130754687429));
#4940=CARTESIAN_POINT('',(0.03392,-0.045,-0.009));
#4941=CARTESIAN_POINT('',(0.07374,-0.045,-0.009));
#4942=CARTESIAN_POINT('',(0.07374,-0.045,-0.009));
#4943=CARTESIAN_POINT('',(0.07374,-0.045,0.00814856009402606));
#4944=CARTESIAN_POINT('',(0.0342821240508465,-0.045,0.00436952743854442));
#4945=CARTESIAN_POINT('',(0.00332,-0.043,-0.006));
#4946=CARTESIAN_POINT('',(0.00396025533843441,-0.043,0.0014654853611885));
#4947=CARTESIAN_POINT('',(-0.0059,-0.043,0.000521130754687428));
#4948=CARTESIAN_POINT('',(0.07374,-0.043,0.00814856009402606));
#4949=CARTESIAN_POINT('',(0.07374,-0.043,-0.009));
#4950=CARTESIAN_POINT('',(0.07374,-0.043,-0.009));
#4951=CARTESIAN_POINT('',(0.03392,-0.043,-0.009));
#4952=CARTESIAN_POINT('',(-0.0059,-0.043,-0.009));
#4953=CARTESIAN_POINT('',(-0.0059,-0.043,-0.009));
#4954=CARTESIAN_POINT('',(0.0348111114005986,0.0125,0.00442019059313556));
#4955=CARTESIAN_POINT('',(0.07374,0.,0.00814856009402606));
#4956=CARTESIAN_POINT('',(-0.0059,1.68597108669984E-18,0.000521130754687429));
#4957=CARTESIAN_POINT('',(0.03392,0.,-0.009));
#4958=CARTESIAN_POINT('',(-0.0059,1.7347234759768E-18,-0.009));
#4959=CARTESIAN_POINT('',(0.07374,0.,-0.009));
#4960=CARTESIAN_POINT('',(0.07374,0.,-0.009));
#4961=CARTESIAN_POINT('',(-0.0059,1.7347234759768E-18,-0.009));
#4962=MECHANICAL_DESIGN_GEOMETRIC_PRESENTATION_REPRESENTATION('',(#2675),
#4965);
#4963=MECHANICAL_DESIGN_GEOMETRIC_PRESENTATION_REPRESENTATION('',(#2676),
#4966);
#4964=MECHANICAL_DESIGN_GEOMETRIC_PRESENTATION_REPRESENTATION('',(#2677),
#4967);
#4965=(
GEOMETRIC_REPRESENTATION_CONTEXT(3)
GLOBAL_UNCERTAINTY_ASSIGNED_CONTEXT((#4968))
GLOBAL_UNIT_ASSIGNED_CONTEXT((#4977,#4974,#4971))
REPRESENTATION_CONTEXT('Finger mold - main','TOP_LEVEL_ASSEMBLY_PART')
);
#4966=(
GEOMETRIC_REPRESENTATION_CONTEXT(3)
GLOBAL_UNCERTAINTY_ASSIGNED_CONTEXT((#4969))
GLOBAL_UNIT_ASSIGNED_CONTEXT((#4978,#4975,#4972))
REPRESENTATION_CONTEXT('Finger mold - side','TOP_LEVEL_ASSEMBLY_PART')
);
#4967=(
GEOMETRIC_REPRESENTATION_CONTEXT(3)
GLOBAL_UNCERTAINTY_ASSIGNED_CONTEXT((#4970))
GLOBAL_UNIT_ASSIGNED_CONTEXT((#4979,#4976,#4973))
REPRESENTATION_CONTEXT('Finger mold - side','TOP_LEVEL_ASSEMBLY_PART')
);
#4968=UNCERTAINTY_MEASURE_WITH_UNIT(LENGTH_MEASURE(2.E-5),#4977,
'DISTANCE_ACCURACY_VALUE','Maximum Tolerance applied to model');
#4969=UNCERTAINTY_MEASURE_WITH_UNIT(LENGTH_MEASURE(1.E-8),#4978,
'DISTANCE_ACCURACY_VALUE','Maximum Tolerance applied to model');
#4970=UNCERTAINTY_MEASURE_WITH_UNIT(LENGTH_MEASURE(1.E-8),#4979,
'DISTANCE_ACCURACY_VALUE','Maximum Tolerance applied to model');
#4971=(
NAMED_UNIT(*)
SI_UNIT($,.STERADIAN.)
SOLID_ANGLE_UNIT()
);
#4972=(
NAMED_UNIT(*)
SI_UNIT($,.STERADIAN.)
SOLID_ANGLE_UNIT()
);
#4973=(
NAMED_UNIT(*)
SI_UNIT($,.STERADIAN.)
SOLID_ANGLE_UNIT()
);
#4974=(
NAMED_UNIT(*)
PLANE_ANGLE_UNIT()
SI_UNIT($,.RADIAN.)
);
#4975=(
NAMED_UNIT(*)
PLANE_ANGLE_UNIT()
SI_UNIT($,.RADIAN.)
);
#4976=(
NAMED_UNIT(*)
PLANE_ANGLE_UNIT()
SI_UNIT($,.RADIAN.)
);
#4977=(
LENGTH_UNIT()
NAMED_UNIT(*)
SI_UNIT($,.METRE.)
);
#4978=(
LENGTH_UNIT()
NAMED_UNIT(*)
SI_UNIT($,.METRE.)
);
#4979=(
LENGTH_UNIT()
NAMED_UNIT(*)
SI_UNIT($,.METRE.)
);
#4980=PRODUCT_DEFINITION_SHAPE('','',#4983);
#4981=PRODUCT_DEFINITION_SHAPE('','',#4984);
#4982=PRODUCT_DEFINITION_SHAPE('','',#4985);
#4983=PRODUCT_DEFINITION('','',#4989,#4986);
#4984=PRODUCT_DEFINITION('','',#4990,#4987);
#4985=PRODUCT_DEFINITION('','',#4991,#4988);
#4986=PRODUCT_DEFINITION_CONTEXT('',#5007,'design');
#4987=PRODUCT_DEFINITION_CONTEXT('',#5008,'design');
#4988=PRODUCT_DEFINITION_CONTEXT('',#5009,'design');
#4989=PRODUCT_DEFINITION_FORMATION_WITH_SPECIFIED_SOURCE('','',#4995,
 .NOT_KNOWN.);
#4990=PRODUCT_DEFINITION_FORMATION_WITH_SPECIFIED_SOURCE('','',#4996,
 .NOT_KNOWN.);
#4991=PRODUCT_DEFINITION_FORMATION_WITH_SPECIFIED_SOURCE('','',#4997,
 .NOT_KNOWN.);
#4992=PRODUCT_RELATED_PRODUCT_CATEGORY('','',(#4995));
#4993=PRODUCT_RELATED_PRODUCT_CATEGORY('','',(#4996));
#4994=PRODUCT_RELATED_PRODUCT_CATEGORY('','',(#4997));
#4995=PRODUCT('Finger mold - main','Finger mold - main',
'Finger mold - main',(#5001));
#4996=PRODUCT('Finger mold - side','Finger mold - side',
'Finger mold - side',(#5002));
#4997=PRODUCT('Finger mold - side','Finger mold - side',
'Finger mold - side',(#5003));
#4998=PRODUCT_CATEGORY('','');
#4999=PRODUCT_CATEGORY('','');
#5000=PRODUCT_CATEGORY('','');
#5001=PRODUCT_CONTEXT('',#5007,'mechanical');
#5002=PRODUCT_CONTEXT('',#5008,'mechanical');
#5003=PRODUCT_CONTEXT('',#5009,'mechanical');
#5004=APPLICATION_PROTOCOL_DEFINITION('international standard',
'ap242_managed_model_based_3d_engineering',2020,#5007);
#5005=APPLICATION_PROTOCOL_DEFINITION('international standard',
'ap242_managed_model_based_3d_engineering',2020,#5008);
#5006=APPLICATION_PROTOCOL_DEFINITION('international standard',
'ap242_managed_model_based_3d_engineering',2020,#5009);
#5007=APPLICATION_CONTEXT('managed model based 3d engineering');
#5008=APPLICATION_CONTEXT('managed model based 3d engineering');
#5009=APPLICATION_CONTEXT('managed model based 3d engineering');
ENDSEC;
END-ISO-10303-21;
