ISO-10303-21;
HEADER;
/* Generated by software containing ST-Developer
 * from STEP Tools, Inc. (www.steptools.com) 
 */
/* OPTION: using custom renumber hook */

FILE_DESCRIPTION(
/* description */ ('STEP AP242 Edition 2',
'CAx-IF Rec.Pracs.---Representation and Presentation of Product Manufa
cturing Information (PMI)---4.0---2014-10-13',
'CAx-IF Rec.Pracs.---3D Tessellated Geometry---0.4---2014-09-14','2;1',
'CAx-IF Rec.Pracs.---User Defined Attributes---1.5---2016-08-15'),
/* implementation_level */ '2;1');

FILE_NAME(
/* name */ '695a8966b345b5e24a320ccf',
/* time_stamp */ '2026-01-04T15:38:15Z',
/* author */ (''),
/* organization */ (''),
/* preprocessor_version */ 'ST-DEVELOPER v20',
/* originating_system */ 'ONSHAPE BY PTC INC, 1.208',
/* authorisation */ '  ');

FILE_SCHEMA (('AP242_MANAGED_MODEL_BASED_3D_ENGINEERING_MIM_LF { 1 0 10303 442 3 1 4 }'));
ENDSEC;

DATA;
#10=SHAPE_REPRESENTATION_RELATIONSHIP('','',#1003,#11);
#11=ADVANCED_BREP_SHAPE_REPRESENTATION('',(#1001),#2077);
#12=DEGENERATE_TOROIDAL_SURFACE('',#1047,0.001,0.002,.T.);
#13=DEGENERATE_TOROIDAL_SURFACE('',#1057,0.001,0.002,.T.);
#14=(
BOUNDED_SURFACE()
B_SPLINE_SURFACE(3,2,((#1548,#1549,#1550),(#1551,#1552,#1553),(#1554,#1555,
#1556),(#1557,#1558,#1559),(#1560,#1561,#1562),(#1563,#1564,#1565),(#1566,
#1567,#1568),(#1569,#1570,#1571),(#1572,#1573,#1574),(#1575,#1576,#1577),
(#1578,#1579,#1580)),.UNSPECIFIED.,.F.,.F.,.F.)
B_SPLINE_SURFACE_WITH_KNOTS((4,1,1,1,1,1,1,1,4),(3,3),(0.0155649249078123,
0.016879488522746,0.0181940521376798,0.0195086157526136,0.0208231793675473,
0.0221377429824811,0.0234523065974149,0.0247668702123486,0.0260814338272824),
(0.,1.),.UNSPECIFIED.)
GEOMETRIC_REPRESENTATION_ITEM()
RATIONAL_B_SPLINE_SURFACE(((1.,0.707106781186548,1.),(1.,0.707106780879948,
1.),(1.,0.734849522618621,1.),(1.,0.816764105615007,1.),(1.,0.88782681013572,
1.),(1.,0.918751261395708,1.),(1.,0.886930330101422,1.),(1.,0.815547252434819,
1.),(1.,0.734487340717651,1.),(1.,0.707106781709163,1.),(1.,0.707106781186548,
1.)))
REPRESENTATION_ITEM('')
SURFACE()
);
#15=(
BOUNDED_SURFACE()
B_SPLINE_SURFACE(3,2,((#1603,#1604,#1605),(#1606,#1607,#1608),(#1609,#1610,
#1611),(#1612,#1613,#1614),(#1615,#1616,#1617),(#1618,#1619,#1620),(#1621,
#1622,#1623),(#1624,#1625,#1626),(#1627,#1628,#1629),(#1630,#1631,#1632),
(#1633,#1634,#1635)),.UNSPECIFIED.,.F.,.F.,.F.)
B_SPLINE_SURFACE_WITH_KNOTS((4,1,1,1,1,1,1,1,4),(3,3),(0.00889238247746472,
0.00958190564752388,0.010271428817583,0.0109609519876422,0.0116504751577014,
0.0123399983277605,0.0130295214978197,0.0137190446678789,0.014408567837938),
(0.,1.),.UNSPECIFIED.)
GEOMETRIC_REPRESENTATION_ITEM()
RATIONAL_B_SPLINE_SURFACE(((1.,0.707106781186548,1.),(1.,0.707106780194537,
1.),(1.,0.692042046886704,1.),(1.,0.635664038860665,1.),(1.,0.572692814792285,
1.),(1.,0.542779214215866,1.),(1.,0.572815222008646,1.),(1.,0.635850058018176,
1.),(1.,0.692046354959414,1.),(1.,0.707106779624849,1.),(1.,0.707106781186548,
1.)))
REPRESENTATION_ITEM('')
SURFACE()
);
#16=(
BOUNDED_SURFACE()
B_SPLINE_SURFACE(3,2,((#1647,#1648,#1649),(#1650,#1651,#1652),(#1653,#1654,
#1655),(#1656,#1657,#1658),(#1659,#1660,#1661),(#1662,#1663,#1664),(#1665,
#1666,#1667),(#1668,#1669,#1670)),.UNSPECIFIED.,.F.,.F.,.F.)
B_SPLINE_SURFACE_WITH_KNOTS((4,1,1,1,1,4),(3,3),(6.93889390390723E-18,0.00156900402563079,
0.00313800805126157,0.00470701207689235,0.00549151408970774,0.00627601610252313),
(0.,1.),.UNSPECIFIED.)
GEOMETRIC_REPRESENTATION_ITEM()
RATIONAL_B_SPLINE_SURFACE(((1.,0.891196257415149,1.),(1.,0.908110435549095,
1.),(1.,0.916931582089689,1.),(1.,0.848252079574751,1.),(1.,0.764775082601259,
1.),(1.,0.716435714094561,1.),(1.,0.707106781160262,1.),(1.,0.707106781186548,
1.)))
REPRESENTATION_ITEM('')
SURFACE()
);
#17=(
BOUNDED_SURFACE()
B_SPLINE_SURFACE(3,2,((#1693,#1694,#1695),(#1696,#1697,#1698),(#1699,#1700,
#1701),(#1702,#1703,#1704),(#1705,#1706,#1707)),.UNSPECIFIED.,.F.,.F.,.F.)
B_SPLINE_SURFACE_WITH_KNOTS((4,1,4),(3,3),(1.95156391047391E-18,0.00204894170992549,
0.00409788341985097),(0.,1.),.UNSPECIFIED.)
GEOMETRIC_REPRESENTATION_ITEM()
RATIONAL_B_SPLINE_SURFACE(((1.,0.891196257415149,1.),(1.,0.882903062135123,
1.),(1.,0.877221676547953,1.),(1.,0.883883476414775,1.),(1.,0.883883476483183,
1.)))
REPRESENTATION_ITEM('')
SURFACE()
);
#18=(
BOUNDED_SURFACE()
B_SPLINE_SURFACE(3,2,((#1729,#1730,#1731),(#1732,#1733,#1734),(#1735,#1736,
#1737),(#1738,#1739,#1740),(#1741,#1742,#1743),(#1744,#1745,#1746),(#1747,
#1748,#1749),(#1750,#1751,#1752),(#1753,#1754,#1755),(#1756,#1757,#1758),
(#1759,#1760,#1761)),.UNSPECIFIED.,.F.,.F.,.F.)
B_SPLINE_SURFACE_WITH_KNOTS((4,1,1,1,1,1,1,1,4),(3,3),(0.00829884604317316,
0.00898994794929422,0.00968104985541529,0.0103721517615364,0.0110632536676574,
0.0117543555737785,0.0124454574798996,0.0131365593860206,0.0138276612921417),
(0.,1.),.UNSPECIFIED.)
GEOMETRIC_REPRESENTATION_ITEM()
RATIONAL_B_SPLINE_SURFACE(((1.,0.707106781186547,1.),(1.,0.707106780043065,
1.),(1.,0.692038900730327,1.),(1.,0.635668102237917,1.),(1.,0.572717274449774,
1.),(1.,0.54276852151408,1.),(1.,0.572833551864911,1.),(1.,0.635869576461803,
1.),(1.,0.692054472570893,1.),(1.,0.707106779783461,1.),(1.,0.707106781186548,
1.)))
REPRESENTATION_ITEM('')
SURFACE()
);
#19=(
BOUNDED_SURFACE()
B_SPLINE_SURFACE(3,2,((#1783,#1784,#1785),(#1786,#1787,#1788),(#1789,#1790,
#1791),(#1792,#1793,#1794),(#1795,#1796,#1797),(#1798,#1799,#1800),(#1801,
#1802,#1803),(#1804,#1805,#1806)),.UNSPECIFIED.,.F.,.F.,.F.)
B_SPLINE_SURFACE_WITH_KNOTS((4,1,1,1,1,4),(3,3),(0.00627601610252312,0.00705975623615107,
0.00784349636977902,0.00941097663703492,0.0109784569042908,0.0125459371715467),
(0.,1.),.UNSPECIFIED.)
GEOMETRIC_REPRESENTATION_ITEM()
RATIONAL_B_SPLINE_SURFACE(((1.,0.707106781186548,1.),(1.,0.707106781213792,
1.),(1.,0.716405917550428,1.),(1.,0.764730703452925,1.),(1.,0.848379821800733,
1.),(1.,0.916860839597365,1.),(1.,0.908116582155415,1.),(1.,0.891196257415149,
1.)))
REPRESENTATION_ITEM('')
SURFACE()
);
#20=(
BOUNDED_SURFACE()
B_SPLINE_SURFACE(3,2,((#1832,#1833,#1834),(#1835,#1836,#1837),(#1838,#1839,
#1840),(#1841,#1842,#1843),(#1844,#1845,#1846)),.UNSPECIFIED.,.F.,.F.,.F.)
B_SPLINE_SURFACE_WITH_KNOTS((4,1,4),(3,3),(0.00409788341985097,0.00614393517606987,
0.00818998693228877),(0.,1.),.UNSPECIFIED.)
GEOMETRIC_REPRESENTATION_ITEM()
RATIONAL_B_SPLINE_SURFACE(((1.,0.883883476483183,1.),(1.,0.883883476552636,
1.),(1.,0.877219938402305,1.),(1.,0.882913826617346,1.),(1.,0.891196257415149,
1.)))
REPRESENTATION_ITEM('')
SURFACE()
);
#21=(
BOUNDED_SURFACE()
B_SPLINE_SURFACE(3,2,((#1868,#1869,#1870),(#1871,#1872,#1873),(#1874,#1875,
#1876),(#1877,#1878,#1879),(#1880,#1881,#1882),(#1883,#1884,#1885),(#1886,
#1887,#1888),(#1889,#1890,#1891),(#1892,#1893,#1894),(#1895,#1896,#1897),
(#1898,#1899,#1900)),.UNSPECIFIED.,.F.,.F.,.F.)
B_SPLINE_SURFACE_WITH_KNOTS((4,1,1,1,1,1,1,1,4),(3,3),(0.00889238247746472,
0.00958190564752387,0.010271428817583,0.0109609519876422,0.0116504751577013,
0.0123399983277605,0.0130295214978197,0.0137190446678788,0.014408567837938),
(0.,1.),.UNSPECIFIED.)
GEOMETRIC_REPRESENTATION_ITEM()
RATIONAL_B_SPLINE_SURFACE(((1.,0.707106781186548,1.),(1.,0.707106780194525,
1.),(1.,0.692042046886709,1.),(1.,0.635664038860665,1.),(1.,0.572692814792285,
1.),(1.,0.542779214215869,1.),(1.,0.572815222008634,1.),(1.,0.635850058018212,
1.),(1.,0.692046354959261,1.),(1.,0.70710677962517,1.),(1.,0.707106781186548,
1.)))
REPRESENTATION_ITEM('')
SURFACE()
);
#22=TOROIDAL_SURFACE('',#1015,0.0035,0.002);
#23=TOROIDAL_SURFACE('',#1020,0.0065,0.0005);
#24=TOROIDAL_SURFACE('',#1025,0.0055,0.0005);
#25=TOROIDAL_SURFACE('',#1030,0.0055,0.0005);
#26=TOROIDAL_SURFACE('',#1034,0.0065,0.0005);
#27=TOROIDAL_SURFACE('',#1038,0.0055,0.0005);
#28=TOROIDAL_SURFACE('',#1068,0.0055,0.0005);
#29=TOROIDAL_SURFACE('',#1075,0.0035,0.002);
#30=TOROIDAL_SURFACE('',#1081,0.0065,0.0005);
#31=TOROIDAL_SURFACE('',#1087,0.0065,0.0005);
#32=TOROIDAL_SURFACE('',#1094,0.0055,0.0005);
#33=TOROIDAL_SURFACE('',#1100,0.0065,0.0005);
#34=TOROIDAL_SURFACE('',#1106,0.0065,0.0005);
#35=TOROIDAL_SURFACE('',#1113,0.0055,0.0005);
#36=TOROIDAL_SURFACE('',#1118,0.0065,0.0005);
#37=TOROIDAL_SURFACE('',#1126,0.0065,0.0005);
#38=B_SPLINE_CURVE_WITH_KNOTS('',3,(#1486,#1487,#1488,#1489,#1490),
 .UNSPECIFIED.,.F.,.F.,(4,1,4),(0.00726888692527632,0.00810534935638081,
0.0089418117874853),.UNSPECIFIED.);
#39=B_SPLINE_CURVE_WITH_KNOTS('',3,(#1493,#1494,#1495,#1496,#1497,#1498,
#1499),.UNSPECIFIED.,.F.,.F.,(4,1,1,1,4),(0.00846684602056369,0.00894929275029317,
0.00943173948002264,0.00991418620975212,0.0103966329394816),
 .UNSPECIFIED.);
#40=B_SPLINE_CURVE_WITH_KNOTS('',3,(#1581,#1582,#1583,#1584),
 .UNSPECIFIED.,.F.,.F.,(4,4),(0.001217411266138,0.00244641394121432),
 .UNSPECIFIED.);
#41=B_SPLINE_CURVE_WITH_KNOTS('',3,(#1588,#1589,#1590,#1591,#1592,#1593,
#1594,#1595,#1596,#1597,#1598),.UNSPECIFIED.,.F.,.F.,(4,1,1,1,1,1,1,1,4),
(0.0127171801860343,0.0137770229003736,0.014836865614713,0.0158967083290524,
0.0169565510433918,0.0180163937577312,0.0190762364720706,0.02013607918641,
0.0211959219007494),.UNSPECIFIED.);
#42=B_SPLINE_CURVE_WITH_KNOTS('',3,(#1599,#1600,#1601,#1602),
 .UNSPECIFIED.,.F.,.F.,(4,4),(-1.38618368261131E-5,0.00121741126613811),
 .UNSPECIFIED.);
#43=B_SPLINE_CURVE_WITH_KNOTS('',3,(#1636,#1637,#1638,#1639,#1640,#1641,
#1642,#1643,#1644),.UNSPECIFIED.,.F.,.F.,(4,1,1,1,1,1,4),(0.00876468605027019,
0.0102251168930269,0.0109553323144053,0.0116855477357836,0.012415763157162,
0.0131459785785404,0.0146064094212971),.UNSPECIFIED.);
#44=B_SPLINE_CURVE_WITH_KNOTS('',3,(#1671,#1672,#1673,#1674),
 .UNSPECIFIED.,.F.,.F.,(4,4),(0.00121741126613831,0.00244641394120862),
 .UNSPECIFIED.);
#45=B_SPLINE_CURVE_WITH_KNOTS('',3,(#1676,#1677,#1678,#1679,#1680,#1681,
#1682,#1683),.UNSPECIFIED.,.F.,.F.,(4,1,1,1,1,4),(0.,0.00130555995650742,
0.00261111991301483,0.00391667986952225,0.00456945984777596,0.00522223982602966),
 .UNSPECIFIED.);
#46=B_SPLINE_CURVE_WITH_KNOTS('',3,(#1687,#1688,#1689,#1690,#1691,#1692),
 .UNSPECIFIED.,.F.,.F.,(4,1,1,4),(0.00419170086025537,0.00488837003811938,
0.00523670462705138,0.00558503921598339),.UNSPECIFIED.);
#47=B_SPLINE_CURVE_WITH_KNOTS('',3,(#1708,#1709,#1710,#1711,#1712),
 .UNSPECIFIED.,.F.,.F.,(4,1,4),(0.00234254128445226,0.00351533316036718,
0.0046881250362821),.UNSPECIFIED.);
#48=B_SPLINE_CURVE_WITH_KNOTS('',3,(#1716,#1717,#1718,#1719,#1720),
 .UNSPECIFIED.,.F.,.F.,(4,1,4),(0.,0.000816130930241142,0.00163226186048228),
 .UNSPECIFIED.);
#49=B_SPLINE_CURVE_WITH_KNOTS('',3,(#1762,#1763,#1764,#1765,#1766,#1767,
#1768),.UNSPECIFIED.,.F.,.F.,(4,1,1,1,4),(0.0060776014395604,0.00679353199180155,
0.00750946254404271,0.00822539309628386,0.00894132364852502),
 .UNSPECIFIED.);
#50=B_SPLINE_CURVE_WITH_KNOTS('',3,(#1772,#1773,#1774,#1775,#1776,#1777,
#1778,#1779,#1780),.UNSPECIFIED.,.F.,.F.,(4,1,1,1,1,1,4),(0.00875501059909463,
0.0102139743104858,0.0109434561661814,0.011672938021877,0.0124024198775726,
0.0131319017332682,0.0145908654446594),.UNSPECIFIED.);
#51=B_SPLINE_CURVE_WITH_KNOTS('',3,(#1807,#1808,#1809,#1810,#1811,#1812,
#1813,#1814),.UNSPECIFIED.,.F.,.F.,(4,1,1,1,1,4),(0.00522223982602966,0.00587486093600343,
0.00652748204597719,0.00783272426592472,0.00913796648587225,0.0104432087058198),
 .UNSPECIFIED.);
#52=B_SPLINE_CURVE_WITH_KNOTS('',3,(#1819,#1820,#1821,#1822),
 .UNSPECIFIED.,.F.,.F.,(4,4),(-1.38618368261147E-5,0.00121741126613829),
 .UNSPECIFIED.);
#53=B_SPLINE_CURVE_WITH_KNOTS('',3,(#1824,#1825,#1826,#1827,#1828,#1829),
 .UNSPECIFIED.,.F.,.F.,(4,1,1,4),(0.,0.00034681185653064,0.000693623713061281,
0.00138724742612256),.UNSPECIFIED.);
#54=B_SPLINE_CURVE_WITH_KNOTS('',3,(#1847,#1848,#1849,#1850,#1851),
 .UNSPECIFIED.,.F.,.F.,(4,1,4),(0.00163226186048229,0.00244705677215751,
0.00326185168383274),.UNSPECIFIED.);
#55=B_SPLINE_CURVE_WITH_KNOTS('',3,(#1855,#1856,#1857,#1858,#1859),
 .UNSPECIFIED.,.F.,.F.,(4,1,4),(0.,0.00117127064221769,0.00234254128443537),
 .UNSPECIFIED.);
#56=B_SPLINE_CURVE_WITH_KNOTS('',3,(#1903,#1904,#1905,#1906,#1907,#1908,
#1909,#1910,#1911),.UNSPECIFIED.,.F.,.F.,(4,1,1,1,1,1,4),(0.00876468605026997,
0.0102251168930267,0.0109553323144051,0.0116855477357835,0.0124157631571619,
0.0131459785785403,0.0146064094212971),.UNSPECIFIED.);
#57=B_SPLINE_CURVE_WITH_KNOTS('',3,(#1915,#1916,#1917,#1918,#1919,#1920,
#1921),.UNSPECIFIED.,.F.,.F.,(4,1,1,1,4),(0.00726888692527663,0.00798434504325124,
0.00869980316122584,0.00941526127920045,0.0101307193971751),
 .UNSPECIFIED.);
#58=CYLINDRICAL_SURFACE('',#1014,0.00125);
#59=CYLINDRICAL_SURFACE('',#1065,0.003);
#60=CYLINDRICAL_SURFACE('',#1066,0.00125);
#61=CYLINDRICAL_SURFACE('',#1067,0.00125);
#62=CYLINDRICAL_SURFACE('',#1080,0.0015);
#63=CYLINDRICAL_SURFACE('',#1092,0.007);
#64=CYLINDRICAL_SURFACE('',#1099,0.005);
#65=CYLINDRICAL_SURFACE('',#1111,0.007);
#66=CYLINDRICAL_SURFACE('',#1117,0.005);
#67=CYLINDRICAL_SURFACE('',#1123,0.007);
#68=CYLINDRICAL_SURFACE('',#1125,0.005);
#69=CYLINDRICAL_SURFACE('',#1132,0.007);
#70=CYLINDRICAL_SURFACE('',#1134,0.0015);
#71=LINE('',#1460,#117);
#72=LINE('',#1464,#118);
#73=LINE('',#1468,#119);
#74=LINE('',#1474,#120);
#75=LINE('',#1480,#121);
#76=LINE('',#1484,#122);
#77=LINE('',#1782,#123);
#78=LINE('',#1923,#124);
#79=LINE('',#1925,#125);
#80=LINE('',#1926,#126);
#81=LINE('',#1928,#127);
#82=LINE('',#1930,#128);
#83=LINE('',#1941,#129);
#84=LINE('',#1955,#130);
#85=LINE('',#1956,#131);
#86=LINE('',#1967,#132);
#87=LINE('',#1968,#133);
#88=LINE('',#1979,#134);
#89=LINE('',#1980,#135);
#90=LINE('',#1982,#136);
#91=LINE('',#1983,#137);
#92=LINE('',#1994,#138);
#93=LINE('',#1995,#139);
#94=LINE('',#1996,#140);
#95=LINE('',#2007,#141);
#96=LINE('',#2008,#142);
#97=LINE('',#2019,#143);
#98=LINE('',#2020,#144);
#99=LINE('',#2022,#145);
#100=LINE('',#2023,#146);
#101=LINE('',#2031,#147);
#102=LINE('',#2032,#148);
#103=LINE('',#2040,#149);
#104=LINE('',#2042,#150);
#105=LINE('',#2044,#151);
#106=LINE('',#2046,#152);
#107=LINE('',#2047,#153);
#108=LINE('',#2058,#154);
#109=LINE('',#2059,#155);
#110=LINE('',#2061,#156);
#111=LINE('',#2062,#157);
#112=LINE('',#2064,#158);
#113=LINE('',#2065,#159);
#114=LINE('',#2067,#160);
#115=LINE('',#2071,#161);
#116=LINE('',#2073,#162);
#117=VECTOR('',#1145,1.);
#118=VECTOR('',#1148,1.);
#119=VECTOR('',#1151,1.);
#120=VECTOR('',#1156,1.);
#121=VECTOR('',#1161,1.);
#122=VECTOR('',#1164,1.);
#123=VECTOR('',#1245,1.);
#124=VECTOR('',#1268,1.);
#125=VECTOR('',#1271,1.);
#126=VECTOR('',#1272,1.);
#127=VECTOR('',#1275,1.);
#128=VECTOR('',#1278,1.);
#129=VECTOR('',#1291,1.);
#130=VECTOR('',#1306,1.);
#131=VECTOR('',#1307,1.);
#132=VECTOR('',#1320,1.);
#133=VECTOR('',#1321,1.);
#134=VECTOR('',#1334,1.);
#135=VECTOR('',#1335,1.);
#136=VECTOR('',#1338,1.);
#137=VECTOR('',#1339,1.);
#138=VECTOR('',#1352,1.);
#139=VECTOR('',#1353,1.);
#140=VECTOR('',#1354,1.);
#141=VECTOR('',#1367,1.);
#142=VECTOR('',#1368,1.);
#143=VECTOR('',#1381,1.);
#144=VECTOR('',#1382,1.);
#145=VECTOR('',#1385,1.);
#146=VECTOR('',#1386,1.);
#147=VECTOR('',#1397,1.);
#148=VECTOR('',#1398,1.);
#149=VECTOR('',#1409,1.);
#150=VECTOR('',#1412,1.);
#151=VECTOR('',#1415,1.);
#152=VECTOR('',#1418,1.);
#153=VECTOR('',#1419,1.);
#154=VECTOR('',#1432,1.);
#155=VECTOR('',#1433,1.);
#156=VECTOR('',#1436,1.);
#157=VECTOR('',#1437,1.);
#158=VECTOR('',#1440,1.);
#159=VECTOR('',#1441,1.);
#160=VECTOR('',#1444,1.);
#161=VECTOR('',#1447,1.);
#162=VECTOR('',#1450,1.);
#163=ORIENTED_EDGE('',*,*,#471,.F.);
#164=ORIENTED_EDGE('',*,*,#472,.F.);
#165=ORIENTED_EDGE('',*,*,#473,.F.);
#166=ORIENTED_EDGE('',*,*,#474,.T.);
#167=ORIENTED_EDGE('',*,*,#475,.T.);
#168=ORIENTED_EDGE('',*,*,#476,.T.);
#169=ORIENTED_EDGE('',*,*,#477,.F.);
#170=ORIENTED_EDGE('',*,*,#478,.F.);
#171=ORIENTED_EDGE('',*,*,#479,.T.);
#172=ORIENTED_EDGE('',*,*,#480,.F.);
#173=ORIENTED_EDGE('',*,*,#481,.F.);
#174=ORIENTED_EDGE('',*,*,#482,.F.);
#175=ORIENTED_EDGE('',*,*,#483,.T.);
#176=ORIENTED_EDGE('',*,*,#484,.F.);
#177=ORIENTED_EDGE('',*,*,#485,.T.);
#178=ORIENTED_EDGE('',*,*,#486,.T.);
#179=ORIENTED_EDGE('',*,*,#487,.F.);
#180=ORIENTED_EDGE('',*,*,#488,.F.);
#181=ORIENTED_EDGE('',*,*,#489,.F.);
#182=ORIENTED_EDGE('',*,*,#490,.F.);
#183=ORIENTED_EDGE('',*,*,#491,.F.);
#184=ORIENTED_EDGE('',*,*,#492,.T.);
#185=ORIENTED_EDGE('',*,*,#493,.F.);
#186=ORIENTED_EDGE('',*,*,#494,.T.);
#187=ORIENTED_EDGE('',*,*,#495,.F.);
#188=ORIENTED_EDGE('',*,*,#496,.F.);
#189=ORIENTED_EDGE('',*,*,#497,.F.);
#190=ORIENTED_EDGE('',*,*,#498,.F.);
#191=ORIENTED_EDGE('',*,*,#499,.F.);
#192=ORIENTED_EDGE('',*,*,#500,.F.);
#193=ORIENTED_EDGE('',*,*,#483,.F.);
#194=ORIENTED_EDGE('',*,*,#501,.F.);
#195=ORIENTED_EDGE('',*,*,#502,.F.);
#196=ORIENTED_EDGE('',*,*,#503,.T.);
#197=ORIENTED_EDGE('',*,*,#504,.F.);
#198=ORIENTED_EDGE('',*,*,#471,.T.);
#199=ORIENTED_EDGE('',*,*,#505,.F.);
#200=ORIENTED_EDGE('',*,*,#506,.F.);
#201=ORIENTED_EDGE('',*,*,#507,.F.);
#202=ORIENTED_EDGE('',*,*,#508,.F.);
#203=ORIENTED_EDGE('',*,*,#509,.F.);
#204=ORIENTED_EDGE('',*,*,#510,.T.);
#205=ORIENTED_EDGE('',*,*,#511,.F.);
#206=ORIENTED_EDGE('',*,*,#478,.T.);
#207=ORIENTED_EDGE('',*,*,#512,.F.);
#208=ORIENTED_EDGE('',*,*,#486,.F.);
#209=ORIENTED_EDGE('',*,*,#512,.T.);
#210=ORIENTED_EDGE('',*,*,#477,.T.);
#211=ORIENTED_EDGE('',*,*,#513,.F.);
#212=ORIENTED_EDGE('',*,*,#514,.T.);
#213=ORIENTED_EDGE('',*,*,#509,.T.);
#214=ORIENTED_EDGE('',*,*,#485,.F.);
#215=ORIENTED_EDGE('',*,*,#515,.F.);
#216=ORIENTED_EDGE('',*,*,#480,.T.);
#217=ORIENTED_EDGE('',*,*,#516,.F.);
#218=ORIENTED_EDGE('',*,*,#517,.T.);
#219=ORIENTED_EDGE('',*,*,#518,.F.);
#220=ORIENTED_EDGE('',*,*,#519,.F.);
#221=ORIENTED_EDGE('',*,*,#520,.T.);
#222=ORIENTED_EDGE('',*,*,#521,.F.);
#223=ORIENTED_EDGE('',*,*,#517,.F.);
#224=ORIENTED_EDGE('',*,*,#522,.F.);
#225=ORIENTED_EDGE('',*,*,#523,.F.);
#226=ORIENTED_EDGE('',*,*,#524,.F.);
#227=ORIENTED_EDGE('',*,*,#519,.T.);
#228=ORIENTED_EDGE('',*,*,#525,.F.);
#229=ORIENTED_EDGE('',*,*,#526,.F.);
#230=ORIENTED_EDGE('',*,*,#527,.T.);
#231=ORIENTED_EDGE('',*,*,#528,.F.);
#232=ORIENTED_EDGE('',*,*,#481,.T.);
#233=ORIENTED_EDGE('',*,*,#515,.T.);
#234=ORIENTED_EDGE('',*,*,#529,.F.);
#235=ORIENTED_EDGE('',*,*,#523,.T.);
#236=ORIENTED_EDGE('',*,*,#530,.F.);
#237=ORIENTED_EDGE('',*,*,#531,.T.);
#238=ORIENTED_EDGE('',*,*,#532,.F.);
#239=ORIENTED_EDGE('',*,*,#533,.F.);
#240=ORIENTED_EDGE('',*,*,#534,.T.);
#241=ORIENTED_EDGE('',*,*,#535,.F.);
#242=ORIENTED_EDGE('',*,*,#536,.T.);
#243=ORIENTED_EDGE('',*,*,#537,.F.);
#244=ORIENTED_EDGE('',*,*,#534,.F.);
#245=ORIENTED_EDGE('',*,*,#538,.F.);
#246=ORIENTED_EDGE('',*,*,#539,.F.);
#247=ORIENTED_EDGE('',*,*,#540,.F.);
#248=ORIENTED_EDGE('',*,*,#541,.F.);
#249=ORIENTED_EDGE('',*,*,#537,.T.);
#250=ORIENTED_EDGE('',*,*,#532,.T.);
#251=ORIENTED_EDGE('',*,*,#542,.T.);
#252=ORIENTED_EDGE('',*,*,#543,.F.);
#253=ORIENTED_EDGE('',*,*,#544,.T.);
#254=ORIENTED_EDGE('',*,*,#545,.F.);
#255=ORIENTED_EDGE('',*,*,#546,.F.);
#256=ORIENTED_EDGE('',*,*,#539,.T.);
#257=ORIENTED_EDGE('',*,*,#547,.F.);
#258=ORIENTED_EDGE('',*,*,#530,.T.);
#259=ORIENTED_EDGE('',*,*,#541,.T.);
#260=ORIENTED_EDGE('',*,*,#548,.F.);
#261=ORIENTED_EDGE('',*,*,#525,.T.);
#262=ORIENTED_EDGE('',*,*,#516,.T.);
#263=ORIENTED_EDGE('',*,*,#479,.F.);
#264=ORIENTED_EDGE('',*,*,#511,.T.);
#265=ORIENTED_EDGE('',*,*,#549,.F.);
#266=ORIENTED_EDGE('',*,*,#535,.T.);
#267=ORIENTED_EDGE('',*,*,#533,.T.);
#268=ORIENTED_EDGE('',*,*,#545,.T.);
#269=ORIENTED_EDGE('',*,*,#550,.F.);
#270=ORIENTED_EDGE('',*,*,#526,.T.);
#271=ORIENTED_EDGE('',*,*,#518,.T.);
#272=ORIENTED_EDGE('',*,*,#521,.T.);
#273=ORIENTED_EDGE('',*,*,#551,.F.);
#274=ORIENTED_EDGE('',*,*,#552,.F.);
#275=ORIENTED_EDGE('',*,*,#553,.F.);
#276=ORIENTED_EDGE('',*,*,#554,.F.);
#277=ORIENTED_EDGE('',*,*,#555,.F.);
#278=ORIENTED_EDGE('',*,*,#556,.T.);
#279=ORIENTED_EDGE('',*,*,#557,.F.);
#280=ORIENTED_EDGE('',*,*,#558,.F.);
#281=ORIENTED_EDGE('',*,*,#559,.F.);
#282=ORIENTED_EDGE('',*,*,#560,.F.);
#283=ORIENTED_EDGE('',*,*,#561,.F.);
#284=ORIENTED_EDGE('',*,*,#558,.T.);
#285=ORIENTED_EDGE('',*,*,#562,.F.);
#286=ORIENTED_EDGE('',*,*,#556,.F.);
#287=ORIENTED_EDGE('',*,*,#563,.F.);
#288=ORIENTED_EDGE('',*,*,#564,.T.);
#289=ORIENTED_EDGE('',*,*,#565,.F.);
#290=ORIENTED_EDGE('',*,*,#566,.T.);
#291=ORIENTED_EDGE('',*,*,#567,.F.);
#292=ORIENTED_EDGE('',*,*,#565,.T.);
#293=ORIENTED_EDGE('',*,*,#568,.F.);
#294=ORIENTED_EDGE('',*,*,#560,.T.);
#295=ORIENTED_EDGE('',*,*,#569,.F.);
#296=ORIENTED_EDGE('',*,*,#570,.T.);
#297=ORIENTED_EDGE('',*,*,#571,.F.);
#298=ORIENTED_EDGE('',*,*,#572,.T.);
#299=ORIENTED_EDGE('',*,*,#573,.F.);
#300=ORIENTED_EDGE('',*,*,#569,.T.);
#301=ORIENTED_EDGE('',*,*,#574,.F.);
#302=ORIENTED_EDGE('',*,*,#563,.T.);
#303=ORIENTED_EDGE('',*,*,#575,.F.);
#304=ORIENTED_EDGE('',*,*,#571,.T.);
#305=ORIENTED_EDGE('',*,*,#576,.F.);
#306=ORIENTED_EDGE('',*,*,#554,.T.);
#307=ORIENTED_EDGE('',*,*,#577,.F.);
#308=ORIENTED_EDGE('',*,*,#578,.F.);
#309=ORIENTED_EDGE('',*,*,#579,.F.);
#310=ORIENTED_EDGE('',*,*,#580,.F.);
#311=ORIENTED_EDGE('',*,*,#581,.F.);
#312=ORIENTED_EDGE('',*,*,#578,.T.);
#313=ORIENTED_EDGE('',*,*,#582,.F.);
#314=ORIENTED_EDGE('',*,*,#552,.T.);
#315=ORIENTED_EDGE('',*,*,#583,.F.);
#316=ORIENTED_EDGE('',*,*,#543,.T.);
#317=ORIENTED_EDGE('',*,*,#584,.F.);
#318=ORIENTED_EDGE('',*,*,#585,.T.);
#319=ORIENTED_EDGE('',*,*,#586,.F.);
#320=ORIENTED_EDGE('',*,*,#587,.T.);
#321=ORIENTED_EDGE('',*,*,#588,.F.);
#322=ORIENTED_EDGE('',*,*,#586,.T.);
#323=ORIENTED_EDGE('',*,*,#589,.F.);
#324=ORIENTED_EDGE('',*,*,#580,.T.);
#325=ORIENTED_EDGE('',*,*,#590,.F.);
#326=ORIENTED_EDGE('',*,*,#591,.T.);
#327=ORIENTED_EDGE('',*,*,#592,.F.);
#328=ORIENTED_EDGE('',*,*,#593,.T.);
#329=ORIENTED_EDGE('',*,*,#594,.F.);
#330=ORIENTED_EDGE('',*,*,#590,.T.);
#331=ORIENTED_EDGE('',*,*,#595,.F.);
#332=ORIENTED_EDGE('',*,*,#584,.T.);
#333=ORIENTED_EDGE('',*,*,#596,.F.);
#334=ORIENTED_EDGE('',*,*,#592,.T.);
#335=ORIENTED_EDGE('',*,*,#597,.F.);
#336=ORIENTED_EDGE('',*,*,#508,.T.);
#337=ORIENTED_EDGE('',*,*,#598,.F.);
#338=ORIENTED_EDGE('',*,*,#599,.F.);
#339=ORIENTED_EDGE('',*,*,#475,.F.);
#340=ORIENTED_EDGE('',*,*,#600,.F.);
#341=ORIENTED_EDGE('',*,*,#476,.F.);
#342=ORIENTED_EDGE('',*,*,#599,.T.);
#343=ORIENTED_EDGE('',*,*,#601,.F.);
#344=ORIENTED_EDGE('',*,*,#506,.T.);
#345=ORIENTED_EDGE('',*,*,#602,.F.);
#346=ORIENTED_EDGE('',*,*,#513,.T.);
#347=ORIENTED_EDGE('',*,*,#603,.F.);
#348=ORIENTED_EDGE('',*,*,#604,.T.);
#349=ORIENTED_EDGE('',*,*,#605,.F.);
#350=ORIENTED_EDGE('',*,*,#473,.T.);
#351=ORIENTED_EDGE('',*,*,#474,.F.);
#352=ORIENTED_EDGE('',*,*,#605,.T.);
#353=ORIENTED_EDGE('',*,*,#606,.F.);
#354=ORIENTED_EDGE('',*,*,#600,.T.);
#355=ORIENTED_EDGE('',*,*,#603,.T.);
#356=ORIENTED_EDGE('',*,*,#472,.T.);
#357=ORIENTED_EDGE('',*,*,#504,.T.);
#358=ORIENTED_EDGE('',*,*,#607,.T.);
#359=ORIENTED_EDGE('',*,*,#502,.T.);
#360=ORIENTED_EDGE('',*,*,#484,.T.);
#361=ORIENTED_EDGE('',*,*,#500,.T.);
#362=ORIENTED_EDGE('',*,*,#608,.T.);
#363=ORIENTED_EDGE('',*,*,#501,.T.);
#364=ORIENTED_EDGE('',*,*,#482,.T.);
#365=ORIENTED_EDGE('',*,*,#528,.T.);
#366=ORIENTED_EDGE('',*,*,#609,.T.);
#367=ORIENTED_EDGE('',*,*,#498,.T.);
#368=ORIENTED_EDGE('',*,*,#610,.T.);
#369=ORIENTED_EDGE('',*,*,#611,.F.);
#370=ORIENTED_EDGE('',*,*,#612,.T.);
#371=ORIENTED_EDGE('',*,*,#613,.F.);
#372=ORIENTED_EDGE('',*,*,#614,.T.);
#373=ORIENTED_EDGE('',*,*,#611,.T.);
#374=ORIENTED_EDGE('',*,*,#615,.T.);
#375=ORIENTED_EDGE('',*,*,#496,.T.);
#376=ORIENTED_EDGE('',*,*,#616,.T.);
#377=ORIENTED_EDGE('',*,*,#613,.T.);
#378=ORIENTED_EDGE('',*,*,#617,.T.);
#379=ORIENTED_EDGE('',*,*,#491,.T.);
#380=ORIENTED_EDGE('',*,*,#618,.T.);
#381=ORIENTED_EDGE('',*,*,#619,.F.);
#382=ORIENTED_EDGE('',*,*,#493,.T.);
#383=ORIENTED_EDGE('',*,*,#620,.F.);
#384=ORIENTED_EDGE('',*,*,#490,.T.);
#385=ORIENTED_EDGE('',*,*,#621,.F.);
#386=ORIENTED_EDGE('',*,*,#622,.T.);
#387=ORIENTED_EDGE('',*,*,#623,.F.);
#388=ORIENTED_EDGE('',*,*,#488,.T.);
#389=ORIENTED_EDGE('',*,*,#624,.F.);
#390=ORIENTED_EDGE('',*,*,#622,.F.);
#391=ORIENTED_EDGE('',*,*,#591,.F.);
#392=ORIENTED_EDGE('',*,*,#594,.T.);
#393=ORIENTED_EDGE('',*,*,#587,.F.);
#394=ORIENTED_EDGE('',*,*,#588,.T.);
#395=ORIENTED_EDGE('',*,*,#579,.T.);
#396=ORIENTED_EDGE('',*,*,#581,.T.);
#397=ORIENTED_EDGE('',*,*,#542,.F.);
#398=ORIENTED_EDGE('',*,*,#531,.F.);
#399=ORIENTED_EDGE('',*,*,#547,.T.);
#400=ORIENTED_EDGE('',*,*,#510,.F.);
#401=ORIENTED_EDGE('',*,*,#514,.F.);
#402=ORIENTED_EDGE('',*,*,#602,.T.);
#403=ORIENTED_EDGE('',*,*,#505,.T.);
#404=ORIENTED_EDGE('',*,*,#597,.T.);
#405=ORIENTED_EDGE('',*,*,#607,.F.);
#406=ORIENTED_EDGE('',*,*,#503,.F.);
#407=ORIENTED_EDGE('',*,*,#608,.F.);
#408=ORIENTED_EDGE('',*,*,#499,.T.);
#409=ORIENTED_EDGE('',*,*,#610,.F.);
#410=ORIENTED_EDGE('',*,*,#497,.T.);
#411=ORIENTED_EDGE('',*,*,#615,.F.);
#412=ORIENTED_EDGE('',*,*,#614,.F.);
#413=ORIENTED_EDGE('',*,*,#618,.F.);
#414=ORIENTED_EDGE('',*,*,#494,.F.);
#415=ORIENTED_EDGE('',*,*,#619,.T.);
#416=ORIENTED_EDGE('',*,*,#489,.T.);
#417=ORIENTED_EDGE('',*,*,#623,.T.);
#418=ORIENTED_EDGE('',*,*,#624,.T.);
#419=ORIENTED_EDGE('',*,*,#621,.T.);
#420=ORIENTED_EDGE('',*,*,#487,.T.);
#421=ORIENTED_EDGE('',*,*,#620,.T.);
#422=ORIENTED_EDGE('',*,*,#492,.F.);
#423=ORIENTED_EDGE('',*,*,#617,.F.);
#424=ORIENTED_EDGE('',*,*,#612,.F.);
#425=ORIENTED_EDGE('',*,*,#616,.F.);
#426=ORIENTED_EDGE('',*,*,#495,.T.);
#427=ORIENTED_EDGE('',*,*,#609,.F.);
#428=ORIENTED_EDGE('',*,*,#527,.F.);
#429=ORIENTED_EDGE('',*,*,#550,.T.);
#430=ORIENTED_EDGE('',*,*,#520,.F.);
#431=ORIENTED_EDGE('',*,*,#524,.T.);
#432=ORIENTED_EDGE('',*,*,#529,.T.);
#433=ORIENTED_EDGE('',*,*,#522,.T.);
#434=ORIENTED_EDGE('',*,*,#548,.T.);
#435=ORIENTED_EDGE('',*,*,#540,.T.);
#436=ORIENTED_EDGE('',*,*,#546,.T.);
#437=ORIENTED_EDGE('',*,*,#538,.T.);
#438=ORIENTED_EDGE('',*,*,#536,.F.);
#439=ORIENTED_EDGE('',*,*,#549,.T.);
#440=ORIENTED_EDGE('',*,*,#544,.F.);
#441=ORIENTED_EDGE('',*,*,#583,.T.);
#442=ORIENTED_EDGE('',*,*,#551,.T.);
#443=ORIENTED_EDGE('',*,*,#576,.T.);
#444=ORIENTED_EDGE('',*,*,#570,.F.);
#445=ORIENTED_EDGE('',*,*,#573,.T.);
#446=ORIENTED_EDGE('',*,*,#566,.F.);
#447=ORIENTED_EDGE('',*,*,#567,.T.);
#448=ORIENTED_EDGE('',*,*,#559,.T.);
#449=ORIENTED_EDGE('',*,*,#561,.T.);
#450=ORIENTED_EDGE('',*,*,#555,.T.);
#451=ORIENTED_EDGE('',*,*,#562,.T.);
#452=ORIENTED_EDGE('',*,*,#557,.T.);
#453=ORIENTED_EDGE('',*,*,#568,.T.);
#454=ORIENTED_EDGE('',*,*,#564,.F.);
#455=ORIENTED_EDGE('',*,*,#574,.T.);
#456=ORIENTED_EDGE('',*,*,#572,.F.);
#457=ORIENTED_EDGE('',*,*,#575,.T.);
#458=ORIENTED_EDGE('',*,*,#553,.T.);
#459=ORIENTED_EDGE('',*,*,#582,.T.);
#460=ORIENTED_EDGE('',*,*,#577,.T.);
#461=ORIENTED_EDGE('',*,*,#589,.T.);
#462=ORIENTED_EDGE('',*,*,#585,.F.);
#463=ORIENTED_EDGE('',*,*,#595,.T.);
#464=ORIENTED_EDGE('',*,*,#593,.F.);
#465=ORIENTED_EDGE('',*,*,#596,.T.);
#466=ORIENTED_EDGE('',*,*,#507,.T.);
#467=ORIENTED_EDGE('',*,*,#601,.T.);
#468=ORIENTED_EDGE('',*,*,#598,.T.);
#469=ORIENTED_EDGE('',*,*,#606,.T.);
#470=ORIENTED_EDGE('',*,*,#604,.F.);
#471=EDGE_CURVE('',#625,#626,#727,.F.);
#472=EDGE_CURVE('',#627,#625,#71,.F.);
#473=EDGE_CURVE('',#628,#627,#728,.F.);
#474=EDGE_CURVE('',#628,#629,#72,.T.);
#475=EDGE_CURVE('',#629,#630,#729,.F.);
#476=EDGE_CURVE('',#630,#631,#73,.T.);
#477=EDGE_CURVE('',#632,#631,#730,.F.);
#478=EDGE_CURVE('',#633,#632,#731,.F.);
#479=EDGE_CURVE('',#633,#634,#74,.F.);
#480=EDGE_CURVE('',#635,#634,#732,.F.);
#481=EDGE_CURVE('',#636,#635,#733,.F.);
#482=EDGE_CURVE('',#637,#636,#75,.F.);
#483=EDGE_CURVE('',#637,#638,#734,.F.);
#484=EDGE_CURVE('',#626,#638,#76,.T.);
#485=EDGE_CURVE('',#639,#640,#38,.T.);
#486=EDGE_CURVE('',#640,#639,#39,.T.);
#487=EDGE_CURVE('',#641,#642,#735,.F.);
#488=EDGE_CURVE('',#643,#641,#736,.F.);
#489=EDGE_CURVE('',#644,#643,#737,.F.);
#490=EDGE_CURVE('',#642,#644,#738,.T.);
#491=EDGE_CURVE('',#645,#646,#739,.T.);
#492=EDGE_CURVE('',#645,#647,#740,.F.);
#493=EDGE_CURVE('',#648,#647,#741,.F.);
#494=EDGE_CURVE('',#648,#646,#742,.F.);
#495=EDGE_CURVE('',#649,#650,#743,.F.);
#496=EDGE_CURVE('',#651,#649,#744,.F.);
#497=EDGE_CURVE('',#652,#651,#745,.F.);
#498=EDGE_CURVE('',#650,#652,#746,.T.);
#499=EDGE_CURVE('',#653,#654,#747,.F.);
#500=EDGE_CURVE('',#638,#653,#748,.F.);
#501=EDGE_CURVE('',#654,#637,#749,.T.);
#502=EDGE_CURVE('',#655,#626,#750,.T.);
#503=EDGE_CURVE('',#655,#656,#751,.F.);
#504=EDGE_CURVE('',#625,#656,#752,.F.);
#505=EDGE_CURVE('',#657,#658,#753,.F.);
#506=EDGE_CURVE('',#659,#657,#754,.F.);
#507=EDGE_CURVE('',#660,#659,#755,.F.);
#508=EDGE_CURVE('',#658,#660,#756,.T.);
#509=EDGE_CURVE('',#661,#640,#40,.T.);
#510=EDGE_CURVE('',#661,#662,#757,.F.);
#511=EDGE_CURVE('',#633,#662,#41,.T.);
#512=EDGE_CURVE('',#639,#632,#42,.T.);
#513=EDGE_CURVE('',#663,#631,#43,.T.);
#514=EDGE_CURVE('',#663,#661,#758,.F.);
#515=EDGE_CURVE('',#635,#664,#44,.T.);
#516=EDGE_CURVE('',#665,#634,#45,.T.);
#517=EDGE_CURVE('',#665,#666,#759,.T.);
#518=EDGE_CURVE('',#664,#666,#46,.T.);
#519=EDGE_CURVE('',#667,#665,#47,.T.);
#520=EDGE_CURVE('',#667,#668,#760,.F.);
#521=EDGE_CURVE('',#666,#668,#48,.T.);
#522=EDGE_CURVE('',#669,#670,#761,.F.);
#523=EDGE_CURVE('',#671,#669,#762,.F.);
#524=EDGE_CURVE('',#667,#671,#763,.F.);
#525=EDGE_CURVE('',#670,#665,#764,.T.);
#526=EDGE_CURVE('',#672,#664,#49,.T.);
#527=EDGE_CURVE('',#672,#673,#765,.F.);
#528=EDGE_CURVE('',#636,#673,#50,.T.);
#529=EDGE_CURVE('',#671,#669,#77,.T.);
#530=EDGE_CURVE('',#674,#675,#51,.T.);
#531=EDGE_CURVE('',#674,#676,#766,.F.);
#532=EDGE_CURVE('',#677,#676,#52,.T.);
#533=EDGE_CURVE('',#678,#677,#53,.T.);
#534=EDGE_CURVE('',#678,#675,#767,.T.);
#535=EDGE_CURVE('',#679,#678,#54,.T.);
#536=EDGE_CURVE('',#679,#680,#768,.F.);
#537=EDGE_CURVE('',#675,#680,#55,.T.);
#538=EDGE_CURVE('',#681,#680,#769,.F.);
#539=EDGE_CURVE('',#682,#681,#770,.F.);
#540=EDGE_CURVE('',#683,#682,#771,.F.);
#541=EDGE_CURVE('',#675,#683,#772,.T.);
#542=EDGE_CURVE('',#676,#684,#773,.F.);
#543=EDGE_CURVE('',#685,#684,#56,.T.);
#544=EDGE_CURVE('',#685,#686,#774,.F.);
#545=EDGE_CURVE('',#677,#686,#57,.T.);
#546=EDGE_CURVE('',#682,#681,#78,.T.);
#547=EDGE_CURVE('',#674,#662,#79,.F.);
#548=EDGE_CURVE('',#670,#683,#80,.T.);
#549=EDGE_CURVE('',#679,#686,#81,.F.);
#550=EDGE_CURVE('',#672,#668,#82,.T.);
#551=EDGE_CURVE('',#687,#688,#775,.F.);
#552=EDGE_CURVE('',#689,#687,#776,.F.);
#553=EDGE_CURVE('',#690,#689,#777,.F.);
#554=EDGE_CURVE('',#688,#690,#778,.T.);
#555=EDGE_CURVE('',#691,#692,#83,.T.);
#556=EDGE_CURVE('',#691,#692,#779,.T.);
#557=EDGE_CURVE('',#693,#694,#780,.F.);
#558=EDGE_CURVE('',#695,#693,#781,.F.);
#559=EDGE_CURVE('',#696,#695,#782,.F.);
#560=EDGE_CURVE('',#694,#696,#783,.T.);
#561=EDGE_CURVE('',#695,#691,#84,.T.);
#562=EDGE_CURVE('',#692,#693,#85,.F.);
#563=EDGE_CURVE('',#697,#698,#784,.T.);
#564=EDGE_CURVE('',#697,#699,#785,.F.);
#565=EDGE_CURVE('',#700,#699,#786,.F.);
#566=EDGE_CURVE('',#700,#698,#787,.F.);
#567=EDGE_CURVE('',#700,#696,#86,.T.);
#568=EDGE_CURVE('',#694,#699,#87,.T.);
#569=EDGE_CURVE('',#701,#702,#788,.T.);
#570=EDGE_CURVE('',#701,#703,#789,.F.);
#571=EDGE_CURVE('',#704,#703,#790,.F.);
#572=EDGE_CURVE('',#704,#702,#791,.F.);
#573=EDGE_CURVE('',#701,#698,#88,.T.);
#574=EDGE_CURVE('',#697,#702,#89,.F.);
#575=EDGE_CURVE('',#704,#690,#90,.T.);
#576=EDGE_CURVE('',#688,#703,#91,.T.);
#577=EDGE_CURVE('',#705,#706,#792,.F.);
#578=EDGE_CURVE('',#707,#705,#793,.F.);
#579=EDGE_CURVE('',#708,#707,#794,.F.);
#580=EDGE_CURVE('',#706,#708,#795,.T.);
#581=EDGE_CURVE('',#707,#684,#92,.T.);
#582=EDGE_CURVE('',#689,#705,#93,.F.);
#583=EDGE_CURVE('',#685,#687,#94,.T.);
#584=EDGE_CURVE('',#709,#710,#796,.T.);
#585=EDGE_CURVE('',#709,#711,#797,.F.);
#586=EDGE_CURVE('',#712,#711,#798,.F.);
#587=EDGE_CURVE('',#712,#710,#799,.F.);
#588=EDGE_CURVE('',#712,#708,#95,.T.);
#589=EDGE_CURVE('',#706,#711,#96,.T.);
#590=EDGE_CURVE('',#713,#714,#800,.T.);
#591=EDGE_CURVE('',#713,#715,#801,.F.);
#592=EDGE_CURVE('',#716,#715,#802,.F.);
#593=EDGE_CURVE('',#716,#714,#803,.F.);
#594=EDGE_CURVE('',#713,#710,#97,.T.);
#595=EDGE_CURVE('',#709,#714,#98,.F.);
#596=EDGE_CURVE('',#716,#660,#99,.T.);
#597=EDGE_CURVE('',#658,#715,#100,.T.);
#598=EDGE_CURVE('',#717,#718,#804,.F.);
#599=EDGE_CURVE('',#630,#717,#805,.F.);
#600=EDGE_CURVE('',#718,#629,#806,.T.);
#601=EDGE_CURVE('',#659,#717,#101,.F.);
#602=EDGE_CURVE('',#663,#657,#102,.T.);
#603=EDGE_CURVE('',#719,#627,#807,.T.);
#604=EDGE_CURVE('',#719,#720,#808,.F.);
#605=EDGE_CURVE('',#628,#720,#809,.F.);
#606=EDGE_CURVE('',#718,#720,#103,.T.);
#607=EDGE_CURVE('',#656,#719,#104,.T.);
#608=EDGE_CURVE('',#653,#655,#105,.T.);
#609=EDGE_CURVE('',#673,#650,#106,.F.);
#610=EDGE_CURVE('',#652,#654,#107,.T.);
#611=EDGE_CURVE('',#721,#722,#810,.T.);
#612=EDGE_CURVE('',#721,#723,#811,.F.);
#613=EDGE_CURVE('',#724,#723,#812,.F.);
#614=EDGE_CURVE('',#724,#722,#813,.F.);
#615=EDGE_CURVE('',#722,#651,#108,.T.);
#616=EDGE_CURVE('',#649,#721,#109,.T.);
#617=EDGE_CURVE('',#723,#645,#110,.F.);
#618=EDGE_CURVE('',#646,#724,#111,.T.);
#619=EDGE_CURVE('',#648,#644,#112,.T.);
#620=EDGE_CURVE('',#642,#647,#113,.T.);
#621=EDGE_CURVE('',#725,#641,#114,.T.);
#622=EDGE_CURVE('',#725,#726,#814,.T.);
#623=EDGE_CURVE('',#643,#726,#115,.F.);
#624=EDGE_CURVE('',#726,#725,#116,.T.);
#625=VERTEX_POINT('',#1458);
#626=VERTEX_POINT('',#1459);
#627=VERTEX_POINT('',#1461);
#628=VERTEX_POINT('',#1463);
#629=VERTEX_POINT('',#1465);
#630=VERTEX_POINT('',#1467);
#631=VERTEX_POINT('',#1469);
#632=VERTEX_POINT('',#1471);
#633=VERTEX_POINT('',#1473);
#634=VERTEX_POINT('',#1475);
#635=VERTEX_POINT('',#1477);
#636=VERTEX_POINT('',#1479);
#637=VERTEX_POINT('',#1481);
#638=VERTEX_POINT('',#1483);
#639=VERTEX_POINT('',#1491);
#640=VERTEX_POINT('',#1492);
#641=VERTEX_POINT('',#1502);
#642=VERTEX_POINT('',#1503);
#643=VERTEX_POINT('',#1505);
#644=VERTEX_POINT('',#1507);
#645=VERTEX_POINT('',#1511);
#646=VERTEX_POINT('',#1512);
#647=VERTEX_POINT('',#1514);
#648=VERTEX_POINT('',#1516);
#649=VERTEX_POINT('',#1520);
#650=VERTEX_POINT('',#1521);
#651=VERTEX_POINT('',#1523);
#652=VERTEX_POINT('',#1525);
#653=VERTEX_POINT('',#1529);
#654=VERTEX_POINT('',#1530);
#655=VERTEX_POINT('',#1535);
#656=VERTEX_POINT('',#1537);
#657=VERTEX_POINT('',#1541);
#658=VERTEX_POINT('',#1542);
#659=VERTEX_POINT('',#1544);
#660=VERTEX_POINT('',#1546);
#661=VERTEX_POINT('',#1585);
#662=VERTEX_POINT('',#1587);
#663=VERTEX_POINT('',#1645);
#664=VERTEX_POINT('',#1675);
#665=VERTEX_POINT('',#1684);
#666=VERTEX_POINT('',#1686);
#667=VERTEX_POINT('',#1713);
#668=VERTEX_POINT('',#1715);
#669=VERTEX_POINT('',#1723);
#670=VERTEX_POINT('',#1724);
#671=VERTEX_POINT('',#1726);
#672=VERTEX_POINT('',#1769);
#673=VERTEX_POINT('',#1771);
#674=VERTEX_POINT('',#1815);
#675=VERTEX_POINT('',#1816);
#676=VERTEX_POINT('',#1818);
#677=VERTEX_POINT('',#1823);
#678=VERTEX_POINT('',#1830);
#679=VERTEX_POINT('',#1852);
#680=VERTEX_POINT('',#1854);
#681=VERTEX_POINT('',#1862);
#682=VERTEX_POINT('',#1864);
#683=VERTEX_POINT('',#1866);
#684=VERTEX_POINT('',#1902);
#685=VERTEX_POINT('',#1912);
#686=VERTEX_POINT('',#1914);
#687=VERTEX_POINT('',#1933);
#688=VERTEX_POINT('',#1934);
#689=VERTEX_POINT('',#1936);
#690=VERTEX_POINT('',#1938);
#691=VERTEX_POINT('',#1942);
#692=VERTEX_POINT('',#1943);
#693=VERTEX_POINT('',#1947);
#694=VERTEX_POINT('',#1948);
#695=VERTEX_POINT('',#1950);
#696=VERTEX_POINT('',#1952);
#697=VERTEX_POINT('',#1959);
#698=VERTEX_POINT('',#1960);
#699=VERTEX_POINT('',#1962);
#700=VERTEX_POINT('',#1964);
#701=VERTEX_POINT('',#1971);
#702=VERTEX_POINT('',#1972);
#703=VERTEX_POINT('',#1974);
#704=VERTEX_POINT('',#1976);
#705=VERTEX_POINT('',#1986);
#706=VERTEX_POINT('',#1987);
#707=VERTEX_POINT('',#1989);
#708=VERTEX_POINT('',#1991);
#709=VERTEX_POINT('',#1999);
#710=VERTEX_POINT('',#2000);
#711=VERTEX_POINT('',#2002);
#712=VERTEX_POINT('',#2004);
#713=VERTEX_POINT('',#2011);
#714=VERTEX_POINT('',#2012);
#715=VERTEX_POINT('',#2014);
#716=VERTEX_POINT('',#2016);
#717=VERTEX_POINT('',#2026);
#718=VERTEX_POINT('',#2027);
#719=VERTEX_POINT('',#2035);
#720=VERTEX_POINT('',#2037);
#721=VERTEX_POINT('',#2050);
#722=VERTEX_POINT('',#2051);
#723=VERTEX_POINT('',#2053);
#724=VERTEX_POINT('',#2055);
#725=VERTEX_POINT('',#2068);
#726=VERTEX_POINT('',#2070);
#727=CIRCLE('',#1006,0.0005);
#728=CIRCLE('',#1007,0.0005);
#729=CIRCLE('',#1008,0.0005);
#730=CIRCLE('',#1009,0.0005);
#731=CIRCLE('',#1010,0.002);
#732=CIRCLE('',#1011,0.002);
#733=CIRCLE('',#1012,0.0005);
#734=CIRCLE('',#1013,0.0005);
#735=CIRCLE('',#1016,0.002);
#736=CIRCLE('',#1017,0.0015);
#737=CIRCLE('',#1018,0.002);
#738=CIRCLE('',#1019,0.0035);
#739=CIRCLE('',#1021,0.007);
#740=CIRCLE('',#1022,0.0005);
#741=CIRCLE('',#1023,0.0065);
#742=CIRCLE('',#1024,0.0005);
#743=CIRCLE('',#1026,0.0005);
#744=CIRCLE('',#1027,0.0055);
#745=CIRCLE('',#1028,0.0005);
#746=CIRCLE('',#1029,0.005);
#747=CIRCLE('',#1031,0.0005);
#748=CIRCLE('',#1032,0.0055);
#749=CIRCLE('',#1033,0.005);
#750=CIRCLE('',#1035,0.0065);
#751=CIRCLE('',#1036,0.0005);
#752=CIRCLE('',#1037,0.007);
#753=CIRCLE('',#1039,0.0005);
#754=CIRCLE('',#1040,0.005);
#755=CIRCLE('',#1041,0.0005);
#756=CIRCLE('',#1042,0.0055);
#757=CIRCLE('',#1043,0.002);
#758=CIRCLE('',#1044,0.0005);
#759=CIRCLE('',#1045,0.002);
#760=CIRCLE('',#1046,0.002);
#761=CIRCLE('',#1048,0.002);
#762=CIRCLE('',#1049,0.001);
#763=CIRCLE('',#1050,0.002);
#764=CIRCLE('',#1051,0.003);
#765=CIRCLE('',#1052,0.0005);
#766=CIRCLE('',#1054,0.002);
#767=CIRCLE('',#1055,0.002);
#768=CIRCLE('',#1056,0.002);
#769=CIRCLE('',#1058,0.002);
#770=CIRCLE('',#1059,0.001);
#771=CIRCLE('',#1060,0.002);
#772=CIRCLE('',#1061,0.003);
#773=CIRCLE('',#1062,0.0005);
#774=CIRCLE('',#1063,0.0005);
#775=CIRCLE('',#1069,0.0005);
#776=CIRCLE('',#1070,0.005);
#777=CIRCLE('',#1071,0.0005);
#778=CIRCLE('',#1072,0.0055);
#779=CIRCLE('',#1074,0.0015);
#780=CIRCLE('',#1076,0.002);
#781=CIRCLE('',#1077,0.0015);
#782=CIRCLE('',#1078,0.002);
#783=CIRCLE('',#1079,0.0035);
#784=CIRCLE('',#1082,0.007);
#785=CIRCLE('',#1083,0.0005);
#786=CIRCLE('',#1084,0.0065);
#787=CIRCLE('',#1085,0.0005);
#788=CIRCLE('',#1088,0.007);
#789=CIRCLE('',#1089,0.0005);
#790=CIRCLE('',#1090,0.0065);
#791=CIRCLE('',#1091,0.0005);
#792=CIRCLE('',#1095,0.0005);
#793=CIRCLE('',#1096,0.005);
#794=CIRCLE('',#1097,0.0005);
#795=CIRCLE('',#1098,0.0055);
#796=CIRCLE('',#1101,0.007);
#797=CIRCLE('',#1102,0.0005);
#798=CIRCLE('',#1103,0.0065);
#799=CIRCLE('',#1104,0.0005);
#800=CIRCLE('',#1107,0.007);
#801=CIRCLE('',#1108,0.0005);
#802=CIRCLE('',#1109,0.0065);
#803=CIRCLE('',#1110,0.0005);
#804=CIRCLE('',#1114,0.0005);
#805=CIRCLE('',#1115,0.005);
#806=CIRCLE('',#1116,0.0055);
#807=CIRCLE('',#1119,0.007);
#808=CIRCLE('',#1120,0.0005);
#809=CIRCLE('',#1121,0.0065);
#810=CIRCLE('',#1127,0.0065);
#811=CIRCLE('',#1128,0.0005);
#812=CIRCLE('',#1129,0.007);
#813=CIRCLE('',#1130,0.0005);
#814=CIRCLE('',#1135,0.0015);
#815=EDGE_LOOP('',(#163,#164,#165,#166,#167,#168,#169,#170,#171,#172,#173,
#174,#175,#176));
#816=EDGE_LOOP('',(#177,#178));
#817=EDGE_LOOP('',(#179,#180,#181,#182));
#818=EDGE_LOOP('',(#183,#184,#185,#186));
#819=EDGE_LOOP('',(#187,#188,#189,#190));
#820=EDGE_LOOP('',(#191,#192,#193,#194));
#821=EDGE_LOOP('',(#195,#196,#197,#198));
#822=EDGE_LOOP('',(#199,#200,#201,#202));
#823=EDGE_LOOP('',(#203,#204,#205,#206,#207,#208));
#824=EDGE_LOOP('',(#209,#210,#211,#212,#213,#214));
#825=EDGE_LOOP('',(#215,#216,#217,#218,#219));
#826=EDGE_LOOP('',(#220,#221,#222,#223));
#827=EDGE_LOOP('',(#224,#225,#226,#227,#228));
#828=EDGE_LOOP('',(#229,#230,#231,#232,#233));
#829=EDGE_LOOP('',(#234,#235));
#830=EDGE_LOOP('',(#236,#237,#238,#239,#240));
#831=EDGE_LOOP('',(#241,#242,#243,#244));
#832=EDGE_LOOP('',(#245,#246,#247,#248,#249));
#833=EDGE_LOOP('',(#250,#251,#252,#253,#254));
#834=EDGE_LOOP('',(#255,#256));
#835=EDGE_LOOP('',(#257,#258,#259,#260,#261,#262,#263,#264));
#836=EDGE_LOOP('',(#265,#266,#267,#268));
#837=EDGE_LOOP('',(#269,#270,#271,#272));
#838=EDGE_LOOP('',(#273,#274,#275,#276));
#839=EDGE_LOOP('',(#277,#278));
#840=EDGE_LOOP('',(#279,#280,#281,#282));
#841=EDGE_LOOP('',(#283,#284,#285,#286));
#842=EDGE_LOOP('',(#287,#288,#289,#290));
#843=EDGE_LOOP('',(#291,#292,#293,#294));
#844=EDGE_LOOP('',(#295,#296,#297,#298));
#845=EDGE_LOOP('',(#299,#300,#301,#302));
#846=EDGE_LOOP('',(#303,#304,#305,#306));
#847=EDGE_LOOP('',(#307,#308,#309,#310));
#848=EDGE_LOOP('',(#311,#312,#313,#314,#315,#316));
#849=EDGE_LOOP('',(#317,#318,#319,#320));
#850=EDGE_LOOP('',(#321,#322,#323,#324));
#851=EDGE_LOOP('',(#325,#326,#327,#328));
#852=EDGE_LOOP('',(#329,#330,#331,#332));
#853=EDGE_LOOP('',(#333,#334,#335,#336));
#854=EDGE_LOOP('',(#337,#338,#339,#340));
#855=EDGE_LOOP('',(#341,#342,#343,#344,#345,#346));
#856=EDGE_LOOP('',(#347,#348,#349,#350));
#857=EDGE_LOOP('',(#351,#352,#353,#354));
#858=EDGE_LOOP('',(#355,#356,#357,#358));
#859=EDGE_LOOP('',(#359,#360,#361,#362));
#860=EDGE_LOOP('',(#363,#364,#365,#366,#367,#368));
#861=EDGE_LOOP('',(#369,#370,#371,#372));
#862=EDGE_LOOP('',(#373,#374,#375,#376));
#863=EDGE_LOOP('',(#377,#378,#379,#380));
#864=EDGE_LOOP('',(#381,#382,#383,#384));
#865=EDGE_LOOP('',(#385,#386,#387,#388));
#866=EDGE_LOOP('',(#389,#390));
#867=EDGE_LOOP('',(#391,#392,#393,#394,#395,#396,#397,#398,#399,#400,#401,
#402,#403,#404));
#868=EDGE_LOOP('',(#405,#406,#407,#408,#409,#410,#411,#412,#413,#414,#415,
#416,#417,#418,#419,#420,#421,#422,#423,#424,#425,#426,#427,#428,#429,#430,
#431,#432,#433,#434,#435,#436,#437,#438,#439,#440,#441,#442,#443,#444,#445,
#446,#447,#448,#449,#450,#451,#452,#453,#454,#455,#456,#457,#458,#459,#460,
#461,#462,#463,#464,#465,#466,#467,#468,#469,#470));
#869=FACE_BOUND('',#815,.T.);
#870=FACE_BOUND('',#816,.T.);
#871=FACE_BOUND('',#817,.T.);
#872=FACE_BOUND('',#818,.T.);
#873=FACE_BOUND('',#819,.T.);
#874=FACE_BOUND('',#820,.T.);
#875=FACE_BOUND('',#821,.T.);
#876=FACE_BOUND('',#822,.T.);
#877=FACE_BOUND('',#823,.T.);
#878=FACE_BOUND('',#824,.T.);
#879=FACE_BOUND('',#825,.T.);
#880=FACE_BOUND('',#826,.T.);
#881=FACE_BOUND('',#827,.T.);
#882=FACE_BOUND('',#828,.T.);
#883=FACE_BOUND('',#829,.T.);
#884=FACE_BOUND('',#830,.T.);
#885=FACE_BOUND('',#831,.T.);
#886=FACE_BOUND('',#832,.T.);
#887=FACE_BOUND('',#833,.T.);
#888=FACE_BOUND('',#834,.T.);
#889=FACE_BOUND('',#835,.T.);
#890=FACE_BOUND('',#836,.T.);
#891=FACE_BOUND('',#837,.T.);
#892=FACE_BOUND('',#838,.T.);
#893=FACE_BOUND('',#839,.T.);
#894=FACE_BOUND('',#840,.T.);
#895=FACE_BOUND('',#841,.T.);
#896=FACE_BOUND('',#842,.T.);
#897=FACE_BOUND('',#843,.T.);
#898=FACE_BOUND('',#844,.T.);
#899=FACE_BOUND('',#845,.T.);
#900=FACE_BOUND('',#846,.T.);
#901=FACE_BOUND('',#847,.T.);
#902=FACE_BOUND('',#848,.T.);
#903=FACE_BOUND('',#849,.T.);
#904=FACE_BOUND('',#850,.T.);
#905=FACE_BOUND('',#851,.T.);
#906=FACE_BOUND('',#852,.T.);
#907=FACE_BOUND('',#853,.T.);
#908=FACE_BOUND('',#854,.T.);
#909=FACE_BOUND('',#855,.T.);
#910=FACE_BOUND('',#856,.T.);
#911=FACE_BOUND('',#857,.T.);
#912=FACE_BOUND('',#858,.T.);
#913=FACE_BOUND('',#859,.T.);
#914=FACE_BOUND('',#860,.T.);
#915=FACE_BOUND('',#861,.T.);
#916=FACE_BOUND('',#862,.T.);
#917=FACE_BOUND('',#863,.T.);
#918=FACE_BOUND('',#864,.T.);
#919=FACE_BOUND('',#865,.T.);
#920=FACE_BOUND('',#866,.T.);
#921=FACE_BOUND('',#867,.T.);
#922=FACE_BOUND('',#868,.T.);
#923=PLANE('',#1005);
#924=PLANE('',#1053);
#925=PLANE('',#1064);
#926=PLANE('',#1073);
#927=PLANE('',#1086);
#928=PLANE('',#1093);
#929=PLANE('',#1105);
#930=PLANE('',#1112);
#931=PLANE('',#1122);
#932=PLANE('',#1124);
#933=PLANE('',#1131);
#934=PLANE('',#1133);
#935=PLANE('',#1136);
#936=PLANE('',#1137);
#937=PLANE('',#1138);
#938=ADVANCED_FACE('',(#869),#923,.T.);
#939=ADVANCED_FACE('',(#870),#58,.F.);
#940=ADVANCED_FACE('',(#871),#22,.F.);
#941=ADVANCED_FACE('',(#872),#23,.T.);
#942=ADVANCED_FACE('',(#873),#24,.F.);
#943=ADVANCED_FACE('',(#874),#25,.F.);
#944=ADVANCED_FACE('',(#875),#26,.T.);
#945=ADVANCED_FACE('',(#876),#27,.F.);
#946=ADVANCED_FACE('',(#877),#14,.T.);
#947=ADVANCED_FACE('',(#878),#15,.T.);
#948=ADVANCED_FACE('',(#879),#16,.T.);
#949=ADVANCED_FACE('',(#880),#17,.T.);
#950=ADVANCED_FACE('',(#881),#12,.F.);
#951=ADVANCED_FACE('',(#882),#18,.T.);
#952=ADVANCED_FACE('',(#883),#924,.F.);
#953=ADVANCED_FACE('',(#884),#19,.T.);
#954=ADVANCED_FACE('',(#885),#20,.T.);
#955=ADVANCED_FACE('',(#886),#13,.F.);
#956=ADVANCED_FACE('',(#887),#21,.T.);
#957=ADVANCED_FACE('',(#888),#925,.F.);
#958=ADVANCED_FACE('',(#889),#59,.F.);
#959=ADVANCED_FACE('',(#890),#60,.F.);
#960=ADVANCED_FACE('',(#891),#61,.F.);
#961=ADVANCED_FACE('',(#892),#28,.F.);
#962=ADVANCED_FACE('',(#893),#926,.F.);
#963=ADVANCED_FACE('',(#894),#29,.F.);
#964=ADVANCED_FACE('',(#895),#62,.T.);
#965=ADVANCED_FACE('',(#896),#30,.T.);
#966=ADVANCED_FACE('',(#897),#927,.F.);
#967=ADVANCED_FACE('',(#898),#31,.T.);
#968=ADVANCED_FACE('',(#899),#63,.T.);
#969=ADVANCED_FACE('',(#900),#928,.F.);
#970=ADVANCED_FACE('',(#901),#32,.F.);
#971=ADVANCED_FACE('',(#902),#64,.T.);
#972=ADVANCED_FACE('',(#903),#33,.T.);
#973=ADVANCED_FACE('',(#904),#929,.F.);
#974=ADVANCED_FACE('',(#905),#34,.T.);
#975=ADVANCED_FACE('',(#906),#65,.T.);
#976=ADVANCED_FACE('',(#907),#930,.F.);
#977=ADVANCED_FACE('',(#908),#35,.F.);
#978=ADVANCED_FACE('',(#909),#66,.T.);
#979=ADVANCED_FACE('',(#910),#36,.T.);
#980=ADVANCED_FACE('',(#911),#931,.F.);
#981=ADVANCED_FACE('',(#912),#67,.T.);
#982=ADVANCED_FACE('',(#913),#932,.T.);
#983=ADVANCED_FACE('',(#914),#68,.T.);
#984=ADVANCED_FACE('',(#915),#37,.T.);
#985=ADVANCED_FACE('',(#916),#933,.T.);
#986=ADVANCED_FACE('',(#917),#69,.T.);
#987=ADVANCED_FACE('',(#918),#934,.F.);
#988=ADVANCED_FACE('',(#919),#70,.T.);
#989=ADVANCED_FACE('',(#920),#935,.F.);
#990=ADVANCED_FACE('',(#921),#936,.T.);
#991=ADVANCED_FACE('',(#922),#937,.T.);
#992=CLOSED_SHELL('',(#938,#939,#940,#941,#942,#943,#944,#945,#946,#947,
#948,#949,#950,#951,#952,#953,#954,#955,#956,#957,#958,#959,#960,#961,#962,
#963,#964,#965,#966,#967,#968,#969,#970,#971,#972,#973,#974,#975,#976,#977,
#978,#979,#980,#981,#982,#983,#984,#985,#986,#987,#988,#989,#990,#991));
#993=STYLED_ITEM('',(#994),#1001);
#994=PRESENTATION_STYLE_ASSIGNMENT((#995));
#995=SURFACE_STYLE_USAGE(.BOTH.,#996);
#996=SURFACE_SIDE_STYLE('',(#997));
#997=SURFACE_STYLE_FILL_AREA(#998);
#998=FILL_AREA_STYLE('',(#999));
#999=FILL_AREA_STYLE_COLOUR('',#1000);
#1000=COLOUR_RGB('',0.647058823529412,0.647058823529412,0.647058823529412);
#1001=MANIFOLD_SOLID_BREP('Drum Small RH',#992);
#1002=SHAPE_DEFINITION_REPRESENTATION(#2082,#1003);
#1003=SHAPE_REPRESENTATION('Drum Small RH',(#1004),#2077);
#1004=AXIS2_PLACEMENT_3D('',#1455,#1139,#1140);
#1005=AXIS2_PLACEMENT_3D('',#1456,#1141,#1142);
#1006=AXIS2_PLACEMENT_3D('',#1457,#1143,#1144);
#1007=AXIS2_PLACEMENT_3D('',#1462,#1146,#1147);
#1008=AXIS2_PLACEMENT_3D('',#1466,#1149,#1150);
#1009=AXIS2_PLACEMENT_3D('',#1470,#1152,#1153);
#1010=AXIS2_PLACEMENT_3D('',#1472,#1154,#1155);
#1011=AXIS2_PLACEMENT_3D('',#1476,#1157,#1158);
#1012=AXIS2_PLACEMENT_3D('',#1478,#1159,#1160);
#1013=AXIS2_PLACEMENT_3D('',#1482,#1162,#1163);
#1014=AXIS2_PLACEMENT_3D('',#1485,#1165,#1166);
#1015=AXIS2_PLACEMENT_3D('',#1500,#1167,#1168);
#1016=AXIS2_PLACEMENT_3D('',#1501,#1169,#1170);
#1017=AXIS2_PLACEMENT_3D('',#1504,#1171,#1172);
#1018=AXIS2_PLACEMENT_3D('',#1506,#1173,#1174);
#1019=AXIS2_PLACEMENT_3D('',#1508,#1175,#1176);
#1020=AXIS2_PLACEMENT_3D('',#1509,#1177,#1178);
#1021=AXIS2_PLACEMENT_3D('',#1510,#1179,#1180);
#1022=AXIS2_PLACEMENT_3D('',#1513,#1181,#1182);
#1023=AXIS2_PLACEMENT_3D('',#1515,#1183,#1184);
#1024=AXIS2_PLACEMENT_3D('',#1517,#1185,#1186);
#1025=AXIS2_PLACEMENT_3D('',#1518,#1187,#1188);
#1026=AXIS2_PLACEMENT_3D('',#1519,#1189,#1190);
#1027=AXIS2_PLACEMENT_3D('',#1522,#1191,#1192);
#1028=AXIS2_PLACEMENT_3D('',#1524,#1193,#1194);
#1029=AXIS2_PLACEMENT_3D('',#1526,#1195,#1196);
#1030=AXIS2_PLACEMENT_3D('',#1527,#1197,#1198);
#1031=AXIS2_PLACEMENT_3D('',#1528,#1199,#1200);
#1032=AXIS2_PLACEMENT_3D('',#1531,#1201,#1202);
#1033=AXIS2_PLACEMENT_3D('',#1532,#1203,#1204);
#1034=AXIS2_PLACEMENT_3D('',#1533,#1205,#1206);
#1035=AXIS2_PLACEMENT_3D('',#1534,#1207,#1208);
#1036=AXIS2_PLACEMENT_3D('',#1536,#1209,#1210);
#1037=AXIS2_PLACEMENT_3D('',#1538,#1211,#1212);
#1038=AXIS2_PLACEMENT_3D('',#1539,#1213,#1214);
#1039=AXIS2_PLACEMENT_3D('',#1540,#1215,#1216);
#1040=AXIS2_PLACEMENT_3D('',#1543,#1217,#1218);
#1041=AXIS2_PLACEMENT_3D('',#1545,#1219,#1220);
#1042=AXIS2_PLACEMENT_3D('',#1547,#1221,#1222);
#1043=AXIS2_PLACEMENT_3D('',#1586,#1223,#1224);
#1044=AXIS2_PLACEMENT_3D('',#1646,#1225,#1226);
#1045=AXIS2_PLACEMENT_3D('',#1685,#1227,#1228);
#1046=AXIS2_PLACEMENT_3D('',#1714,#1229,#1230);
#1047=AXIS2_PLACEMENT_3D('',#1721,#1231,#1232);
#1048=AXIS2_PLACEMENT_3D('',#1722,#1233,#1234);
#1049=AXIS2_PLACEMENT_3D('',#1725,#1235,#1236);
#1050=AXIS2_PLACEMENT_3D('',#1727,#1237,#1238);
#1051=AXIS2_PLACEMENT_3D('',#1728,#1239,#1240);
#1052=AXIS2_PLACEMENT_3D('',#1770,#1241,#1242);
#1053=AXIS2_PLACEMENT_3D('',#1781,#1243,#1244);
#1054=AXIS2_PLACEMENT_3D('',#1817,#1246,#1247);
#1055=AXIS2_PLACEMENT_3D('',#1831,#1248,#1249);
#1056=AXIS2_PLACEMENT_3D('',#1853,#1250,#1251);
#1057=AXIS2_PLACEMENT_3D('',#1860,#1252,#1253);
#1058=AXIS2_PLACEMENT_3D('',#1861,#1254,#1255);
#1059=AXIS2_PLACEMENT_3D('',#1863,#1256,#1257);
#1060=AXIS2_PLACEMENT_3D('',#1865,#1258,#1259);
#1061=AXIS2_PLACEMENT_3D('',#1867,#1260,#1261);
#1062=AXIS2_PLACEMENT_3D('',#1901,#1262,#1263);
#1063=AXIS2_PLACEMENT_3D('',#1913,#1264,#1265);
#1064=AXIS2_PLACEMENT_3D('',#1922,#1266,#1267);
#1065=AXIS2_PLACEMENT_3D('',#1924,#1269,#1270);
#1066=AXIS2_PLACEMENT_3D('',#1927,#1273,#1274);
#1067=AXIS2_PLACEMENT_3D('',#1929,#1276,#1277);
#1068=AXIS2_PLACEMENT_3D('',#1931,#1279,#1280);
#1069=AXIS2_PLACEMENT_3D('',#1932,#1281,#1282);
#1070=AXIS2_PLACEMENT_3D('',#1935,#1283,#1284);
#1071=AXIS2_PLACEMENT_3D('',#1937,#1285,#1286);
#1072=AXIS2_PLACEMENT_3D('',#1939,#1287,#1288);
#1073=AXIS2_PLACEMENT_3D('',#1940,#1289,#1290);
#1074=AXIS2_PLACEMENT_3D('',#1944,#1292,#1293);
#1075=AXIS2_PLACEMENT_3D('',#1945,#1294,#1295);
#1076=AXIS2_PLACEMENT_3D('',#1946,#1296,#1297);
#1077=AXIS2_PLACEMENT_3D('',#1949,#1298,#1299);
#1078=AXIS2_PLACEMENT_3D('',#1951,#1300,#1301);
#1079=AXIS2_PLACEMENT_3D('',#1953,#1302,#1303);
#1080=AXIS2_PLACEMENT_3D('',#1954,#1304,#1305);
#1081=AXIS2_PLACEMENT_3D('',#1957,#1308,#1309);
#1082=AXIS2_PLACEMENT_3D('',#1958,#1310,#1311);
#1083=AXIS2_PLACEMENT_3D('',#1961,#1312,#1313);
#1084=AXIS2_PLACEMENT_3D('',#1963,#1314,#1315);
#1085=AXIS2_PLACEMENT_3D('',#1965,#1316,#1317);
#1086=AXIS2_PLACEMENT_3D('',#1966,#1318,#1319);
#1087=AXIS2_PLACEMENT_3D('',#1969,#1322,#1323);
#1088=AXIS2_PLACEMENT_3D('',#1970,#1324,#1325);
#1089=AXIS2_PLACEMENT_3D('',#1973,#1326,#1327);
#1090=AXIS2_PLACEMENT_3D('',#1975,#1328,#1329);
#1091=AXIS2_PLACEMENT_3D('',#1977,#1330,#1331);
#1092=AXIS2_PLACEMENT_3D('',#1978,#1332,#1333);
#1093=AXIS2_PLACEMENT_3D('',#1981,#1336,#1337);
#1094=AXIS2_PLACEMENT_3D('',#1984,#1340,#1341);
#1095=AXIS2_PLACEMENT_3D('',#1985,#1342,#1343);
#1096=AXIS2_PLACEMENT_3D('',#1988,#1344,#1345);
#1097=AXIS2_PLACEMENT_3D('',#1990,#1346,#1347);
#1098=AXIS2_PLACEMENT_3D('',#1992,#1348,#1349);
#1099=AXIS2_PLACEMENT_3D('',#1993,#1350,#1351);
#1100=AXIS2_PLACEMENT_3D('',#1997,#1355,#1356);
#1101=AXIS2_PLACEMENT_3D('',#1998,#1357,#1358);
#1102=AXIS2_PLACEMENT_3D('',#2001,#1359,#1360);
#1103=AXIS2_PLACEMENT_3D('',#2003,#1361,#1362);
#1104=AXIS2_PLACEMENT_3D('',#2005,#1363,#1364);
#1105=AXIS2_PLACEMENT_3D('',#2006,#1365,#1366);
#1106=AXIS2_PLACEMENT_3D('',#2009,#1369,#1370);
#1107=AXIS2_PLACEMENT_3D('',#2010,#1371,#1372);
#1108=AXIS2_PLACEMENT_3D('',#2013,#1373,#1374);
#1109=AXIS2_PLACEMENT_3D('',#2015,#1375,#1376);
#1110=AXIS2_PLACEMENT_3D('',#2017,#1377,#1378);
#1111=AXIS2_PLACEMENT_3D('',#2018,#1379,#1380);
#1112=AXIS2_PLACEMENT_3D('',#2021,#1383,#1384);
#1113=AXIS2_PLACEMENT_3D('',#2024,#1387,#1388);
#1114=AXIS2_PLACEMENT_3D('',#2025,#1389,#1390);
#1115=AXIS2_PLACEMENT_3D('',#2028,#1391,#1392);
#1116=AXIS2_PLACEMENT_3D('',#2029,#1393,#1394);
#1117=AXIS2_PLACEMENT_3D('',#2030,#1395,#1396);
#1118=AXIS2_PLACEMENT_3D('',#2033,#1399,#1400);
#1119=AXIS2_PLACEMENT_3D('',#2034,#1401,#1402);
#1120=AXIS2_PLACEMENT_3D('',#2036,#1403,#1404);
#1121=AXIS2_PLACEMENT_3D('',#2038,#1405,#1406);
#1122=AXIS2_PLACEMENT_3D('',#2039,#1407,#1408);
#1123=AXIS2_PLACEMENT_3D('',#2041,#1410,#1411);
#1124=AXIS2_PLACEMENT_3D('',#2043,#1413,#1414);
#1125=AXIS2_PLACEMENT_3D('',#2045,#1416,#1417);
#1126=AXIS2_PLACEMENT_3D('',#2048,#1420,#1421);
#1127=AXIS2_PLACEMENT_3D('',#2049,#1422,#1423);
#1128=AXIS2_PLACEMENT_3D('',#2052,#1424,#1425);
#1129=AXIS2_PLACEMENT_3D('',#2054,#1426,#1427);
#1130=AXIS2_PLACEMENT_3D('',#2056,#1428,#1429);
#1131=AXIS2_PLACEMENT_3D('',#2057,#1430,#1431);
#1132=AXIS2_PLACEMENT_3D('',#2060,#1434,#1435);
#1133=AXIS2_PLACEMENT_3D('',#2063,#1438,#1439);
#1134=AXIS2_PLACEMENT_3D('',#2066,#1442,#1443);
#1135=AXIS2_PLACEMENT_3D('',#2069,#1445,#1446);
#1136=AXIS2_PLACEMENT_3D('',#2072,#1448,#1449);
#1137=AXIS2_PLACEMENT_3D('',#2074,#1451,#1452);
#1138=AXIS2_PLACEMENT_3D('',#2075,#1453,#1454);
#1139=DIRECTION('',(0.,0.,1.));
#1140=DIRECTION('',(1.,0.,0.));
#1141=DIRECTION('',(0.,0.,1.));
#1142=DIRECTION('',(1.,0.,0.));
#1143=DIRECTION('',(0.,0.,1.));
#1144=DIRECTION('',(1.,0.,0.));
#1145=DIRECTION('',(-1.,0.,0.));
#1146=DIRECTION('',(0.,0.,1.));
#1147=DIRECTION('',(1.,0.,0.));
#1148=DIRECTION('',(0.,-1.,0.));
#1149=DIRECTION('',(0.,0.,1.));
#1150=DIRECTION('',(1.,0.,0.));
#1151=DIRECTION('',(-1.,0.,0.));
#1152=DIRECTION('',(0.,0.,1.));
#1153=DIRECTION('',(1.,0.,0.));
#1154=DIRECTION('',(0.,0.,1.));
#1155=DIRECTION('',(1.,0.,0.));
#1156=DIRECTION('',(-1.,0.,0.));
#1157=DIRECTION('',(0.,0.,1.));
#1158=DIRECTION('',(1.,0.,0.));
#1159=DIRECTION('',(0.,0.,1.));
#1160=DIRECTION('',(1.,0.,0.));
#1161=DIRECTION('',(-1.,0.,0.));
#1162=DIRECTION('',(0.,0.,1.));
#1163=DIRECTION('',(1.,0.,0.));
#1164=DIRECTION('',(0.,-1.,0.));
#1165=DIRECTION('',(0.,-1.,0.));
#1166=DIRECTION('',(0.,0.,-1.));
#1167=DIRECTION('',(-1.,0.,0.));
#1168=DIRECTION('',(0.,0.,1.));
#1169=DIRECTION('',(0.,0.,1.));
#1170=DIRECTION('',(1.,0.,0.));
#1171=DIRECTION('',(-1.,0.,0.));
#1172=DIRECTION('',(0.,0.,1.));
#1173=DIRECTION('',(0.,0.,1.));
#1174=DIRECTION('',(1.,0.,0.));
#1175=DIRECTION('',(-1.,0.,0.));
#1176=DIRECTION('',(0.,0.,1.));
#1177=DIRECTION('',(-1.,0.,0.));
#1178=DIRECTION('',(0.,0.,1.));
#1179=DIRECTION('',(-1.,0.,0.));
#1180=DIRECTION('',(0.,0.,1.));
#1181=DIRECTION('',(0.,0.,1.));
#1182=DIRECTION('',(1.,0.,0.));
#1183=DIRECTION('',(-1.,0.,0.));
#1184=DIRECTION('',(0.,0.,1.));
#1185=DIRECTION('',(0.,0.,1.));
#1186=DIRECTION('',(1.,0.,0.));
#1187=DIRECTION('',(-1.,0.,0.));
#1188=DIRECTION('',(0.,0.,1.));
#1189=DIRECTION('',(0.,0.,1.));
#1190=DIRECTION('',(1.,0.,0.));
#1191=DIRECTION('',(-1.,0.,0.));
#1192=DIRECTION('',(0.,0.,1.));
#1193=DIRECTION('',(0.,0.,1.));
#1194=DIRECTION('',(1.,0.,0.));
#1195=DIRECTION('',(-1.,0.,0.));
#1196=DIRECTION('',(0.,0.,1.));
#1197=DIRECTION('',(1.,0.,0.));
#1198=DIRECTION('',(0.,0.,-1.));
#1199=DIRECTION('',(0.,0.,1.));
#1200=DIRECTION('',(1.,0.,0.));
#1201=DIRECTION('',(1.,0.,0.));
#1202=DIRECTION('',(0.,0.,-1.));
#1203=DIRECTION('',(1.,0.,0.));
#1204=DIRECTION('',(0.,0.,-1.));
#1205=DIRECTION('',(1.,0.,0.));
#1206=DIRECTION('',(0.,0.,-1.));
#1207=DIRECTION('',(1.,0.,0.));
#1208=DIRECTION('',(0.,0.,-1.));
#1209=DIRECTION('',(0.,0.,1.));
#1210=DIRECTION('',(1.,0.,0.));
#1211=DIRECTION('',(1.,0.,0.));
#1212=DIRECTION('',(0.,0.,-1.));
#1213=DIRECTION('',(-1.,0.,0.));
#1214=DIRECTION('',(0.,0.,1.));
#1215=DIRECTION('',(0.,0.,1.));
#1216=DIRECTION('',(1.,0.,0.));
#1217=DIRECTION('',(-1.,0.,0.));
#1218=DIRECTION('',(0.,0.,1.));
#1219=DIRECTION('',(0.,0.,1.));
#1220=DIRECTION('',(1.,0.,0.));
#1221=DIRECTION('',(-1.,0.,0.));
#1222=DIRECTION('',(0.,0.,1.));
#1223=DIRECTION('',(0.,0.,1.));
#1224=DIRECTION('',(1.,0.,0.));
#1225=DIRECTION('',(0.,0.,1.));
#1226=DIRECTION('',(1.,0.,0.));
#1227=DIRECTION('',(-0.924756254630947,-0.235363325715288,-0.299048448297567));
#1228=DIRECTION('',(-0.307692307692307,0.,0.951485913604076));
#1229=DIRECTION('',(0.,0.,1.));
#1230=DIRECTION('',(1.,0.,0.));
#1231=DIRECTION('',(1.,0.,0.));
#1232=DIRECTION('',(0.,0.,-1.));
#1233=DIRECTION('',(0.,0.,1.));
#1234=DIRECTION('',(1.,0.,0.));
#1235=DIRECTION('',(1.,0.,0.));
#1236=DIRECTION('',(0.,0.,-1.));
#1237=DIRECTION('',(0.,0.,1.));
#1238=DIRECTION('',(1.,0.,0.));
#1239=DIRECTION('',(1.,0.,0.));
#1240=DIRECTION('',(0.,0.,-1.));
#1241=DIRECTION('',(0.,0.,1.));
#1242=DIRECTION('',(1.,0.,0.));
#1243=DIRECTION('',(1.,0.,0.));
#1244=DIRECTION('',(0.,0.,-1.));
#1245=DIRECTION('',(0.,-1.,0.));
#1246=DIRECTION('',(0.,0.,1.));
#1247=DIRECTION('',(1.,0.,0.));
#1248=DIRECTION('',(0.924756254630947,-0.235363325715289,-0.299048448297566));
#1249=DIRECTION('',(-0.307692307692307,0.,-0.951485913604076));
#1250=DIRECTION('',(0.,0.,1.));
#1251=DIRECTION('',(1.,0.,0.));
#1252=DIRECTION('',(-1.,0.,0.));
#1253=DIRECTION('',(0.,0.,1.));
#1254=DIRECTION('',(0.,0.,1.));
#1255=DIRECTION('',(1.,0.,0.));
#1256=DIRECTION('',(-1.,0.,0.));
#1257=DIRECTION('',(0.,0.,1.));
#1258=DIRECTION('',(0.,0.,1.));
#1259=DIRECTION('',(1.,0.,0.));
#1260=DIRECTION('',(-1.,0.,0.));
#1261=DIRECTION('',(0.,0.,1.));
#1262=DIRECTION('',(0.,0.,1.));
#1263=DIRECTION('',(1.,0.,0.));
#1264=DIRECTION('',(0.,0.,1.));
#1265=DIRECTION('',(1.,0.,0.));
#1266=DIRECTION('',(-1.,0.,0.));
#1267=DIRECTION('',(0.,0.,1.));
#1268=DIRECTION('',(0.,1.,0.));
#1269=DIRECTION('',(-1.,0.,0.));
#1270=DIRECTION('',(0.,0.,1.));
#1271=DIRECTION('',(-1.,0.,0.));
#1272=DIRECTION('',(-1.,0.,0.));
#1273=DIRECTION('',(0.,-1.,0.));
#1274=DIRECTION('',(0.,0.,-1.));
#1275=DIRECTION('',(0.,-1.,0.));
#1276=DIRECTION('',(0.,-1.,0.));
#1277=DIRECTION('',(0.,0.,-1.));
#1278=DIRECTION('',(0.,-1.,0.));
#1279=DIRECTION('',(-1.,0.,0.));
#1280=DIRECTION('',(0.,0.,1.));
#1281=DIRECTION('',(0.,0.,1.));
#1282=DIRECTION('',(1.,0.,0.));
#1283=DIRECTION('',(-1.,0.,0.));
#1284=DIRECTION('',(0.,0.,1.));
#1285=DIRECTION('',(0.,0.,1.));
#1286=DIRECTION('',(1.,0.,0.));
#1287=DIRECTION('',(-1.,0.,0.));
#1288=DIRECTION('',(0.,0.,1.));
#1289=DIRECTION('',(1.,0.,0.));
#1290=DIRECTION('',(0.,0.,-1.));
#1291=DIRECTION('',(0.,-1.,0.));
#1292=DIRECTION('',(-1.,0.,0.));
#1293=DIRECTION('',(0.,0.,1.));
#1294=DIRECTION('',(1.,0.,0.));
#1295=DIRECTION('',(0.,0.,-1.));
#1296=DIRECTION('',(0.,0.,1.));
#1297=DIRECTION('',(1.,0.,0.));
#1298=DIRECTION('',(1.,0.,0.));
#1299=DIRECTION('',(0.,0.,-1.));
#1300=DIRECTION('',(0.,0.,1.));
#1301=DIRECTION('',(1.,0.,0.));
#1302=DIRECTION('',(1.,0.,0.));
#1303=DIRECTION('',(0.,0.,-1.));
#1304=DIRECTION('',(-1.,0.,0.));
#1305=DIRECTION('',(0.,0.,1.));
#1306=DIRECTION('',(-1.,0.,0.));
#1307=DIRECTION('',(-1.,0.,0.));
#1308=DIRECTION('',(1.,0.,0.));
#1309=DIRECTION('',(0.,0.,-1.));
#1310=DIRECTION('',(1.,0.,0.));
#1311=DIRECTION('',(0.,0.,-1.));
#1312=DIRECTION('',(0.,0.,1.));
#1313=DIRECTION('',(1.,0.,0.));
#1314=DIRECTION('',(1.,0.,0.));
#1315=DIRECTION('',(0.,0.,-1.));
#1316=DIRECTION('',(0.,0.,1.));
#1317=DIRECTION('',(1.,0.,0.));
#1318=DIRECTION('',(1.,0.,0.));
#1319=DIRECTION('',(0.,0.,-1.));
#1320=DIRECTION('',(0.,-1.,0.));
#1321=DIRECTION('',(0.,-1.,0.));
#1322=DIRECTION('',(-1.,0.,0.));
#1323=DIRECTION('',(0.,0.,1.));
#1324=DIRECTION('',(-1.,0.,0.));
#1325=DIRECTION('',(0.,0.,1.));
#1326=DIRECTION('',(0.,0.,1.));
#1327=DIRECTION('',(1.,0.,0.));
#1328=DIRECTION('',(-1.,0.,0.));
#1329=DIRECTION('',(0.,0.,1.));
#1330=DIRECTION('',(0.,0.,1.));
#1331=DIRECTION('',(1.,0.,0.));
#1332=DIRECTION('',(-1.,0.,0.));
#1333=DIRECTION('',(0.,0.,1.));
#1334=DIRECTION('',(-1.,0.,0.));
#1335=DIRECTION('',(-1.,0.,0.));
#1336=DIRECTION('',(-1.,0.,0.));
#1337=DIRECTION('',(0.,0.,1.));
#1338=DIRECTION('',(0.,1.,0.));
#1339=DIRECTION('',(0.,1.,0.));
#1340=DIRECTION('',(1.,0.,0.));
#1341=DIRECTION('',(0.,0.,-1.));
#1342=DIRECTION('',(0.,0.,1.));
#1343=DIRECTION('',(1.,0.,0.));
#1344=DIRECTION('',(1.,0.,0.));
#1345=DIRECTION('',(0.,0.,-1.));
#1346=DIRECTION('',(0.,0.,1.));
#1347=DIRECTION('',(1.,0.,0.));
#1348=DIRECTION('',(1.,0.,0.));
#1349=DIRECTION('',(0.,0.,-1.));
#1350=DIRECTION('',(-1.,0.,0.));
#1351=DIRECTION('',(0.,0.,1.));
#1352=DIRECTION('',(-1.,0.,0.));
#1353=DIRECTION('',(-1.,0.,0.));
#1354=DIRECTION('',(-1.,0.,0.));
#1355=DIRECTION('',(1.,0.,0.));
#1356=DIRECTION('',(0.,0.,-1.));
#1357=DIRECTION('',(1.,0.,0.));
#1358=DIRECTION('',(0.,0.,-1.));
#1359=DIRECTION('',(0.,0.,1.));
#1360=DIRECTION('',(1.,0.,0.));
#1361=DIRECTION('',(1.,0.,0.));
#1362=DIRECTION('',(0.,0.,-1.));
#1363=DIRECTION('',(0.,0.,1.));
#1364=DIRECTION('',(1.,0.,0.));
#1365=DIRECTION('',(1.,0.,0.));
#1366=DIRECTION('',(0.,0.,-1.));
#1367=DIRECTION('',(0.,-1.,0.));
#1368=DIRECTION('',(0.,-1.,0.));
#1369=DIRECTION('',(-1.,0.,0.));
#1370=DIRECTION('',(0.,0.,1.));
#1371=DIRECTION('',(-1.,0.,0.));
#1372=DIRECTION('',(0.,0.,1.));
#1373=DIRECTION('',(0.,0.,1.));
#1374=DIRECTION('',(1.,0.,0.));
#1375=DIRECTION('',(-1.,0.,0.));
#1376=DIRECTION('',(0.,0.,1.));
#1377=DIRECTION('',(0.,0.,1.));
#1378=DIRECTION('',(1.,0.,0.));
#1379=DIRECTION('',(-1.,0.,0.));
#1380=DIRECTION('',(0.,0.,1.));
#1381=DIRECTION('',(-1.,0.,0.));
#1382=DIRECTION('',(-1.,0.,0.));
#1383=DIRECTION('',(-1.,0.,0.));
#1384=DIRECTION('',(0.,0.,1.));
#1385=DIRECTION('',(0.,1.,0.));
#1386=DIRECTION('',(0.,1.,0.));
#1387=DIRECTION('',(1.,0.,0.));
#1388=DIRECTION('',(0.,0.,-1.));
#1389=DIRECTION('',(0.,0.,1.));
#1390=DIRECTION('',(1.,0.,0.));
#1391=DIRECTION('',(1.,0.,0.));
#1392=DIRECTION('',(0.,0.,-1.));
#1393=DIRECTION('',(1.,0.,0.));
#1394=DIRECTION('',(0.,0.,-1.));
#1395=DIRECTION('',(-1.,0.,0.));
#1396=DIRECTION('',(0.,0.,1.));
#1397=DIRECTION('',(-1.,0.,0.));
#1398=DIRECTION('',(-1.,0.,0.));
#1399=DIRECTION('',(1.,0.,0.));
#1400=DIRECTION('',(0.,0.,-1.));
#1401=DIRECTION('',(1.,0.,0.));
#1402=DIRECTION('',(0.,0.,-1.));
#1403=DIRECTION('',(0.,0.,1.));
#1404=DIRECTION('',(1.,0.,0.));
#1405=DIRECTION('',(1.,0.,0.));
#1406=DIRECTION('',(0.,0.,-1.));
#1407=DIRECTION('',(1.,0.,0.));
#1408=DIRECTION('',(0.,0.,-1.));
#1409=DIRECTION('',(0.,-1.,0.));
#1410=DIRECTION('',(-1.,0.,0.));
#1411=DIRECTION('',(0.,0.,1.));
#1412=DIRECTION('',(-1.,0.,0.));
#1413=DIRECTION('',(1.,0.,0.));
#1414=DIRECTION('',(0.,0.,-1.));
#1415=DIRECTION('',(0.,-1.,0.));
#1416=DIRECTION('',(-1.,0.,0.));
#1417=DIRECTION('',(0.,0.,1.));
#1418=DIRECTION('',(-1.,0.,0.));
#1419=DIRECTION('',(-1.,0.,0.));
#1420=DIRECTION('',(-1.,0.,0.));
#1421=DIRECTION('',(0.,0.,1.));
#1422=DIRECTION('',(-1.,0.,0.));
#1423=DIRECTION('',(0.,0.,1.));
#1424=DIRECTION('',(0.,0.,1.));
#1425=DIRECTION('',(1.,0.,0.));
#1426=DIRECTION('',(-1.,0.,0.));
#1427=DIRECTION('',(0.,0.,1.));
#1428=DIRECTION('',(0.,0.,1.));
#1429=DIRECTION('',(1.,0.,0.));
#1430=DIRECTION('',(-1.,0.,0.));
#1431=DIRECTION('',(0.,0.,1.));
#1432=DIRECTION('',(0.,1.,0.));
#1433=DIRECTION('',(0.,1.,0.));
#1434=DIRECTION('',(-1.,0.,0.));
#1435=DIRECTION('',(0.,0.,1.));
#1436=DIRECTION('',(-1.,0.,0.));
#1437=DIRECTION('',(-1.,0.,0.));
#1438=DIRECTION('',(-1.,0.,0.));
#1439=DIRECTION('',(0.,0.,1.));
#1440=DIRECTION('',(0.,1.,0.));
#1441=DIRECTION('',(0.,1.,0.));
#1442=DIRECTION('',(-1.,0.,0.));
#1443=DIRECTION('',(0.,0.,1.));
#1444=DIRECTION('',(-1.,0.,0.));
#1445=DIRECTION('',(-1.,0.,0.));
#1446=DIRECTION('',(0.,0.,1.));
#1447=DIRECTION('',(-1.,0.,0.));
#1448=DIRECTION('',(-1.,0.,0.));
#1449=DIRECTION('',(0.,0.,1.));
#1450=DIRECTION('',(0.,1.,0.));
#1451=DIRECTION('',(0.,0.,1.));
#1452=DIRECTION('',(1.,0.,0.));
#1453=DIRECTION('',(0.,0.,1.));
#1454=DIRECTION('',(1.,0.,0.));
#1455=CARTESIAN_POINT('',(0.,0.,0.));
#1456=CARTESIAN_POINT('',(0.,0.,0.));
#1457=CARTESIAN_POINT('',(0.0037,0.0065,0.));
#1458=CARTESIAN_POINT('',(0.0037,0.007,0.));
#1459=CARTESIAN_POINT('',(0.0042,0.0065,0.));
#1460=CARTESIAN_POINT('',(-0.00402005889999866,0.007,0.));
#1461=CARTESIAN_POINT('',(0.0035,0.007,0.));
#1462=CARTESIAN_POINT('',(0.0035,0.0065,0.));
#1463=CARTESIAN_POINT('',(0.003,0.0065,0.));
#1464=CARTESIAN_POINT('',(0.003,0.,0.));
#1465=CARTESIAN_POINT('',(0.003,0.0055,0.));
#1466=CARTESIAN_POINT('',(0.0025,0.0055,0.));
#1467=CARTESIAN_POINT('',(0.0025,0.005,0.));
#1468=CARTESIAN_POINT('',(-0.00402005889999866,0.005,0.));
#1469=CARTESIAN_POINT('',(0.00175,0.005,4.19417894217371E-19));
#1470=CARTESIAN_POINT('',(0.00175,0.0045,-5.67957080058476E-20));
#1471=CARTESIAN_POINT('',(0.00127817541634481,0.00466547375096555,4.02853719060311E-17));
#1472=CARTESIAN_POINT('',(0.00325000000000026,0.00500000000000017,4.02853719060487E-17));
#1473=CARTESIAN_POINT('',(0.00325,0.003,-4.49648983258775E-19));
#1474=CARTESIAN_POINT('',(-0.00402005889999866,0.003,0.));
#1475=CARTESIAN_POINT('',(0.00395,0.003,0.));
#1476=CARTESIAN_POINT('',(0.00395,0.005,-4.2529392183863E-19));
#1477=CARTESIAN_POINT('',(0.00592182458365519,0.00466547375096555,-4.25293916742464E-19));
#1478=CARTESIAN_POINT('',(0.00545,0.0045,-2.6435748955088E-19));
#1479=CARTESIAN_POINT('',(0.00545,0.005,-2.94930227790791E-19));
#1480=CARTESIAN_POINT('',(-0.00402005889999866,0.005,0.));
#1481=CARTESIAN_POINT('',(0.0047,0.005,0.));
#1482=CARTESIAN_POINT('',(0.0047,0.0055,0.));
#1483=CARTESIAN_POINT('',(0.0042,0.0055,0.));
#1484=CARTESIAN_POINT('',(0.0042,0.,0.));
#1485=CARTESIAN_POINT('',(0.,0.025,7.65404249467096E-20));
#1486=CARTESIAN_POINT('',(0.000756912588524609,0.00427906726596667,-0.000994778032192598));
#1487=CARTESIAN_POINT('',(0.000544810673081867,0.00420553172755476,-0.00115616339119067));
#1488=CARTESIAN_POINT('',(-1.21710913865837E-6,0.00408599328995287,-0.00134391782397735));
#1489=CARTESIAN_POINT('',(-0.000545025070339339,0.00420560605888624,-0.00115600025933817));
#1490=CARTESIAN_POINT('',(-0.000756912588524353,0.00427906726596666,-0.000994778032192794));
#1491=CARTESIAN_POINT('',(0.000756912588524606,0.0042790672659667,-0.000994778032192607));
#1492=CARTESIAN_POINT('',(-0.000756912588524354,0.00427906726596666,-0.000994778032192794));
#1493=CARTESIAN_POINT('',(-0.000756912588524522,0.00427906726596659,-0.000994778032192871));
#1494=CARTESIAN_POINT('',(-0.000663991055769719,0.00416795559583737,-0.00106548071722509));
#1495=CARTESIAN_POINT('',(-0.000467444413582524,0.00395016584982646,-0.00118342783931161));
#1496=CARTESIAN_POINT('',(4.33701934120937E-7,0.00372512148625525,-0.00128293160609597));
#1497=CARTESIAN_POINT('',(0.000463526053394325,0.00394737514236226,-0.00118484541845698));
#1498=CARTESIAN_POINT('',(0.000664267760208734,0.00416828646739511,-0.0010652701767165));
#1499=CARTESIAN_POINT('',(0.000756912588524986,0.00427906726596656,-0.000994778032192831));
#1500=CARTESIAN_POINT('',(0.0134,0.,0.));
#1501=CARTESIAN_POINT('',(0.0134,0.0035,0.));
#1502=CARTESIAN_POINT('',(0.0134,0.0015,0.));
#1503=CARTESIAN_POINT('',(0.0114,0.0035,0.));
#1504=CARTESIAN_POINT('',(0.0134,0.,0.));
#1505=CARTESIAN_POINT('',(0.0134,-0.0015,0.));
#1506=CARTESIAN_POINT('',(0.0134,-0.0035,0.));
#1507=CARTESIAN_POINT('',(0.0114,-0.0035,0.));
#1508=CARTESIAN_POINT('',(0.0114,0.,0.));
#1509=CARTESIAN_POINT('',(0.0109,0.,0.));
#1510=CARTESIAN_POINT('',(0.0109,0.,0.));
#1511=CARTESIAN_POINT('',(0.0109,0.007,0.));
#1512=CARTESIAN_POINT('',(0.0109,-0.007,0.));
#1513=CARTESIAN_POINT('',(0.0109,0.0065,0.));
#1514=CARTESIAN_POINT('',(0.0114,0.0065,0.));
#1515=CARTESIAN_POINT('',(0.0114,0.,0.));
#1516=CARTESIAN_POINT('',(0.0114,-0.0065,0.));
#1517=CARTESIAN_POINT('',(0.0109,-0.0065,0.));
#1518=CARTESIAN_POINT('',(0.0097,0.,0.));
#1519=CARTESIAN_POINT('',(0.0097,0.0055,0.));
#1520=CARTESIAN_POINT('',(0.0102,0.0055,0.));
#1521=CARTESIAN_POINT('',(0.0097,0.005,0.));
#1522=CARTESIAN_POINT('',(0.0102,0.,0.));
#1523=CARTESIAN_POINT('',(0.0102,-0.0055,0.));
#1524=CARTESIAN_POINT('',(0.0097,-0.0055,0.));
#1525=CARTESIAN_POINT('',(0.0097,-0.005,0.));
#1526=CARTESIAN_POINT('',(0.0097,0.,0.));
#1527=CARTESIAN_POINT('',(0.0047,0.,0.));
#1528=CARTESIAN_POINT('',(0.0047,-0.0055,0.));
#1529=CARTESIAN_POINT('',(0.0042,-0.0055,0.));
#1530=CARTESIAN_POINT('',(0.0047,-0.005,0.));
#1531=CARTESIAN_POINT('',(0.0042,0.,0.));
#1532=CARTESIAN_POINT('',(0.0047,0.,0.));
#1533=CARTESIAN_POINT('',(0.0037,0.,0.));
#1534=CARTESIAN_POINT('',(0.0042,0.,0.));
#1535=CARTESIAN_POINT('',(0.0042,-0.0065,0.));
#1536=CARTESIAN_POINT('',(0.0037,-0.0065,0.));
#1537=CARTESIAN_POINT('',(0.0037,-0.007,0.));
#1538=CARTESIAN_POINT('',(0.0037,0.,0.));
#1539=CARTESIAN_POINT('',(-0.0025,0.,0.));
#1540=CARTESIAN_POINT('',(-0.0025,0.0055,0.));
#1541=CARTESIAN_POINT('',(-0.0025,0.005,0.));
#1542=CARTESIAN_POINT('',(-0.003,0.0055,0.));
#1543=CARTESIAN_POINT('',(-0.0025,0.,0.));
#1544=CARTESIAN_POINT('',(-0.0025,-0.005,0.));
#1545=CARTESIAN_POINT('',(-0.0025,-0.0055,0.));
#1546=CARTESIAN_POINT('',(-0.003,-0.0055,0.));
#1547=CARTESIAN_POINT('',(-0.003,0.,0.));
#1548=CARTESIAN_POINT('',(0.00125,0.005,4.74537700856765E-17));
#1549=CARTESIAN_POINT('',(0.00125,0.003,-1.84916493146117E-18));
#1550=CARTESIAN_POINT('',(0.00325,0.003,7.39544025257066E-17));
#1551=CARTESIAN_POINT('',(0.00125000000000001,0.005000000001416,-0.000168382123778214));
#1552=CARTESIAN_POINT('',(0.00124999999913079,0.0029999999991322,6.7353392547389E-6));
#1553=CARTESIAN_POINT('',(0.00325000000218371,0.00300000000000001,-0.000262676113094014));
#1554=CARTESIAN_POINT('',(0.00117883255689714,0.00487672960418758,-0.000507473634046039));
#1555=CARTESIAN_POINT('',(0.00134756597152273,0.00308901283981555,-7.04243428706178E-6));
#1556=CARTESIAN_POINT('',(0.00306496464691843,0.00292603776290658,-0.00079165886911182));
#1557=CARTESIAN_POINT('',(0.000899079411653459,0.00444166838585154,-0.000910672371519709));
#1558=CARTESIAN_POINT('',(0.00130791738520166,0.00313691864895409,-0.000519400159852353));
#1559=CARTESIAN_POINT('',(0.00233760647057292,0.0026650010314062,-0.00142064889957075));
#1560=CARTESIAN_POINT('',(0.000501118137710456,0.00396377053609487,-0.00118003316063482));
#1561=CARTESIAN_POINT('',(0.000830185918416042,0.00296846970028,-0.00107966566679637));
#1562=CARTESIAN_POINT('',(0.00130290715796562,0.00237826232168179,-0.00184085173059031));
#1563=CARTESIAN_POINT('',(-3.36404064946761E-6,0.00371593295742729,-0.0012857627776987));
#1564=CARTESIAN_POINT('',(-5.91348007615771E-6,0.00283429328901973,-0.00133402893321818));
#1565=CARTESIAN_POINT('',(-8.74650563626335E-6,0.00222955977446162,-0.00200578993320998));
#1566=CARTESIAN_POINT('',(-0.000508706571385104,0.00397058952442261,-0.0011768862035101));
#1567=CARTESIAN_POINT('',(-0.000841657878907958,0.00297188129407159,-0.00107226339089079));
#1568=CARTESIAN_POINT('',(-0.00132263708572911,0.00238235371460771,-0.00183594247747575));
#1569=CARTESIAN_POINT('',(-0.000903769439536041,0.00444871832856438,-0.000905596142684936));
#1570=CARTESIAN_POINT('',(-0.00131064405559515,0.00313765601789015,-0.000510821683897438));
#1571=CARTESIAN_POINT('',(-0.0023498005423347,0.00266923099731678,-0.0014127299825885));
#1572=CARTESIAN_POINT('',(-0.0011796913947218,0.00487825195791291,-0.000503855213531282));
#1573=CARTESIAN_POINT('',(-0.00134601452581614,0.00308768305979395,-6.61115249524178E-6));
#1574=CARTESIAN_POINT('',(-0.00306719762798488,0.00292695117408097,-0.0007860141331088));
#1575=CARTESIAN_POINT('',(-0.00125000000000002,0.00499999999760499,-0.000168121528384074));
#1576=CARTESIAN_POINT('',(-0.0012500000015664,0.00300000000153641,6.72491533641529E-6));
#1577=CARTESIAN_POINT('',(-0.00324999999632028,0.00300000000000002,-0.000262269584279155));
#1578=CARTESIAN_POINT('',(-0.00125,0.005,1.43721497933498E-16));
#1579=CARTESIAN_POINT('',(-0.00125,0.003,-5.69987404537373E-18));
#1580=CARTESIAN_POINT('',(-0.00325,0.003,2.24132057968308E-16));
#1581=CARTESIAN_POINT('',(-0.00127817541634483,0.00466547375096558,-8.30245676948888E-11));
#1582=CARTESIAN_POINT('',(-0.00127817538465029,0.00466547372411577,-0.000417132582511057));
#1583=CARTESIAN_POINT('',(-0.00105039013923731,0.00445749643549487,-0.000771475098879845));
#1584=CARTESIAN_POINT('',(-0.000756912588524359,0.00427906726596657,-0.000994778032192787));
#1585=CARTESIAN_POINT('',(-0.00127817541634491,0.0046654737509656,3.33334027581988E-18));
#1586=CARTESIAN_POINT('',(-0.00325000000000009,0.00500000000000006,3.33334027581988E-18));
#1587=CARTESIAN_POINT('',(-0.00325,0.003,0.));
#1588=CARTESIAN_POINT('',(0.00325000000000001,0.003,9.44645920552875E-19));
#1589=CARTESIAN_POINT('',(0.00325000000000001,0.003,-0.000354284942599896));
#1590=CARTESIAN_POINT('',(0.00290636415147278,0.00286365037401553,-0.00101025298706226));
#1591=CARTESIAN_POINT('',(0.00204355049499658,0.00257297368954491,-0.00156609924000188));
#1592=CARTESIAN_POINT('',(0.00105972743667134,0.00234184890846021,-0.00188126496890992));
#1593=CARTESIAN_POINT('',(4.76658546277652E-6,0.00224908167456865,-0.00198401494062732));
#1594=CARTESIAN_POINT('',(-0.00105390905900141,0.00234064828019843,-0.00188266574166514));
#1595=CARTESIAN_POINT('',(-0.00204093587726604,0.00257214084249456,-0.0015677123561564));
#1596=CARTESIAN_POINT('',(-0.00290604388424423,0.00286350423956939,-0.00101031342003768));
#1597=CARTESIAN_POINT('',(-0.00325,0.003,-0.000355787169834519));
#1598=CARTESIAN_POINT('',(-0.00325,0.003,-8.63534514657995E-19));
#1599=CARTESIAN_POINT('',(0.000756912588525167,0.0042790672659664,-0.000994778032192177));
#1600=CARTESIAN_POINT('',(0.00105093230210073,0.00445782606096137,-0.000771062574795547));
#1601=CARTESIAN_POINT('',(0.00127817544809755,0.00466547377786473,-0.00041790301629927));
#1602=CARTESIAN_POINT('',(0.00127817541634482,0.00466547375096558,8.30235327040818E-11));
#1603=CARTESIAN_POINT('',(-0.00125,0.0045,2.48422258062074E-18));
#1604=CARTESIAN_POINT('',(-0.00125,0.005,2.86725540760856E-18));
#1605=CARTESIAN_POINT('',(-0.00175,0.005,3.83032826987817E-18));
#1606=CARTESIAN_POINT('',(-0.00125,0.00449999999754173,-0.000165043342061281));
#1607=CARTESIAN_POINT('',(-0.00124999999407258,0.00499999999865992,-0.000190716785550586));
#1608=CARTESIAN_POINT('',(-0.0017499999937069,0.005,-0.000256734087650882));
#1609=CARTESIAN_POINT('',(-0.00118310879406445,0.00446238323533656,-0.000495399669314379));
#1610=CARTESIAN_POINT('',(-0.00115650940228247,0.00497775407117469,-0.000583170299595653));
#1611=CARTESIAN_POINT('',(-0.00165635231460904,0.00495820359354996,-0.000770621707822368));
#1612=CARTESIAN_POINT('',(-0.000905634465115133,0.00432713491895627,-0.000906896703926176));
#1613=CARTESIAN_POINT('',(-0.000798581925771479,0.004915440112623,-0.00101710453455685));
#1614=CARTESIAN_POINT('',(-0.00126788825038499,0.00480792768807162,-0.00141072820610738));
#1615=CARTESIAN_POINT('',(-0.000494794467222713,0.00418703473436246,-0.00118317256978563));
#1616=CARTESIAN_POINT('',(-0.000362181644817962,0.00489183759548345,-0.00122615810673575));
#1617=CARTESIAN_POINT('',(-0.000692712254297754,0.00465226081585699,-0.00184049066411098));
#1618=CARTESIAN_POINT('',(2.71644556001875E-7,0.00412508977149858,-0.0012835210625209));
#1619=CARTESIAN_POINT('',(1.45351355353023E-7,0.0049036403110796,-0.00126262820809362));
#1620=CARTESIAN_POINT('',(3.80302346032339E-7,0.00458343307950562,-0.00199658831947695));
#1621=CARTESIAN_POINT('',(0.000496054518149052,0.00418729232425792,-0.00118274281301955));
#1622=CARTESIAN_POINT('',(0.000363241422140726,0.00489181153545742,-0.00122597247141637));
#1623=CARTESIAN_POINT('',(0.000694476325724109,0.00465254702680351,-0.00183982215358596));
#1624=CARTESIAN_POINT('',(0.000906574026610834,0.00432756961825719,-0.000905894266329668));
#1625=CARTESIAN_POINT('',(0.000799781238046138,0.00491560438441973,-0.0010161356222103));
#1626=CARTESIAN_POINT('',(0.00126920363602579,0.00480841068748862,-0.00140916885873504));
#1627=CARTESIAN_POINT('',(0.00118311505913769,0.00446239864795007,-0.000494815271680369));
#1628=CARTESIAN_POINT('',(0.00115656660450776,0.00497778311030081,-0.000582413543957759));
#1629=CARTESIAN_POINT('',(0.00165636108739483,0.0049582207179495,-0.00076971264483613));
#1630=CARTESIAN_POINT('',(0.00125000000000001,0.00449999999613218,-0.000165538466857727));
#1631=CARTESIAN_POINT('',(0.00124999999067709,0.00499999999789917,-0.000191288930013862));
#1632=CARTESIAN_POINT('',(0.00174999999008145,0.005,-0.000257504281778686));
#1633=CARTESIAN_POINT('',(0.00125,0.0045,4.1020095526543E-17));
#1634=CARTESIAN_POINT('',(0.00125,0.005,4.73975974784521E-17));
#1635=CARTESIAN_POINT('',(0.00175,0.005,6.37750195190906E-17));
#1636=CARTESIAN_POINT('',(-0.00175000000000001,0.00500000000000001,-2.23345947074793E-16));
#1637=CARTESIAN_POINT('',(-0.00174999999999996,0.00499999999999998,-0.000488609495067976));
#1638=CARTESIAN_POINT('',(-0.00149277101965993,0.0048757246828197,-0.0012186097935394));
#1639=CARTESIAN_POINT('',(-0.00073370637414277,0.00465863916658773,-0.00182528709058437));
#1640=CARTESIAN_POINT('',(2.6738555522469E-6,0.00458026614648213,-0.00200411566829857));
#1641=CARTESIAN_POINT('',(0.000733604327487984,0.00465883867344416,-0.00182491096534122));
#1642=CARTESIAN_POINT('',(0.00149444461710335,0.00487612925484143,-0.00121670898415725));
#1643=CARTESIAN_POINT('',(0.00175000000000001,0.005,-0.000489812395541322));
#1644=CARTESIAN_POINT('',(0.00175000000000001,0.005,6.1578892014839E-20));
#1645=CARTESIAN_POINT('',(-0.00175,0.005,-2.21562410461693E-16));
#1646=CARTESIAN_POINT('',(-0.00175,0.0045,-1.99401644929827E-16));
#1647=CARTESIAN_POINT('',(0.00758461538461538,0.00392905841137543,-0.00118935739200509));
#1648=CARTESIAN_POINT('',(0.00781259079903148,0.00293965871456418,-0.00111563451250066));
#1649=CARTESIAN_POINT('',(0.0082,0.00235743504682526,-0.00185539753152795));
#1650=CARTESIAN_POINT('',(0.0073961922405346,0.00380437198905557,-0.00125028982536636));
#1651=CARTESIAN_POINT('',(0.00753250368536519,0.00288496436811938,-0.00124536005602792));
#1652=CARTESIAN_POINT('',(0.00771009982481913,0.00228262319977534,-0.00195045213150252));
#1653=CARTESIAN_POINT('',(0.00697766093888347,0.00373451351480684,-0.00127999112533597));
#1654=CARTESIAN_POINT('',(0.00680877192031128,0.00284819924753072,-0.00131808782568818));
#1655=CARTESIAN_POINT('',(0.00662191844135748,0.00224070810593337,-0.00199678615369632));
#1656=CARTESIAN_POINT('',(0.00642989045649895,0.00425263260082767,-0.0010390174767691));
#1657=CARTESIAN_POINT('',(0.0059835956085296,0.00310392991337528,-0.000747127194589537));
#1658=CARTESIAN_POINT('',(0.00519771518684191,0.00255157956131118,-0.00162086726426056));
#1659=CARTESIAN_POINT('',(0.00611674694898451,0.00472483182513885,-0.000674922654234654));
#1660=CARTESIAN_POINT('',(0.00583876281330277,0.00312626043949556,-0.000177508706885158));
#1661=CARTESIAN_POINT('',(0.00438354206731794,0.00283489909496278,-0.00105287934054346));
#1662=CARTESIAN_POINT('',(0.00597475659442571,0.00495766851267933,-0.000303445415999625));
#1663=CARTESIAN_POINT('',(0.00592008345504564,0.0030283431064397,9.98023706374801E-6));
#1664=CARTESIAN_POINT('',(0.00401436714559313,0.00297460110766164,-0.000473374848971935));
#1665=CARTESIAN_POINT('',(0.00594999999999999,0.00500000000012475,-0.000100398156733196));
#1666=CARTESIAN_POINT('',(0.00595000000005916,0.00299999999993589,4.01595864435774E-6));
#1667=CARTESIAN_POINT('',(0.00394999999980517,0.00300000000000001,-0.000156621124503786));
#1668=CARTESIAN_POINT('',(0.00595,0.005,1.64715863440574E-16));
#1669=CARTESIAN_POINT('',(0.00595,0.003,-6.46127127051164E-18));
#1670=CARTESIAN_POINT('',(0.00395,0.003,2.56765702066628E-16));
#1671=CARTESIAN_POINT('',(0.00592182458365519,0.00466547375096555,-8.30234983403549E-11));
#1672=CARTESIAN_POINT('',(0.00592182461534935,0.00466547372411601,-0.000417132582508371));
#1673=CARTESIAN_POINT('',(0.0061496098607633,0.00445749643549188,-0.000771475098880298));
#1674=CARTESIAN_POINT('',(0.00644308741147563,0.00427906726596658,-0.000994778032192776));
#1675=CARTESIAN_POINT('',(0.00644308741147581,0.00427906726596651,-0.000994778032192917));
#1676=CARTESIAN_POINT('',(0.0082,0.00235743504682526,-0.00185539753152795));
#1677=CARTESIAN_POINT('',(0.00777528584276716,0.00229257765157709,-0.00193780418239694));
#1678=CARTESIAN_POINT('',(0.00689797782550509,0.00224049560305312,-0.00199410825162656));
#1679=CARTESIAN_POINT('',(0.00560865370793257,0.00244010142459151,-0.00176476556827907));
#1680=CARTESIAN_POINT('',(0.00465545736940799,0.00273636926314539,-0.00129150067786091));
#1681=CARTESIAN_POINT('',(0.00408193175353161,0.0029478977142404,-0.000652102383833068));
#1682=CARTESIAN_POINT('',(0.00394999999999994,0.00300000000000002,-0.000218191916420447));
#1683=CARTESIAN_POINT('',(0.00394999999999994,0.00300000000000002,-3.67880600309927E-18));
#1684=CARTESIAN_POINT('',(0.0082,0.00235743504682526,-0.00185539753152795));
#1685=CARTESIAN_POINT('',(0.0082,0.00392905841137543,-0.00309232921921325));
#1686=CARTESIAN_POINT('',(0.00758461538461539,0.00392905841137543,-0.00118935739200509));
#1687=CARTESIAN_POINT('',(0.00644308741147575,0.00427906726596643,-0.000994778032192869));
#1688=CARTESIAN_POINT('',(0.00657538634675585,0.004120869750068,-0.0010954424279889));
#1689=CARTESIAN_POINT('',(0.00680116225969854,0.0038677568884167,-0.00122053833808227));
#1690=CARTESIAN_POINT('',(0.0072756185938359,0.00376609444358632,-0.0012648801330052));
#1691=CARTESIAN_POINT('',(0.00749093155047198,0.00386706443132472,-0.00121965294836479));
#1692=CARTESIAN_POINT('',(0.00758461538461539,0.00392905841137543,-0.00118935739200509));
#1693=CARTESIAN_POINT('',(0.0082,0.00235743504682526,-0.00185539753152795));
#1694=CARTESIAN_POINT('',(0.00781259079903148,0.00293965871456418,-0.00111563451250066));
#1695=CARTESIAN_POINT('',(0.00758461538461538,0.00392905841137543,-0.00118935739200509));
#1696=CARTESIAN_POINT('',(0.00852027080651297,0.00245525109435637,-0.00173111420427685));
#1697=CARTESIAN_POINT('',(0.00799787136345638,0.00304419136905779,-0.00100306749124984));
#1698=CARTESIAN_POINT('',(0.00783097754418166,0.00409208514990039,-0.00110968859153082));
#1699=CARTESIAN_POINT('',(0.00909780396656285,0.00259815765649641,-0.00125832560895686));
#1700=CARTESIAN_POINT('',(0.00829062326428488,0.00318791145843445,-0.000719576135175974));
#1701=CARTESIAN_POINT('',(0.00827523381940326,0.00428388168063097,-0.000792007546883933));
#1702=CARTESIAN_POINT('',(0.0093249999982469,0.00265359457060896,-0.000422728729525818));
#1703=CARTESIAN_POINT('',(0.00844999999790008,0.00324888861353799,-0.000247322742308943));
#1704=CARTESIAN_POINT('',(0.0084500000000007,0.00430718913832789,-0.000263905101636529));
#1705=CARTESIAN_POINT('',(0.00932500000000001,0.00265359456941541,5.31730185378767E-15));
#1706=CARTESIAN_POINT('',(0.00845,0.00324888861440494,3.11103242431591E-15));
#1707=CARTESIAN_POINT('',(0.00845,0.00430718913883078,3.31965814085411E-15));
#1708=CARTESIAN_POINT('',(0.00932500000000164,0.00265359456941648,-1.25461398025107E-18));
#1709=CARTESIAN_POINT('',(0.00932500000000164,0.00265359456941648,-0.000388937570717711));
#1710=CARTESIAN_POINT('',(0.00914439730736411,0.00260865592801698,-0.00117653067643031));
#1711=CARTESIAN_POINT('',(0.00855222536692105,0.00246501055119586,-0.00171871401229619));
#1712=CARTESIAN_POINT('',(0.0082,0.00235743504682526,-0.00185539753152795));
#1713=CARTESIAN_POINT('',(0.00932500000000176,0.00265359456941593,0.));
#1714=CARTESIAN_POINT('',(0.01045,0.00430718913883074,8.62864415800155E-15));
#1715=CARTESIAN_POINT('',(0.00845,0.00430718913883074,3.3187380232806E-15));
#1716=CARTESIAN_POINT('',(0.00758461538461539,0.00392905841137543,-0.00118935739200509));
#1717=CARTESIAN_POINT('',(0.0078069370196387,0.00407617667497443,-0.00111746283639246));
#1718=CARTESIAN_POINT('',(0.00825628828438104,0.00428113445928727,-0.000824451418584205));
#1719=CARTESIAN_POINT('',(0.00845000000000075,0.00430718913883106,-0.000273858310211066));
#1720=CARTESIAN_POINT('',(0.00845000000000002,0.00430718913883092,3.31336271049751E-15));
#1721=CARTESIAN_POINT('',(0.0082,0.,0.));
#1722=CARTESIAN_POINT('',(0.0082,-0.001,0.));
#1723=CARTESIAN_POINT('',(0.0102,-0.001,0.));
#1724=CARTESIAN_POINT('',(0.0082,-0.003,0.));
#1725=CARTESIAN_POINT('',(0.0102,0.,0.));
#1726=CARTESIAN_POINT('',(0.0102,0.001,0.));
#1727=CARTESIAN_POINT('',(0.0082,0.001,0.));
#1728=CARTESIAN_POINT('',(0.0082,0.,0.));
#1729=CARTESIAN_POINT('',(0.00595,0.0045,-2.49799426771827E-19));
#1730=CARTESIAN_POINT('',(0.00595,0.005,-2.97501786707953E-19));
#1731=CARTESIAN_POINT('',(0.00545,0.005,-4.77023599361261E-19));
#1732=CARTESIAN_POINT('',(0.00595,0.00449999999716673,-0.000165208868837602));
#1733=CARTESIAN_POINT('',(0.00595000000683203,0.0049999999984574,-0.000190908061011151));
#1734=CARTESIAN_POINT('',(0.00545000000725852,0.005,-0.00025699157374738));
#1735=CARTESIAN_POINT('',(0.00601689970442069,0.00446237540458945,-0.000495356987415673));
#1736=CARTESIAN_POINT('',(0.00604350835553624,0.00497774959841138,-0.000583117894697163));
#1737=CARTESIAN_POINT('',(0.00554365958282191,0.00495819489252654,-0.000770555313757713));
#1738=CARTESIAN_POINT('',(0.00629436901363285,0.00432714544359997,-0.000906877414036386));
#1739=CARTESIAN_POINT('',(0.00640139348235228,0.00491544868484884,-0.00101707798367713));
#1740=CARTESIAN_POINT('',(0.00593211661998289,0.00480793938217171,-0.00141069819961216));
#1741=CARTESIAN_POINT('',(0.00670496627907777,0.00418708725171468,-0.00118307579583659));
#1742=CARTESIAN_POINT('',(0.00683761091691899,0.00489183792235306,-0.00122609693220898));
#1743=CARTESIAN_POINT('',(0.00650695279048834,0.00465231916845772,-0.00184034012685692));
#1744=CARTESIAN_POINT('',(0.00720034381218662,0.00412506694181983,-0.00128356015667993));
#1745=CARTESIAN_POINT('',(0.00720020668941286,0.00490364110400186,-0.00126265132767414));
#1746=CARTESIAN_POINT('',(0.00720048133704653,0.00458340771319573,-0.00199664913261323));
#1747=CARTESIAN_POINT('',(0.00769620872420698,0.00418733116490427,-0.00118268314385796));
#1748=CARTESIAN_POINT('',(0.00756336667124774,0.00489180908133909,-0.00122594870718667));
#1749=CARTESIAN_POINT('',(0.00789469221416925,0.00465259018309078,-0.00183972933489017));
#1750=CARTESIAN_POINT('',(0.00810667718982414,0.00432761522059434,-0.000905762864511102));
#1751=CARTESIAN_POINT('',(0.00799991332676362,0.00491562148076717,-0.00101600181424524));
#1752=CARTESIAN_POINT('',(0.00846934806465061,0.00480846135669811,-0.00140896445590616));
#1753=CARTESIAN_POINT('',(0.00838315105627607,0.0044624188949223,-0.000494797130967528));
#1754=CARTESIAN_POINT('',(0.00835661692555178,0.00497779518435606,-0.000582391442315456));
#1755=CARTESIAN_POINT('',(0.00885641148291979,0.00495824321478781,-0.000769684425949489));
#1756=CARTESIAN_POINT('',(0.00845,0.00449999999652501,-0.000165301925030165));
#1757=CARTESIAN_POINT('',(0.00844999999162286,0.00499999999811129,-0.000191015592699242));
#1758=CARTESIAN_POINT('',(0.00894999999109113,0.005,-0.000257136327824701));
#1759=CARTESIAN_POINT('',(0.00845,0.0045,2.90281630732076E-18));
#1760=CARTESIAN_POINT('',(0.00845,0.005,3.3455208393546E-18));
#1761=CARTESIAN_POINT('',(0.00895,0.005,4.42704532033832E-18));
#1762=CARTESIAN_POINT('',(0.00845000000000005,0.00450000000000003,-5.91588851769235E-18));
#1763=CARTESIAN_POINT('',(0.00845000000000005,0.00450000000000002,-0.000235711767292703));
#1764=CARTESIAN_POINT('',(0.00831189033179321,0.00442121032702391,-0.000698211754665293));
#1765=CARTESIAN_POINT('',(0.00779674062790986,0.00419762841619099,-0.00117228695207697));
#1766=CARTESIAN_POINT('',(0.00707170885958856,0.00410658845078996,-0.00131258922833313));
#1767=CARTESIAN_POINT('',(0.00662472273301116,0.00421609446755577,-0.00113298178915333));
#1768=CARTESIAN_POINT('',(0.00644308741147582,0.00427906726596654,-0.000994778032192922));
#1769=CARTESIAN_POINT('',(0.00845,0.0045,0.));
#1770=CARTESIAN_POINT('',(0.00895,0.0045,-6.34939831539612E-20));
#1771=CARTESIAN_POINT('',(0.00895,0.005,-6.72805014972669E-20));
#1772=CARTESIAN_POINT('',(0.00544999999999999,0.00500000000000001,-1.50030341136082E-18));
#1773=CARTESIAN_POINT('',(0.00544999999999999,0.00500000000000001,-0.000489118648268326));
#1774=CARTESIAN_POINT('',(0.00570737470841238,0.00487566052739705,-0.00121877483473513));
#1775=CARTESIAN_POINT('',(0.00646656865328444,0.00465857775492261,-0.00182544753624327));
#1776=CARTESIAN_POINT('',(0.00720292974292178,0.00458028922235481,-0.00200406116646585));
#1777=CARTESIAN_POINT('',(0.00793340335400846,0.0046588083278986,-0.0018249672328652));
#1778=CARTESIAN_POINT('',(0.00869454022365173,0.00487613933792099,-0.00121680722660415));
#1779=CARTESIAN_POINT('',(0.00895000000000001,0.00500000000000001,-0.000489298562420536));
#1780=CARTESIAN_POINT('',(0.00895000000000001,0.00500000000000001,-1.55743778439623E-18));
#1781=CARTESIAN_POINT('',(0.0102,0.,0.0015));
#1782=CARTESIAN_POINT('',(0.0102,0.,0.));
#1783=CARTESIAN_POINT('',(-0.00595,0.005,-1.64379496626463E-16));
#1784=CARTESIAN_POINT('',(-0.00595,0.003,6.62416573702445E-18));
#1785=CARTESIAN_POINT('',(-0.00395,0.003,-2.56505493545232E-16));
#1786=CARTESIAN_POINT('',(-0.00595000000000001,0.00499999999987854,-0.000100300653776509));
#1787=CARTESIAN_POINT('',(-0.00594999999990142,0.0030000000000913,4.01205849365861E-6));
#1788=CARTESIAN_POINT('',(-0.00395000000018367,0.00299999999999999,-0.000156469019891353));
#1789=CARTESIAN_POINT('',(-0.00597468711184466,0.00495780003816183,-0.000303064161626173));
#1790=CARTESIAN_POINT('',(-0.00592020588769731,0.00302824538301756,1.00110930770091E-5));
#1791=CARTESIAN_POINT('',(-0.00401418649071121,0.00297468002288436,-0.000472780092149303));
#1792=CARTESIAN_POINT('',(-0.00611654278941027,0.00472509044021041,-0.000674784794415182));
#1793=CARTESIAN_POINT('',(-0.00583858311275304,0.00312628912087608,-0.000177150179061962));
#1794=CARTESIAN_POINT('',(-0.00438301125252392,0.0028350542640442,-0.00105266427922532));
#1795=CARTESIAN_POINT('',(-0.0064307008576012,0.00425180860574798,-0.00103951309395928));
#1796=CARTESIAN_POINT('',(-0.00598460007592285,0.00310369450956506,-0.000748073096216458));
#1797=CARTESIAN_POINT('',(-0.0051998222296727,0.0025510851642509,-0.00162164042707541));
#1798=CARTESIAN_POINT('',(-0.0069768025375582,0.00373501011932069,-0.001279728641272));
#1799=CARTESIAN_POINT('',(-0.0068075449101772,0.00284837268934971,-0.0013175995079343));
#1800=CARTESIAN_POINT('',(-0.00661968659792628,0.00224100606864284,-0.0019963766785632));
#1801=CARTESIAN_POINT('',(-0.00739612376760037,0.003804326678049,-0.00125031196820089));
#1802=CARTESIAN_POINT('',(-0.00753240379820832,0.00288494486253987,-0.00124540631987573));
#1803=CARTESIAN_POINT('',(-0.00770992179517964,0.00228259601317699,-0.00195048667431002));
#1804=CARTESIAN_POINT('',(-0.00758461538461538,0.00392905841137544,-0.00118935739200509));
#1805=CARTESIAN_POINT('',(-0.00781259079903148,0.00293965871456419,-0.00111563451250066));
#1806=CARTESIAN_POINT('',(-0.0082,0.00235743504682526,-0.00185539753152795));
#1807=CARTESIAN_POINT('',(-0.00394999999999994,0.00300000000000002,5.63968872355904E-18));
#1808=CARTESIAN_POINT('',(-0.00394999999999994,0.00300000000000002,-0.000218138814647077));
#1809=CARTESIAN_POINT('',(-0.00408108583775103,0.00294823201570377,-0.000650322739809533));
#1810=CARTESIAN_POINT('',(-0.00465460076689496,0.00273661930035612,-0.00129145355194841));
#1811=CARTESIAN_POINT('',(-0.00561037013420247,0.0024397082222317,-0.00176522438832883));
#1812=CARTESIAN_POINT('',(-0.00689711579371816,0.00224063020297607,-0.00199395060552285));
#1813=CARTESIAN_POINT('',(-0.00777522925463962,0.0022925690100979,-0.00193781516210645));
#1814=CARTESIAN_POINT('',(-0.0082,0.00235743504682526,-0.00185539753152795));
#1815=CARTESIAN_POINT('',(-0.00395,0.003,3.72352767091987E-19));
#1816=CARTESIAN_POINT('',(-0.0082,0.00235743504682526,-0.00185539753152795));
#1817=CARTESIAN_POINT('',(-0.00394999999999766,0.00500000000000152,-4.45241062161765E-16));
#1818=CARTESIAN_POINT('',(-0.00592182458365519,0.00466547375096555,-4.45241062156065E-16));
#1819=CARTESIAN_POINT('',(-0.00644308741147564,0.00427906726596657,-0.000994778032192784));
#1820=CARTESIAN_POINT('',(-0.00614906769789302,0.00445782606094393,-0.000771062574791241));
#1821=CARTESIAN_POINT('',(-0.00592182455190288,0.00466547377786436,-0.000417903016300456));
#1822=CARTESIAN_POINT('',(-0.00592182458365519,0.00466547375096555,8.3022465618847E-11));
#1823=CARTESIAN_POINT('',(-0.00644308741147563,0.00427906726596657,-0.000994778032192779));
#1824=CARTESIAN_POINT('',(-0.00758461538461539,0.00392905841137543,-0.00118935739200509));
#1825=CARTESIAN_POINT('',(-0.0074907948149649,0.00386697394849622,-0.00121969716600702));
#1826=CARTESIAN_POINT('',(-0.00727419393296647,0.00376561138709258,-0.00126509816284512));
#1827=CARTESIAN_POINT('',(-0.00679940505626185,0.00386922144909395,-0.00121987000124389));
#1828=CARTESIAN_POINT('',(-0.00657508693344754,0.00412122777593947,-0.00109521460862129));
#1829=CARTESIAN_POINT('',(-0.00644308741147563,0.00427906726596657,-0.00099477803219278));
#1830=CARTESIAN_POINT('',(-0.00758461538461539,0.00392905841137543,-0.00118935739200509));
#1831=CARTESIAN_POINT('',(-0.0082,0.00392905841137543,-0.00309232921921325));
#1832=CARTESIAN_POINT('',(-0.00932500000000001,0.00265359456941541,-5.31736633148052E-15));
#1833=CARTESIAN_POINT('',(-0.00845,0.00324888861440494,-3.11096162525054E-15));
#1834=CARTESIAN_POINT('',(-0.00845,0.00430718913883078,-3.31952882712039E-15));
#1835=CARTESIAN_POINT('',(-0.0093250000017802,0.00265359456820344,-0.000422132486874553));
#1836=CARTESIAN_POINT('',(-0.00845000000208941,0.00324888861519705,-0.00024697390303433));
#1837=CARTESIAN_POINT('',(-0.0084499999999993,0.00430718913925422,-0.000263532873617086));
#1838=CARTESIAN_POINT('',(-0.00909966908536032,0.00259862904622051,-0.0012558616094888));
#1839=CARTESIAN_POINT('',(-0.00829169255583015,0.00318840907207595,-0.000718141686691907));
#1840=CARTESIAN_POINT('',(-0.00827666852780194,0.00428442242708996,-0.000790402708357952));
#1841=CARTESIAN_POINT('',(-0.00851985509498675,0.00245512412796593,-0.00173127552551044));
#1842=CARTESIAN_POINT('',(-0.00799762861386337,0.0030440544134406,-0.00100321497492182));
#1843=CARTESIAN_POINT('',(-0.00783065776554111,0.00409187354225942,-0.0011097920018141));
#1844=CARTESIAN_POINT('',(-0.0082,0.00235743504682526,-0.00185539753152795));
#1845=CARTESIAN_POINT('',(-0.00781259079903148,0.00293965871456418,-0.00111563451250066));
#1846=CARTESIAN_POINT('',(-0.00758461538461538,0.00392905841137543,-0.00118935739200509));
#1847=CARTESIAN_POINT('',(-0.00845000000000002,0.00430718913883092,-3.31314692970723E-15));
#1848=CARTESIAN_POINT('',(-0.00844999999999929,0.00430718913883078,-0.000273410000058967));
#1849=CARTESIAN_POINT('',(-0.00825826376960508,0.00428185270913181,-0.000822180274225052));
#1850=CARTESIAN_POINT('',(-0.00780675948596042,0.00407605919452106,-0.00111752024738129));
#1851=CARTESIAN_POINT('',(-0.00758461538461539,0.00392905841137543,-0.00118935739200509));
#1852=CARTESIAN_POINT('',(-0.00845,0.00430718913883074,-3.31860870954952E-15));
#1853=CARTESIAN_POINT('',(-0.01045,0.00430718913883078,-8.63089741517999E-15));
#1854=CARTESIAN_POINT('',(-0.009325,0.00265359456941537,-1.69505615060168E-14));
#1855=CARTESIAN_POINT('',(-0.0082,0.00235743504682526,-0.00185539753152795));
#1856=CARTESIAN_POINT('',(-0.00855175339325159,0.00246486640256174,-0.00171889716498247));
#1857=CARTESIAN_POINT('',(-0.00914576230987129,0.00260900508667954,-0.00117472644784562));
#1858=CARTESIAN_POINT('',(-0.009324999999999,0.00265359456941582,-0.000388433078035858));
#1859=CARTESIAN_POINT('',(-0.00932500000000164,0.00265359456941648,-1.68022171102949E-14));
#1860=CARTESIAN_POINT('',(-0.0082,0.,0.));
#1861=CARTESIAN_POINT('',(-0.0082,0.001,0.));
#1862=CARTESIAN_POINT('',(-0.0102,0.001,0.));
#1863=CARTESIAN_POINT('',(-0.0102,0.,0.));
#1864=CARTESIAN_POINT('',(-0.0102,-0.001,0.));
#1865=CARTESIAN_POINT('',(-0.0082,-0.001,0.));
#1866=CARTESIAN_POINT('',(-0.0082,-0.003,0.));
#1867=CARTESIAN_POINT('',(-0.0082,0.,0.));
#1868=CARTESIAN_POINT('',(-0.00845,0.0045,3.15057728010215E-19));
#1869=CARTESIAN_POINT('',(-0.00845,0.005,3.60664911258617E-19));
#1870=CARTESIAN_POINT('',(-0.00895,0.005,4.56071832484019E-19));
#1871=CARTESIAN_POINT('',(-0.00845,0.00449999999754173,-0.000165043342061286));
#1872=CARTESIAN_POINT('',(-0.00844999999407129,0.00499999999865994,-0.000190716785550594));
#1873=CARTESIAN_POINT('',(-0.00894999999370623,0.005,-0.000256734087650889));
#1874=CARTESIAN_POINT('',(-0.00838310879406444,0.00446238323533656,-0.000495399669314385));
#1875=CARTESIAN_POINT('',(-0.00835650940228308,0.00497775407117468,-0.000583170299595654));
#1876=CARTESIAN_POINT('',(-0.00885635231460934,0.00495820359354996,-0.000770621707822376));
#1877=CARTESIAN_POINT('',(-0.00810563446511514,0.00432713491895627,-0.000906896703926168));
#1878=CARTESIAN_POINT('',(-0.00799858192577131,0.004915440112623,-0.00101710453455684));
#1879=CARTESIAN_POINT('',(-0.00846788825038492,0.00480792768807163,-0.00141072820610737));
#1880=CARTESIAN_POINT('',(-0.00769479446722272,0.00418703473436246,-0.00118317256978563));
#1881=CARTESIAN_POINT('',(-0.00756218164481802,0.00489183759548344,-0.00122615810673576));
#1882=CARTESIAN_POINT('',(-0.00789271225429778,0.00465226081585699,-0.00184049066411098));
#1883=CARTESIAN_POINT('',(-0.00719972835544402,0.00412508977149858,-0.0012835210625209));
#1884=CARTESIAN_POINT('',(-0.00719985464864463,0.0049036403110796,-0.00126262820809361));
#1885=CARTESIAN_POINT('',(-0.00719961969765399,0.00458343307950562,-0.00199658831947695));
#1886=CARTESIAN_POINT('',(-0.00670394548185096,0.00418729232425791,-0.00118274281301955));
#1887=CARTESIAN_POINT('',(-0.00683675857785933,0.00489181153545744,-0.0012259724714164));
#1888=CARTESIAN_POINT('',(-0.00650552367427592,0.0046525470268035,-0.00183982215358597));
#1889=CARTESIAN_POINT('',(-0.00629342597338919,0.00432756961825718,-0.00090589426632969));
#1890=CARTESIAN_POINT('',(-0.0064002187619538,0.00491560438441966,-0.00101613562221026));
#1891=CARTESIAN_POINT('',(-0.00593079636397421,0.00480841068748861,-0.00140916885873507));
#1892=CARTESIAN_POINT('',(-0.00601688494086232,0.00446239864795006,-0.000494815271680388));
#1893=CARTESIAN_POINT('',(-0.00604343339549249,0.00497778311030104,-0.000582413543957906));
#1894=CARTESIAN_POINT('',(-0.00554363891260528,0.0049582207179495,-0.000769712644836159));
#1895=CARTESIAN_POINT('',(-0.00595,0.00449999999613218,-0.000165538466857769));
#1896=CARTESIAN_POINT('',(-0.00595000000932246,0.00499999999789868,-0.000191288930013824));
#1897=CARTESIAN_POINT('',(-0.00545000000991835,0.005,-0.000257504281778752));
#1898=CARTESIAN_POINT('',(-0.00595,0.0045,-5.87036859302338E-18));
#1899=CARTESIAN_POINT('',(-0.00595,0.005,-6.78693883749131E-18));
#1900=CARTESIAN_POINT('',(-0.00545,0.005,-9.16570244467934E-18));
#1901=CARTESIAN_POINT('',(-0.00545,0.0045,1.41020327689519E-20));
#1902=CARTESIAN_POINT('',(-0.00545,0.005,1.6090242599354E-20));
#1903=CARTESIAN_POINT('',(-0.00895000000000002,0.00500000000000001,-1.85630010426559E-18));
#1904=CARTESIAN_POINT('',(-0.00895000000000002,0.00500000000000001,-0.000488609495067778));
#1905=CARTESIAN_POINT('',(-0.00869277101966002,0.00487572468281974,-0.00121860979353925));
#1906=CARTESIAN_POINT('',(-0.0079337063741429,0.00465863916658775,-0.00182528709058431));
#1907=CARTESIAN_POINT('',(-0.00719732614444786,0.00458026614648212,-0.00200411566829858));
#1908=CARTESIAN_POINT('',(-0.00646639567251209,0.00465883867344414,-0.00182491096534126));
#1909=CARTESIAN_POINT('',(-0.00570555538289667,0.00487612925484142,-0.00121670898415729));
#1910=CARTESIAN_POINT('',(-0.00544999999999999,0.005,-0.00048981239554134));
#1911=CARTESIAN_POINT('',(-0.00544999999999999,0.005,-4.8781598852607E-19));
#1912=CARTESIAN_POINT('',(-0.00895,0.005,-1.63229586632916E-18));
#1913=CARTESIAN_POINT('',(-0.00895,0.0045,-1.46454179480824E-18));
#1914=CARTESIAN_POINT('',(-0.00845,0.0045,0.));
#1915=CARTESIAN_POINT('',(-0.00644308741147563,0.00427906726596658,-0.000994778032192782));
#1916=CARTESIAN_POINT('',(-0.00662450624345011,0.00421616952428683,-0.00113281706529666));
#1917=CARTESIAN_POINT('',(-0.00707222272739166,0.00410653557945548,-0.00131279340843202));
#1918=CARTESIAN_POINT('',(-0.00779631163255204,0.00419764209252482,-0.00117191942190198));
#1919=CARTESIAN_POINT('',(-0.00831068848825597,0.00442058144500486,-0.000700686520300066));
#1920=CARTESIAN_POINT('',(-0.00845000000000006,0.00450000000000003,-0.000235129727691577));
#1921=CARTESIAN_POINT('',(-0.00845000000000006,0.00450000000000003,-5.05781467381442E-18));
#1922=CARTESIAN_POINT('',(-0.0102,0.,0.0015));
#1923=CARTESIAN_POINT('',(-0.0102,0.,0.));
#1924=CARTESIAN_POINT('',(-0.00402005889999866,0.,0.));
#1925=CARTESIAN_POINT('',(-0.00402005889999866,0.003,0.));
#1926=CARTESIAN_POINT('',(-0.00402005889999866,-0.003,0.));
#1927=CARTESIAN_POINT('',(-0.0072,0.025,7.65404249467096E-20));
#1928=CARTESIAN_POINT('',(-0.00845,0.025,0.));
#1929=CARTESIAN_POINT('',(0.0072,0.025,1.99005104861445E-19));
#1930=CARTESIAN_POINT('',(0.00845,0.025,0.));
#1931=CARTESIAN_POINT('',(-0.0097,0.,0.));
#1932=CARTESIAN_POINT('',(-0.0097,0.0055,0.));
#1933=CARTESIAN_POINT('',(-0.0097,0.005,0.));
#1934=CARTESIAN_POINT('',(-0.0102,0.0055,0.));
#1935=CARTESIAN_POINT('',(-0.0097,0.,0.));
#1936=CARTESIAN_POINT('',(-0.0097,-0.005,0.));
#1937=CARTESIAN_POINT('',(-0.0097,-0.0055,0.));
#1938=CARTESIAN_POINT('',(-0.0102,-0.0055,0.));
#1939=CARTESIAN_POINT('',(-0.0102,0.,0.));
#1940=CARTESIAN_POINT('',(-0.0174,0.,0.00075));
#1941=CARTESIAN_POINT('',(-0.0174,0.,0.));
#1942=CARTESIAN_POINT('',(-0.0174,0.0015,0.));
#1943=CARTESIAN_POINT('',(-0.0174,-0.0015,0.));
#1944=CARTESIAN_POINT('',(-0.0174,0.,0.));
#1945=CARTESIAN_POINT('',(-0.0134,0.,0.));
#1946=CARTESIAN_POINT('',(-0.0134,-0.0035,0.));
#1947=CARTESIAN_POINT('',(-0.0134,-0.0015,0.));
#1948=CARTESIAN_POINT('',(-0.0114,-0.0035,0.));
#1949=CARTESIAN_POINT('',(-0.0134,0.,0.));
#1950=CARTESIAN_POINT('',(-0.0134,0.0015,0.));
#1951=CARTESIAN_POINT('',(-0.0134,0.0035,0.));
#1952=CARTESIAN_POINT('',(-0.0114,0.0035,0.));
#1953=CARTESIAN_POINT('',(-0.0114,0.,0.));
#1954=CARTESIAN_POINT('',(-0.00402005889999866,0.,0.));
#1955=CARTESIAN_POINT('',(-0.00402005889999866,0.0015,0.));
#1956=CARTESIAN_POINT('',(-0.00402005889999866,-0.0015,0.));
#1957=CARTESIAN_POINT('',(-0.0109,0.,0.));
#1958=CARTESIAN_POINT('',(-0.0109,0.,0.));
#1959=CARTESIAN_POINT('',(-0.0109,-0.007,0.));
#1960=CARTESIAN_POINT('',(-0.0109,0.007,0.));
#1961=CARTESIAN_POINT('',(-0.0109,-0.0065,0.));
#1962=CARTESIAN_POINT('',(-0.0114,-0.0065,0.));
#1963=CARTESIAN_POINT('',(-0.0114,0.,0.));
#1964=CARTESIAN_POINT('',(-0.0114,0.0065,0.));
#1965=CARTESIAN_POINT('',(-0.0109,0.0065,0.));
#1966=CARTESIAN_POINT('',(-0.0114,0.,0.005));
#1967=CARTESIAN_POINT('',(-0.0114,0.,0.));
#1968=CARTESIAN_POINT('',(-0.0114,0.,0.));
#1969=CARTESIAN_POINT('',(-0.0107,0.,0.));
#1970=CARTESIAN_POINT('',(-0.0107,0.,0.));
#1971=CARTESIAN_POINT('',(-0.0107,0.007,0.));
#1972=CARTESIAN_POINT('',(-0.0107,-0.007,0.));
#1973=CARTESIAN_POINT('',(-0.0107,0.0065,0.));
#1974=CARTESIAN_POINT('',(-0.0102,0.0065,0.));
#1975=CARTESIAN_POINT('',(-0.0102,0.,0.));
#1976=CARTESIAN_POINT('',(-0.0102,-0.0065,0.));
#1977=CARTESIAN_POINT('',(-0.0107,-0.0065,0.));
#1978=CARTESIAN_POINT('',(-0.00402005889999866,0.,0.));
#1979=CARTESIAN_POINT('',(-0.00402005889999866,0.007,0.));
#1980=CARTESIAN_POINT('',(-0.00402005889999866,-0.007,0.));
#1981=CARTESIAN_POINT('',(-0.0102,0.,0.006));
#1982=CARTESIAN_POINT('',(-0.0102,0.,0.));
#1983=CARTESIAN_POINT('',(-0.0102,0.,0.));
#1984=CARTESIAN_POINT('',(-0.0047,0.,0.));
#1985=CARTESIAN_POINT('',(-0.0047,-0.0055,0.));
#1986=CARTESIAN_POINT('',(-0.0047,-0.005,0.));
#1987=CARTESIAN_POINT('',(-0.0042,-0.0055,0.));
#1988=CARTESIAN_POINT('',(-0.0047,0.,0.));
#1989=CARTESIAN_POINT('',(-0.0047,0.005,0.));
#1990=CARTESIAN_POINT('',(-0.0047,0.0055,0.));
#1991=CARTESIAN_POINT('',(-0.0042,0.0055,0.));
#1992=CARTESIAN_POINT('',(-0.0042,0.,0.));
#1993=CARTESIAN_POINT('',(-0.00402005889999866,0.,0.));
#1994=CARTESIAN_POINT('',(-0.00402005889999866,0.005,0.));
#1995=CARTESIAN_POINT('',(-0.00402005889999866,-0.005,0.));
#1996=CARTESIAN_POINT('',(-0.00402005889999866,0.005,0.));
#1997=CARTESIAN_POINT('',(-0.0037,0.,0.));
#1998=CARTESIAN_POINT('',(-0.0037,0.,0.));
#1999=CARTESIAN_POINT('',(-0.0037,-0.007,0.));
#2000=CARTESIAN_POINT('',(-0.0037,0.007,0.));
#2001=CARTESIAN_POINT('',(-0.0037,-0.0065,0.));
#2002=CARTESIAN_POINT('',(-0.0042,-0.0065,0.));
#2003=CARTESIAN_POINT('',(-0.0042,0.,0.));
#2004=CARTESIAN_POINT('',(-0.0042,0.0065,0.));
#2005=CARTESIAN_POINT('',(-0.0037,0.0065,0.));
#2006=CARTESIAN_POINT('',(-0.0042,0.,0.006));
#2007=CARTESIAN_POINT('',(-0.0042,0.,0.));
#2008=CARTESIAN_POINT('',(-0.0042,0.,0.));
#2009=CARTESIAN_POINT('',(-0.0035,0.,0.));
#2010=CARTESIAN_POINT('',(-0.0035,0.,0.));
#2011=CARTESIAN_POINT('',(-0.0035,0.007,0.));
#2012=CARTESIAN_POINT('',(-0.0035,-0.007,0.));
#2013=CARTESIAN_POINT('',(-0.0035,0.0065,0.));
#2014=CARTESIAN_POINT('',(-0.003,0.0065,0.));
#2015=CARTESIAN_POINT('',(-0.003,0.,0.));
#2016=CARTESIAN_POINT('',(-0.003,-0.0065,0.));
#2017=CARTESIAN_POINT('',(-0.0035,-0.0065,0.));
#2018=CARTESIAN_POINT('',(-0.00402005889999866,0.,0.));
#2019=CARTESIAN_POINT('',(-0.00402005889999866,0.007,0.));
#2020=CARTESIAN_POINT('',(-0.00402005889999866,-0.007,0.));
#2021=CARTESIAN_POINT('',(-0.003,0.,0.006));
#2022=CARTESIAN_POINT('',(-0.003,0.,0.));
#2023=CARTESIAN_POINT('',(-0.003,0.,0.));
#2024=CARTESIAN_POINT('',(0.0025,0.,0.));
#2025=CARTESIAN_POINT('',(0.0025,-0.0055,0.));
#2026=CARTESIAN_POINT('',(0.0025,-0.005,0.));
#2027=CARTESIAN_POINT('',(0.003,-0.0055,0.));
#2028=CARTESIAN_POINT('',(0.0025,0.,0.));
#2029=CARTESIAN_POINT('',(0.003,0.,0.));
#2030=CARTESIAN_POINT('',(-0.00402005889999866,0.,0.));
#2031=CARTESIAN_POINT('',(-0.00402005889999866,-0.005,0.));
#2032=CARTESIAN_POINT('',(-0.00402005889999866,0.005,0.));
#2033=CARTESIAN_POINT('',(0.0035,0.,0.));
#2034=CARTESIAN_POINT('',(0.0035,0.,0.));
#2035=CARTESIAN_POINT('',(0.0035,-0.007,0.));
#2036=CARTESIAN_POINT('',(0.0035,-0.0065,0.));
#2037=CARTESIAN_POINT('',(0.003,-0.0065,0.));
#2038=CARTESIAN_POINT('',(0.003,0.,0.));
#2039=CARTESIAN_POINT('',(0.003,0.,0.006));
#2040=CARTESIAN_POINT('',(0.003,0.,0.));
#2041=CARTESIAN_POINT('',(-0.00402005889999866,0.,0.));
#2042=CARTESIAN_POINT('',(-0.00402005889999866,-0.007,0.));
#2043=CARTESIAN_POINT('',(0.0042,0.,0.006));
#2044=CARTESIAN_POINT('',(0.0042,0.,0.));
#2045=CARTESIAN_POINT('',(-0.00402005889999866,0.,0.));
#2046=CARTESIAN_POINT('',(-0.00402005889999866,0.005,0.));
#2047=CARTESIAN_POINT('',(-0.00402005889999866,-0.005,0.));
#2048=CARTESIAN_POINT('',(0.0107,0.,0.));
#2049=CARTESIAN_POINT('',(0.0102,0.,0.));
#2050=CARTESIAN_POINT('',(0.0102,0.0065,0.));
#2051=CARTESIAN_POINT('',(0.0102,-0.0065,0.));
#2052=CARTESIAN_POINT('',(0.0107,0.0065,0.));
#2053=CARTESIAN_POINT('',(0.0107,0.007,0.));
#2054=CARTESIAN_POINT('',(0.0107,0.,0.));
#2055=CARTESIAN_POINT('',(0.0107,-0.007,0.));
#2056=CARTESIAN_POINT('',(0.0107,-0.0065,0.));
#2057=CARTESIAN_POINT('',(0.0102,0.,0.006));
#2058=CARTESIAN_POINT('',(0.0102,0.,0.));
#2059=CARTESIAN_POINT('',(0.0102,0.,0.));
#2060=CARTESIAN_POINT('',(-0.00402005889999866,0.,0.));
#2061=CARTESIAN_POINT('',(-0.00402005889999866,0.007,0.));
#2062=CARTESIAN_POINT('',(-0.00402005889999866,-0.007,0.));
#2063=CARTESIAN_POINT('',(0.0114,0.,0.005));
#2064=CARTESIAN_POINT('',(0.0114,0.,0.));
#2065=CARTESIAN_POINT('',(0.0114,0.,0.));
#2066=CARTESIAN_POINT('',(-0.00402005889999866,0.,0.));
#2067=CARTESIAN_POINT('',(-0.00402005889999866,0.0015,0.));
#2068=CARTESIAN_POINT('',(0.0174,0.0015,0.));
#2069=CARTESIAN_POINT('',(0.0174,0.,0.));
#2070=CARTESIAN_POINT('',(0.0174,-0.0015,0.));
#2071=CARTESIAN_POINT('',(-0.00402005889999866,-0.0015,0.));
#2072=CARTESIAN_POINT('',(0.0174,0.,0.00075));
#2073=CARTESIAN_POINT('',(0.0174,0.,0.));
#2074=CARTESIAN_POINT('',(0.,0.,0.));
#2075=CARTESIAN_POINT('',(0.,0.,0.));
#2076=MECHANICAL_DESIGN_GEOMETRIC_PRESENTATION_REPRESENTATION('',(#993),
#2077);
#2077=(
GEOMETRIC_REPRESENTATION_CONTEXT(3)
GLOBAL_UNCERTAINTY_ASSIGNED_CONTEXT((#2078))
GLOBAL_UNIT_ASSIGNED_CONTEXT((#2081,#2080,#2079))
REPRESENTATION_CONTEXT('Drum Small RH','TOP_LEVEL_ASSEMBLY_PART')
);
#2078=UNCERTAINTY_MEASURE_WITH_UNIT(LENGTH_MEASURE(2.E-5),#2081,
'DISTANCE_ACCURACY_VALUE','Maximum Tolerance applied to model');
#2079=(
NAMED_UNIT(*)
SI_UNIT($,.STERADIAN.)
SOLID_ANGLE_UNIT()
);
#2080=(
NAMED_UNIT(*)
PLANE_ANGLE_UNIT()
SI_UNIT($,.RADIAN.)
);
#2081=(
LENGTH_UNIT()
NAMED_UNIT(*)
SI_UNIT($,.METRE.)
);
#2082=PRODUCT_DEFINITION_SHAPE('','',#2083);
#2083=PRODUCT_DEFINITION('','',#2085,#2084);
#2084=PRODUCT_DEFINITION_CONTEXT('',#2091,'design');
#2085=PRODUCT_DEFINITION_FORMATION_WITH_SPECIFIED_SOURCE('','',#2087,
 .NOT_KNOWN.);
#2086=PRODUCT_RELATED_PRODUCT_CATEGORY('','',(#2087));
#2087=PRODUCT('Drum Small RH','Drum Small RH','Drum Small RH',(#2089));
#2088=PRODUCT_CATEGORY('','');
#2089=PRODUCT_CONTEXT('',#2091,'mechanical');
#2090=APPLICATION_PROTOCOL_DEFINITION('international standard',
'ap242_managed_model_based_3d_engineering',2020,#2091);
#2091=APPLICATION_CONTEXT('managed model based 3d engineering');
ENDSEC;
END-ISO-10303-21;
